INSERT INTO juror_mod.pool (pool_no,"owner",return_date,no_requested,pool_type,loc_code,new_request,last_update,additional_summons,attend_time,nil_pool,total_no_required,date_created) VALUES
    ('101','400','2022-05-03',5,'CRO','448','N',NULL,NULL,NULL,false,5,NULL);
INSERT INTO juror_mod.juror (juror_number,poll_number,title,last_name,first_name,dob,address_line_1,address_line_2,address_line_3,address_line_4,address_line_5,postcode,h_phone,w_phone,w_ph_local,responded,date_excused,excusal_code,acc_exc,date_disq,disq_code,user_edtq,notes,no_def_pos,perm_disqual,reasonable_adj_code,reasonable_adj_msg,smart_card_number,completion_date,sort_code,bank_acct_name,bank_acct_no,bldg_soc_roll_no,welsh,police_check,last_update,summons_file,m_phone,h_email,contact_preference,notifications,date_created,optic_reference,pending_title,pending_first_name,pending_last_name,mileage,financial_loss,travel_time,bureau_transfer_date,claiming_subsistence_allowance,service_comp_comms_status,login_attempts,is_locked) VALUES
                                                                                                                                                                                                                                                                                                                                                                                                                                                                                                                                                                                                                                                                                                                                                                        ('111111000','0','Prof','Rao','Frank','1983-03-23 00:00:00','1 Test Street','Wales','Wrexham','United Kingdom',NULL,'LL130BH','44197101-1110','44197201-1110',NULL,false,NULL,NULL,NULL,NULL,NULL,NULL,NULL,NULL,false,NULL,NULL,NULL,NULL,NULL,NULL,NULL,NULL,false,'NOT_CHECKED','2024-03-12 12:29:43',NULL,'44776-301-1110','Rao0@email.com',0,0,'2024-03-12 12:29:43',NULL,NULL,NULL,NULL,NULL,NULL,NULL,NULL,false,NULL,0,false),
                                                                                                                                                                                                                                                                                                                                                                                                                                                                                                                                                                                                                                                                                                                                                                        ('111111001','1','Prof','Hawkesworth','Angel','1978-03-20 00:00:00','2 Test Street','England','Bowness-on-Windermere','United Kingdom',NULL,'LA233HQ','44182101-1111','44182201-1111',NULL,false,NULL,NULL,NULL,NULL,NULL,NULL,NULL,NULL,false,NULL,NULL,NULL,NULL,NULL,NULL,NULL,NULL,false,'NOT_CHECKED','2024-03-12 12:29:43',NULL,'44776-301-1111','Hawkesworth1@email.com',0,0,'2024-03-12 12:29:43',NULL,NULL,NULL,NULL,NULL,NULL,NULL,NULL,false,NULL,0,false),
                                                                                                                                                                                                                                                                                                                                                                                                                                                                                                                                                                                                                                                                                                                                                                        ('111111002','2','Mr','Sak','Christopher','1962-01-14 00:00:00','3 Test Street','Scotland','Invergordon','United Kingdom',NULL,'IV180AL','44134101-1112','44134201-1112',NULL,false,NULL,NULL,NULL,NULL,NULL,NULL,NULL,NULL,false,NULL,NULL,NULL,NULL,NULL,NULL,NULL,NULL,false,'NOT_CHECKED','2024-03-12 12:29:43',NULL,'44776-301-1112','Sak2@email.com',0,0,'2024-03-12 12:29:43',NULL,NULL,NULL,NULL,NULL,NULL,NULL,NULL,false,NULL,0,false),
                                                                                                                                                                                                                                                                                                                                                                                                                                                                                                                                                                                                                                                                                                                                                                        ('111111003','3','Dr','Watson','Nathan','1964-08-21 00:00:00','4 Test Street','England','Bowness-on-Windermere','United Kingdom',NULL,'LA233HQ','44182101-1113','44182201-1113',NULL,false,NULL,NULL,NULL,NULL,NULL,NULL,NULL,NULL,false,NULL,NULL,NULL,NULL,NULL,NULL,NULL,NULL,false,'NOT_CHECKED','2024-03-12 12:29:43',NULL,'44776-301-1113','Watson3@email.com',0,0,'2024-03-12 12:29:43',NULL,NULL,NULL,NULL,NULL,NULL,NULL,NULL,false,NULL,0,false),
                                                                                                                                                                                                                                                                                                                                                                                                                                                                                                                                                                                                                                                                                                                                                                        ('111111004','4','Dr','Threadgill','Jeffrey','1967-04-13 00:00:00','5 Test Street','Scotland','Invergordon','United Kingdom',NULL,'IV180AL','44134101-1114','44134201-1114',NULL,false,NULL,NULL,NULL,NULL,NULL,NULL,NULL,NULL,false,NULL,NULL,NULL,NULL,NULL,NULL,NULL,NULL,false,'NOT_CHECKED','2024-03-12 12:29:43',NULL,'44776-301-1114','Threadgill4@email.com',0,0,'2024-03-12 12:29:43',NULL,NULL,NULL,NULL,NULL,NULL,NULL,NULL,false,NULL,0,false),
                                                                                                                                                                                                                                                                                                                                                                                                                                                                                                                                                                                                                                                                                                                                                                        ('111111005','5','Rev','Fragoso','Clarence','1985-03-05 00:00:00','6 Test Street','England','Bowness-on-Windermere','United Kingdom',NULL,'LA233HQ','44182101-1115','44182201-1115',NULL,false,NULL,NULL,NULL,NULL,NULL,NULL,NULL,NULL,false,NULL,NULL,NULL,NULL,NULL,NULL,NULL,NULL,false,'NOT_CHECKED','2024-03-12 12:29:43',NULL,'44776-301-1115','Fragoso5@email.com',0,0,'2024-03-12 12:29:43',NULL,NULL,NULL,NULL,NULL,NULL,NULL,NULL,false,NULL,0,false);
INSERT INTO juror_mod.juror_pool (juror_number,pool_number,"owner",user_edtq,is_active,status,times_sel,def_date,"location",no_attendances,no_attended,no_fta,no_awol,pool_seq,edit_tag,next_date,on_call,smart_card,was_deferred,deferral_code,id_checked,postpone,paid_cash,scan_code,last_update,reminder_sent,transfer_date,date_created) VALUES
                                                                                                                                                                                                                                                                                                                                                  ('111111000','101','400',NULL,true,1,NULL,NULL,NULL,NULL,NULL,NULL,NULL,NULL,NULL,NULL,false,NULL,false,NULL,NULL,false,false,NULL,'2024-03-12 12:29:43',false,NULL,NULL),
                                                                                                                                                                                                                                                                                                                                                  ('111111001','101','400',NULL,true,1,NULL,NULL,NULL,NULL,NULL,NULL,NULL,NULL,NULL,NULL,false,NULL,false,NULL,NULL,false,false,NULL,'2024-03-12 12:29:43',false,NULL,NULL),
                                                                                                                                                                                                                                                                                                                                                  ('111111002','101','400',NULL,true,1,NULL,NULL,NULL,NULL,NULL,NULL,NULL,NULL,NULL,NULL,false,NULL,false,NULL,NULL,false,false,NULL,'2024-03-12 12:29:43',false,NULL,NULL),
                                                                                                                                                                                                                                                                                                                                                  ('111111003','101','400',NULL,true,1,NULL,NULL,NULL,NULL,NULL,NULL,NULL,NULL,NULL,NULL,false,NULL,false,NULL,NULL,false,false,NULL,'2024-03-12 12:29:43',false,NULL,NULL),
                                                                                                                                                                                                                                                                                                                                                  ('111111004','101','400',NULL,true,1,NULL,NULL,NULL,NULL,NULL,NULL,NULL,NULL,NULL,NULL,false,NULL,false,NULL,NULL,false,false,NULL,'2024-03-12 12:29:43',false,NULL,NULL),
                                                                                                                                                                                                                                                                                                                                                  ('111111005','101','400',NULL,true,1,NULL,NULL,NULL,NULL,NULL,NULL,NULL,NULL,NULL,NULL,false,NULL,false,NULL,NULL,false,false,NULL,'2024-03-12 12:29:43',false,NULL,NULL);
INSERT INTO juror_mod.juror_response (juror_number,date_received,title,first_name,last_name,address_line_1,address_line_2,address_line_3,address_line_4,address_line_5,postcode,processing_status,date_of_birth,phone_number,alt_phone_number,email,residency,residency_detail,mental_health_act,mental_health_capacity,mental_health_act_details,bail,bail_details,convictions,convictions_details,deferral,deferral_reason,deferral_date,reasonable_adjustments_arrangements,excusal,excusal_reason,processing_complete,signed,"version",thirdparty_fname,thirdparty_lname,relationship,main_phone,other_phone,email_address,thirdparty_reason,thirdparty_other_reason,juror_phone_details,juror_email_details,staff_login,staff_assignment_date,urgent,completed_at,welsh,reply_type) VALUES
                                                                                                                                                                                                                                                                                                                                                                                                                                                                                                                                                                                                                                                                                                                                                                                                          ('111111000','2024-03-12 00:00:00','Prof','Frank','Rao','1 Test Street','Wales','Wrexham','United Kingdom',NULL,'LL130BH','TODO',NULL,NULL,NULL,NULL,false,NULL,false,NULL,NULL,false,NULL,false,NULL,NULL,NULL,NULL,NULL,NULL,NULL,false,NULL,0,NULL,NULL,NULL,NULL,NULL,NULL,NULL,NULL,true,true,NULL,NULL,false,NULL,false,'Digital'),
                                                                                                                                                                                                                                                                                                                                                                                                                                                                                                                                                                                                                                                                                                                                                                                                          ('111111001','2024-03-11 23:59:00','Prof','Angel','Hawkesworth','2 Test Street','England','Bowness-on-Windermere','United Kingdom',NULL,'LA233HQ','TODO',NULL,NULL,NULL,NULL,false,NULL,false,NULL,NULL,false,NULL,false,NULL,NULL,NULL,NULL,NULL,NULL,NULL,false,NULL,0,NULL,NULL,NULL,NULL,NULL,NULL,NULL,NULL,true,true,NULL,NULL,false,NULL,false,'Digital'),
                                                                                                                                                                                                                                                                                                                                                                                                                                                                                                                                                                                                                                                                                                                                                                                                          ('111111002','2024-03-11 23:58:00','Mr','Christopher','Sak','3 Test Street','Scotland','Invergordon','United Kingdom',NULL,'IV180AL','TODO',NULL,NULL,NULL,NULL,false,NULL,false,NULL,NULL,false,NULL,false,NULL,NULL,NULL,NULL,NULL,NULL,NULL,false,NULL,0,NULL,NULL,NULL,NULL,NULL,NULL,NULL,NULL,true,true,NULL,NULL,false,NULL,false,'Digital'),
                                                                                                                                                                                                                                                                                                                                                                                                                                                                                                                                                                                                                                                                                                                                                                                                          ('111111003','2024-03-11 23:57:00','Dr','Nathan','Watson','4 Test Street','England','Bowness-on-Windermere','United Kingdom',NULL,'LA233HQ','TODO',NULL,NULL,NULL,NULL,false,NULL,false,NULL,NULL,false,NULL,false,NULL,NULL,NULL,NULL,NULL,NULL,NULL,false,NULL,0,NULL,NULL,NULL,NULL,NULL,NULL,NULL,NULL,true,true,NULL,NULL,false,NULL,false,'Digital'),
                                                                                                                                                                                                                                                                                                                                                                                                                                                                                                                                                                                                                                                                                                                                                                                                          ('111111004','2024-03-11 23:56:00','Dr','Jeffrey','Threadgill','5 Test Street','Scotland','Invergordon','United Kingdom',NULL,'IV180AL','TODO',NULL,NULL,NULL,NULL,false,NULL,false,NULL,NULL,false,NULL,false,NULL,NULL,NULL,NULL,NULL,NULL,NULL,false,NULL,0,NULL,NULL,NULL,NULL,NULL,NULL,NULL,NULL,true,true,NULL,NULL,false,NULL,false,'Digital'),
                                                                                                                                                                                                                                                                                                                                                                                                                                                                                                                                                                                                                                                                                                                                                                                                          ('111111005','2024-03-11 23:55:00','Rev','Clarence','Fragoso','6 Test Street','England','Bowness-on-Windermere','United Kingdom',NULL,'LA233HQ','TODO',NULL,NULL,NULL,NULL,false,NULL,false,NULL,NULL,false,NULL,false,NULL,NULL,NULL,NULL,NULL,NULL,NULL,false,NULL,0,NULL,NULL,NULL,NULL,NULL,NULL,NULL,NULL,true,true,NULL,NULL,false,NULL,false,'Digital');
