--Staff
INSERT INTO juror_mod.users (username,user_type,email, name, active,team_id,version)
VALUES
    ('smcintyre','BUREAU','smcintyre@email.gov.uk', 'Stephanie Mcintyre',  true, 1, 1),
    ('sbell','BUREAU','sbell@email.gov.uk', 'Sandra Bell',  true, 2, 1),
    ('alineweaver','BUREAU','alineweaver@email.gov.uk', 'Albert Lineweaver', true, 3, 1),
    ('jbrown1','BUREAU','jbrown1@email.gov.uk', 'Jared Brown', true, 1, 1),
    ('jwilliams','BUREAU','jwilliams@email.gov.uk', 'Jeremy Williams', true, 2, 1),
    ('jbrown','BUREAU','jbrown@email.gov.uk', 'John Brown', true, 3, 1);


insert into juror_mod.user_courts (username, loc_code)
values
    ('smcintyre', '400'),
    ('sbell', '400'),
    ('alineweaver', '400'),
    ('jbrown1', '400'),
    ('jwilliams', '400'),
    ('jbrown', '400');

INSERT INTO juror_mod.user_roles (username, role)
VALUES ('jbrown1', 'TEAM_LEADER'),
       ('jwilliams', 'TEAM_LEADER'),
       ('jbrown', 'TEAM_LEADER');

INSERT INTO juror_mod.pool (pool_no,"owner",return_date,no_requested,pool_type,loc_code,new_request,last_update,additional_summons,attend_time,nil_pool,total_no_required,date_created) VALUES
    ('101','415','2022-05-03',5,'CRO','416','N',NULL,NULL,NULL,false,5,NULL);
INSERT INTO juror_mod.juror (juror_number,poll_number,title,last_name,first_name,dob,address_line_1,address_line_2,address_line_3,address_line_4,address_line_5,postcode,h_phone,w_phone,w_ph_local,responded,date_excused,excusal_code,acc_exc,date_disq,disq_code,user_edtq,notes,no_def_pos,perm_disqual,reasonable_adj_code,reasonable_adj_msg,smart_card_number,completion_date,sort_code,bank_acct_name,bank_acct_no,bldg_soc_roll_no,welsh,police_check,last_update,summons_file,m_phone,h_email,contact_preference,notifications,date_created,optic_reference,pending_title,pending_first_name,pending_last_name,mileage,financial_loss,travel_time,bureau_transfer_date,claiming_subsistence_allowance,service_comp_comms_status,login_attempts,is_locked) VALUES
                                                                                                                                                                                                                                                                                                                                                                                                                                                                                                                                                                                                                                                                                                                                                                        ('111111000','0','Dr','Clements','Ray','1960-04-15 00:00:00','1 Test Street','Scotland','Ochiltree','United Kingdom',NULL,'KA182NT','44120101-1110','44120201-1110',NULL,false,NULL,NULL,NULL,NULL,NULL,NULL,NULL,NULL,false,NULL,NULL,NULL,NULL,NULL,NULL,NULL,NULL,false,'NOT_CHECKED','2024-03-12 10:45:41',NULL,'44776-301-1110','Clements0@email.com',0,0,'2024-03-12 10:45:41',NULL,NULL,NULL,NULL,NULL,NULL,NULL,NULL,false,NULL,0,false),
                                                                                                                                                                                                                                                                                                                                                                                                                                                                                                                                                                                                                                                                                                                                                                        ('111111001','1','Ms','Makowski','Sheri','1995-06-27 00:00:00','2 Test Street','Scotland','Ochiltree','United Kingdom',NULL,'KA182NT','44120101-1111','44120201-1111',NULL,false,NULL,NULL,NULL,NULL,NULL,NULL,NULL,NULL,false,NULL,NULL,NULL,NULL,NULL,NULL,NULL,NULL,false,'NOT_CHECKED','2024-03-12 10:45:41',NULL,'44776-301-1111','Makowski1@email.com',0,0,'2024-03-12 10:45:41',NULL,NULL,NULL,NULL,NULL,NULL,NULL,NULL,false,NULL,0,false),
                                                                                                                                                                                                                                                                                                                                                                                                                                                                                                                                                                                                                                                                                                                                                                        ('111111002','2','Mrs','Johansen','Kristina','1963-05-06 00:00:00','3 Test Street','Scotland','Ochiltree','United Kingdom',NULL,'KA182NT','44120101-1112','44120201-1112',NULL,false,NULL,NULL,NULL,NULL,NULL,NULL,NULL,NULL,false,NULL,NULL,NULL,NULL,NULL,NULL,NULL,NULL,false,'NOT_CHECKED','2024-03-12 10:45:41',NULL,'44776-301-1112','Johansen2@email.com',0,0,'2024-03-12 10:45:41',NULL,NULL,NULL,NULL,NULL,NULL,NULL,NULL,false,NULL,0,false),
                                                                                                                                                                                                                                                                                                                                                                                                                                                                                                                                                                                                                                                                                                                                                                        ('111111003','3','Dr','Eck','Louis','1986-11-21 00:00:00','4 Test Street','Scotland','Ochiltree','United Kingdom',NULL,'KA182NT','44120101-1113','44120201-1113',NULL,false,NULL,NULL,NULL,NULL,NULL,NULL,NULL,NULL,false,NULL,NULL,NULL,NULL,NULL,NULL,NULL,NULL,false,'NOT_CHECKED','2024-03-12 10:45:41',NULL,'44776-301-1113','Eck3@email.com',0,0,'2024-03-12 10:45:41',NULL,NULL,NULL,NULL,NULL,NULL,NULL,NULL,false,NULL,0,false),
                                                                                                                                                                                                                                                                                                                                                                                                                                                                                                                                                                                                                                                                                                                                                                        ('111111004','4','Dr','Haynes','Dawn','1993-08-25 00:00:00','5 Test Street','Scotland','Ochiltree','United Kingdom',NULL,'KA182NT','44120101-1114','44120201-1114',NULL,false,NULL,NULL,NULL,NULL,NULL,NULL,NULL,NULL,false,NULL,NULL,NULL,NULL,NULL,NULL,NULL,NULL,false,'NOT_CHECKED','2024-03-12 10:45:41',NULL,'44776-301-1114','Haynes4@email.com',0,0,'2024-03-12 10:45:41',NULL,NULL,NULL,NULL,NULL,NULL,NULL,NULL,false,NULL,0,false),
                                                                                                                                                                                                                                                                                                                                                                                                                                                                                                                                                                                                                                                                                                                                                                        ('111111005','5','Miss','Rodriguez','Helen','1974-04-02 00:00:00','6 Test Street','Scotland','Ochiltree','United Kingdom',NULL,'KA182NT','44120101-1115','44120201-1115',NULL,false,NULL,NULL,NULL,NULL,NULL,NULL,NULL,NULL,false,NULL,NULL,NULL,NULL,NULL,NULL,NULL,NULL,false,'NOT_CHECKED','2024-03-12 10:45:41',NULL,'44776-301-1115','Rodriguez5@email.com',0,0,'2024-03-12 10:45:41',NULL,NULL,NULL,NULL,NULL,NULL,NULL,NULL,false,NULL,0,false),
                                                                                                                                                                                                                                                                                                                                                                                                                                                                                                                                                                                                                                                                                                                                                                        ('111111006','6','Mr','Hernandez','Kenneth','1982-09-23 00:00:00','7 Test Street','Scotland','Ochiltree','United Kingdom',NULL,'KA182NT','44120101-1116','44120201-1116',NULL,false,NULL,NULL,NULL,NULL,NULL,NULL,NULL,NULL,false,NULL,NULL,NULL,NULL,NULL,NULL,NULL,NULL,false,'NOT_CHECKED','2024-03-12 10:45:41',NULL,'44776-301-1116','Hernandez6@email.com',0,0,'2024-03-12 10:45:41',NULL,NULL,NULL,NULL,NULL,NULL,NULL,NULL,false,NULL,0,false),
                                                                                                                                                                                                                                                                                                                                                                                                                                                                                                                                                                                                                                                                                                                                                                        ('111111007','7','Miss','Cordova','Brenda','1974-10-17 00:00:00','8 Test Street','Scotland','Ochiltree','United Kingdom',NULL,'KA182NT','44120101-1117','44120201-1117',NULL,false,NULL,NULL,NULL,NULL,NULL,NULL,NULL,NULL,false,NULL,NULL,NULL,NULL,NULL,NULL,NULL,NULL,false,'NOT_CHECKED','2024-03-12 10:45:41',NULL,'44776-301-1117','Cordova7@email.com',0,0,'2024-03-12 10:45:41',NULL,NULL,NULL,NULL,NULL,NULL,NULL,NULL,false,NULL,0,false),
                                                                                                                                                                                                                                                                                                                                                                                                                                                                                                                                                                                                                                                                                                                                                                        ('111111008','8','Rev','Giem','Joel','1988-10-19 00:00:00','9 Test Street','Scotland','Ochiltree','United Kingdom',NULL,'KA182NT','44120101-1118','44120201-1118',NULL,false,NULL,NULL,NULL,NULL,NULL,NULL,NULL,NULL,false,NULL,NULL,NULL,NULL,NULL,NULL,NULL,NULL,false,'NOT_CHECKED','2024-03-12 10:45:41',NULL,'44776-301-1118','Giem8@email.com',0,0,'2024-03-12 10:45:41',NULL,NULL,NULL,NULL,NULL,NULL,NULL,NULL,false,NULL,0,false),
                                                                                                                                                                                                                                                                                                                                                                                                                                                                                                                                                                                                                                                                                                                                                                        ('111111009','9','Dr','Owen','Stanley','1977-04-09 00:00:00','10 Test Street','Scotland','Ochiltree','United Kingdom',NULL,'KA182NT','44120101-1119','44120201-1119',NULL,false,NULL,NULL,NULL,NULL,NULL,NULL,NULL,NULL,false,NULL,NULL,NULL,NULL,NULL,NULL,NULL,NULL,false,'NOT_CHECKED','2024-03-12 10:45:41',NULL,'44776-301-1119','Owen9@email.com',0,0,'2024-03-12 10:45:41',NULL,NULL,NULL,NULL,NULL,NULL,NULL,NULL,false,NULL,0,false),
                                                                                                                                                                                                                                                                                                                                                                                                                                                                                                                                                                                                                                                                                                                                                                        ('111111010','10','Prof','Baker','April','1969-08-15 00:00:00','11 Test Street','Scotland','Ochiltree','United Kingdom',NULL,'KA182NT','44120101-1120','44120201-1120',NULL,false,NULL,NULL,NULL,NULL,NULL,NULL,NULL,NULL,false,NULL,NULL,NULL,NULL,NULL,NULL,NULL,NULL,false,'NOT_CHECKED','2024-03-12 10:45:41',NULL,'44776-301-1120','Baker10@email.com',0,0,'2024-03-12 10:45:41',NULL,NULL,NULL,NULL,NULL,NULL,NULL,NULL,false,NULL,0,false),
                                                                                                                                                                                                                                                                                                                                                                                                                                                                                                                                                                                                                                                                                                                                                                        ('111111011','11','Dr','Newton','Jeff','1971-05-28 00:00:00','12 Test Street','Scotland','Ochiltree','United Kingdom',NULL,'KA182NT','44120101-1121','44120201-1121',NULL,false,NULL,NULL,NULL,NULL,NULL,NULL,NULL,NULL,false,NULL,NULL,NULL,NULL,NULL,NULL,NULL,NULL,false,'NOT_CHECKED','2024-03-12 10:45:41',NULL,'44776-301-1121','Newton11@email.com',0,0,'2024-03-12 10:45:41',NULL,NULL,NULL,NULL,NULL,NULL,NULL,NULL,false,NULL,0,false),
                                                                                                                                                                                                                                                                                                                                                                                                                                                                                                                                                                                                                                                                                                                                                                        ('111111012','12','Dr','Johnson','Efrain','1988-08-25 00:00:00','13 Test Street','Scotland','Ochiltree','United Kingdom',NULL,'KA182NT','44120101-1122','44120201-1122',NULL,false,NULL,NULL,NULL,NULL,NULL,NULL,NULL,NULL,false,NULL,NULL,NULL,NULL,NULL,NULL,NULL,NULL,false,'NOT_CHECKED','2024-03-12 10:45:41',NULL,'44776-301-1122','Johnson12@email.com',0,0,'2024-03-12 10:45:41',NULL,NULL,NULL,NULL,NULL,NULL,NULL,NULL,false,NULL,0,false),
                                                                                                                                                                                                                                                                                                                                                                                                                                                                                                                                                                                                                                                                                                                                                                        ('111111013','13','Miss','Heard','Michelle','1985-07-16 00:00:00','14 Test Street','Scotland','Ochiltree','United Kingdom',NULL,'KA182NT','44120101-1123','44120201-1123',NULL,false,NULL,NULL,NULL,NULL,NULL,NULL,NULL,NULL,false,NULL,NULL,NULL,NULL,NULL,NULL,NULL,NULL,false,'NOT_CHECKED','2024-03-12 10:45:41',NULL,'44776-301-1123','Heard13@email.com',0,0,'2024-03-12 10:45:41',NULL,NULL,NULL,NULL,NULL,NULL,NULL,NULL,false,NULL,0,false),
                                                                                                                                                                                                                                                                                                                                                                                                                                                                                                                                                                                                                                                                                                                                                                        ('111111014','14','Mr','Ferree','Joshua','1995-11-12 00:00:00','15 Test Street','Scotland','Ochiltree','United Kingdom',NULL,'KA182NT','44120101-1124','44120201-1124',NULL,false,NULL,NULL,NULL,NULL,NULL,NULL,NULL,NULL,false,NULL,NULL,NULL,NULL,NULL,NULL,NULL,NULL,false,'NOT_CHECKED','2024-03-12 10:45:41',NULL,'44776-301-1124','Ferree14@email.com',0,0,'2024-03-12 10:45:41',NULL,NULL,NULL,NULL,NULL,NULL,NULL,NULL,false,NULL,0,false),
                                                                                                                                                                                                                                                                                                                                                                                                                                                                                                                                                                                                                                                                                                                                                                        ('111111015','15','Mr','Smith','Richard','1972-08-13 00:00:00','16 Test Street','Scotland','Ochiltree','United Kingdom',NULL,'KA182NT','44120101-1125','44120201-1125',NULL,false,NULL,NULL,NULL,NULL,NULL,NULL,NULL,NULL,false,NULL,NULL,NULL,NULL,NULL,NULL,NULL,NULL,false,'NOT_CHECKED','2024-03-12 10:45:41',NULL,'44776-301-1125','Smith15@email.com',0,0,'2024-03-12 10:45:41',NULL,NULL,NULL,NULL,NULL,NULL,NULL,NULL,false,NULL,0,false),
                                                                                                                                                                                                                                                                                                                                                                                                                                                                                                                                                                                                                                                                                                                                                                        ('111111016','16','Mrs','Best','Irene','1965-04-18 00:00:00','17 Test Street','Scotland','Ochiltree','United Kingdom',NULL,'KA182NT','44120101-1126','44120201-1126',NULL,false,NULL,NULL,NULL,NULL,NULL,NULL,NULL,NULL,false,NULL,NULL,NULL,NULL,NULL,NULL,NULL,NULL,false,'NOT_CHECKED','2024-03-12 10:45:41',NULL,'44776-301-1126','Best16@email.com',0,0,'2024-03-12 10:45:41',NULL,NULL,NULL,NULL,NULL,NULL,NULL,NULL,false,NULL,0,false),
                                                                                                                                                                                                                                                                                                                                                                                                                                                                                                                                                                                                                                                                                                                                                                        ('111111017','17','Dr','Schamberger','Michelle','1984-08-09 00:00:00','18 Test Street','Scotland','Ochiltree','United Kingdom',NULL,'KA182NT','44120101-1127','44120201-1127',NULL,false,NULL,NULL,NULL,NULL,NULL,NULL,NULL,NULL,false,NULL,NULL,NULL,NULL,NULL,NULL,NULL,NULL,false,'NOT_CHECKED','2024-03-12 10:45:41',NULL,'44776-301-1127','Schamberger17@email.com',0,0,'2024-03-12 10:45:41',NULL,NULL,NULL,NULL,NULL,NULL,NULL,NULL,false,NULL,0,false),
                                                                                                                                                                                                                                                                                                                                                                                                                                                                                                                                                                                                                                                                                                                                                                        ('111111018','18','Mrs','Gullickson','Terry','1973-01-06 00:00:00','19 Test Street','Scotland','Ochiltree','United Kingdom',NULL,'KA182NT','44120101-1128','44120201-1128',NULL,false,NULL,NULL,NULL,NULL,NULL,NULL,NULL,NULL,false,NULL,NULL,NULL,NULL,NULL,NULL,NULL,NULL,false,'NOT_CHECKED','2024-03-12 10:45:41',NULL,'44776-301-1128','Gullickson18@email.com',0,0,'2024-03-12 10:45:41',NULL,NULL,NULL,NULL,NULL,NULL,NULL,NULL,false,NULL,0,false),
                                                                                                                                                                                                                                                                                                                                                                                                                                                                                                                                                                                                                                                                                                                                                                        ('111111019','19','Dr','Rueda','Edward','1974-03-22 00:00:00','20 Test Street','Scotland','Ochiltree','United Kingdom',NULL,'KA182NT','44120101-1129','44120201-1129',NULL,false,NULL,NULL,NULL,NULL,NULL,NULL,NULL,NULL,false,NULL,NULL,NULL,NULL,NULL,NULL,NULL,NULL,false,'NOT_CHECKED','2024-03-12 10:45:41',NULL,'44776-301-1129','Rueda19@email.com',0,0,'2024-03-12 10:45:41',NULL,NULL,NULL,NULL,NULL,NULL,NULL,NULL,false,NULL,0,false),
                                                                                                                                                                                                                                                                                                                                                                                                                                                                                                                                                                                                                                                                                                                                                                        ('111111020','0','Rev','Milne','Eleanor','1976-07-18 00:00:00','1 Test Street','Scotland','Strathaven','United Kingdom',NULL,'ML106AD','44135101-1110','44135201-1110',NULL,false,NULL,NULL,NULL,NULL,NULL,NULL,NULL,NULL,false,NULL,NULL,NULL,NULL,NULL,NULL,NULL,NULL,false,'NOT_CHECKED','2024-03-12 10:45:41',NULL,'44776-301-1110','Milne0@email.com',0,0,'2024-03-12 10:45:41',NULL,NULL,NULL,NULL,NULL,NULL,NULL,NULL,false,NULL,0,false);
INSERT INTO juror_mod.juror_pool (juror_number,pool_number,"owner",user_edtq,is_active,status,times_sel,def_date,"location",no_attendances,no_attended,no_fta,no_awol,pool_seq,edit_tag,next_date,on_call,smart_card,was_deferred,deferral_code,id_checked,postpone,paid_cash,scan_code,last_update,reminder_sent,transfer_date,date_created) VALUES
                                                                                                                                                                                                                                                                                                                                                  ('111111000','101','400',NULL,true,1,NULL,NULL,NULL,NULL,NULL,NULL,NULL,NULL,NULL,NULL,false,NULL,false,NULL,NULL,false,false,NULL,'2024-03-12 10:45:41',false,NULL,NULL),
                                                                                                                                                                                                                                                                                                                                                  ('111111001','101','400',NULL,true,1,NULL,NULL,NULL,NULL,NULL,NULL,NULL,NULL,NULL,NULL,false,NULL,false,NULL,NULL,false,false,NULL,'2024-03-12 10:45:41',false,NULL,NULL),
                                                                                                                                                                                                                                                                                                                                                  ('111111002','101','400',NULL,true,1,NULL,NULL,NULL,NULL,NULL,NULL,NULL,NULL,NULL,NULL,false,NULL,false,NULL,NULL,false,false,NULL,'2024-03-12 10:45:41',false,NULL,NULL),
                                                                                                                                                                                                                                                                                                                                                  ('111111003','101','400',NULL,true,1,NULL,NULL,NULL,NULL,NULL,NULL,NULL,NULL,NULL,NULL,false,NULL,false,NULL,NULL,false,false,NULL,'2024-03-12 10:45:41',false,NULL,NULL),
                                                                                                                                                                                                                                                                                                                                                  ('111111004','101','400',NULL,true,1,NULL,NULL,NULL,NULL,NULL,NULL,NULL,NULL,NULL,NULL,false,NULL,false,NULL,NULL,false,false,NULL,'2024-03-12 10:45:41',false,NULL,NULL),
                                                                                                                                                                                                                                                                                                                                                  ('111111005','101','400',NULL,true,1,NULL,NULL,NULL,NULL,NULL,NULL,NULL,NULL,NULL,NULL,false,NULL,false,NULL,NULL,false,false,NULL,'2024-03-12 10:45:41',false,NULL,NULL),
                                                                                                                                                                                                                                                                                                                                                  ('111111006','101','400',NULL,true,1,NULL,NULL,NULL,NULL,NULL,NULL,NULL,NULL,NULL,NULL,false,NULL,false,NULL,NULL,false,false,NULL,'2024-03-12 10:45:41',false,NULL,NULL),
                                                                                                                                                                                                                                                                                                                                                  ('111111007','101','400',NULL,true,1,NULL,NULL,NULL,NULL,NULL,NULL,NULL,NULL,NULL,NULL,false,NULL,false,NULL,NULL,false,false,NULL,'2024-03-12 10:45:41',false,NULL,NULL),
                                                                                                                                                                                                                                                                                                                                                  ('111111008','101','400',NULL,true,1,NULL,NULL,NULL,NULL,NULL,NULL,NULL,NULL,NULL,NULL,false,NULL,false,NULL,NULL,false,false,NULL,'2024-03-12 10:45:41',false,NULL,NULL),
                                                                                                                                                                                                                                                                                                                                                  ('111111009','101','400',NULL,true,1,NULL,NULL,NULL,NULL,NULL,NULL,NULL,NULL,NULL,NULL,false,NULL,false,NULL,NULL,false,false,NULL,'2024-03-12 10:45:41',false,NULL,NULL),
                                                                                                                                                                                                                                                                                                                                                  ('111111010','101','400',NULL,true,1,NULL,NULL,NULL,NULL,NULL,NULL,NULL,NULL,NULL,NULL,false,NULL,false,NULL,NULL,false,false,NULL,'2024-03-12 10:45:41',false,NULL,NULL),
                                                                                                                                                                                                                                                                                                                                                  ('111111011','101','400',NULL,true,1,NULL,NULL,NULL,NULL,NULL,NULL,NULL,NULL,NULL,NULL,false,NULL,false,NULL,NULL,false,false,NULL,'2024-03-12 10:45:41',false,NULL,NULL),
                                                                                                                                                                                                                                                                                                                                                  ('111111012','101','400',NULL,true,1,NULL,NULL,NULL,NULL,NULL,NULL,NULL,NULL,NULL,NULL,false,NULL,false,NULL,NULL,false,false,NULL,'2024-03-12 10:45:41',false,NULL,NULL),
                                                                                                                                                                                                                                                                                                                                                  ('111111013','101','400',NULL,true,1,NULL,NULL,NULL,NULL,NULL,NULL,NULL,NULL,NULL,NULL,false,NULL,false,NULL,NULL,false,false,NULL,'2024-03-12 10:45:41',false,NULL,NULL),
                                                                                                                                                                                                                                                                                                                                                  ('111111014','101','400',NULL,true,1,NULL,NULL,NULL,NULL,NULL,NULL,NULL,NULL,NULL,NULL,false,NULL,false,NULL,NULL,false,false,NULL,'2024-03-12 10:45:41',false,NULL,NULL),
                                                                                                                                                                                                                                                                                                                                                  ('111111015','101','400',NULL,true,1,NULL,NULL,NULL,NULL,NULL,NULL,NULL,NULL,NULL,NULL,false,NULL,false,NULL,NULL,false,false,NULL,'2024-03-12 10:45:41',false,NULL,NULL),
                                                                                                                                                                                                                                                                                                                                                  ('111111016','101','400',NULL,true,1,NULL,NULL,NULL,NULL,NULL,NULL,NULL,NULL,NULL,NULL,false,NULL,false,NULL,NULL,false,false,NULL,'2024-03-12 10:45:41',false,NULL,NULL),
                                                                                                                                                                                                                                                                                                                                                  ('111111017','101','400',NULL,true,1,NULL,NULL,NULL,NULL,NULL,NULL,NULL,NULL,NULL,NULL,false,NULL,false,NULL,NULL,false,false,NULL,'2024-03-12 10:45:41',false,NULL,NULL),
                                                                                                                                                                                                                                                                                                                                                  ('111111018','101','400',NULL,true,1,NULL,NULL,NULL,NULL,NULL,NULL,NULL,NULL,NULL,NULL,false,NULL,false,NULL,NULL,false,false,NULL,'2024-03-12 10:45:41',false,NULL,NULL),
                                                                                                                                                                                                                                                                                                                                                  ('111111019','101','400',NULL,true,1,NULL,NULL,NULL,NULL,NULL,NULL,NULL,NULL,NULL,NULL,false,NULL,false,NULL,NULL,false,false,NULL,'2024-03-12 10:45:41',false,NULL,NULL),
                                                                                                                                                                                                                                                                                                                                                  ('111111020','101','400',NULL,true,1,NULL,NULL,NULL,NULL,NULL,NULL,NULL,NULL,NULL,NULL,false,NULL,false,NULL,NULL,false,false,NULL,'2024-03-12 10:45:41',false,NULL,NULL);
INSERT INTO juror_mod.juror_response (juror_number,date_received,title,first_name,last_name,address_line_1,address_line_2,address_line_3,address_line_4,address_line_5,postcode,processing_status,date_of_birth,phone_number,alt_phone_number,email,residency,residency_detail,mental_health_act,mental_health_capacity,mental_health_act_details,bail,bail_details,convictions,convictions_details,deferral,deferral_reason,deferral_date,reasonable_adjustments_arrangements,excusal,excusal_reason,processing_complete,signed,"version",thirdparty_fname,thirdparty_lname,relationship,main_phone,other_phone,email_address,thirdparty_reason,thirdparty_other_reason,juror_phone_details,juror_email_details,staff_login,staff_assignment_date,urgent,super_urgent,completed_at,welsh,reply_type) VALUES
                                                                                                                                                                                                                                                                                                                                                                                                                                                                                                                                                                                                                                                                                                                                                                                                          ('111111000','2024-03-12 00:00:00','Dr','Ray','Clements','1 Test Street','Scotland','Ochiltree','United Kingdom',NULL,'KA182NT','CLOSED',NULL,NULL,NULL,NULL,false,NULL,false,NULL,NULL,false,NULL,false,NULL,NULL,NULL,NULL,NULL,NULL,NULL,false,NULL,555,NULL,NULL,NULL,NULL,NULL,NULL,NULL,NULL,true,true,'smcintyre','2024-03-12 00:00:00',false,false,NULL,false,'Digital'),
                                                                                                                                                                                                                                                                                                                                                                                                                                                                                                                                                                                                                                                                                                                                                                                                          ('111111001','2024-03-11 23:59:00','Ms','Sheri','Makowski','2 Test Street','Scotland','Ochiltree','United Kingdom',NULL,'KA182NT','AWAITING_CONTACT',NULL,NULL,NULL,NULL,false,NULL,false,NULL,NULL,false,NULL,false,NULL,NULL,NULL,NULL,NULL,NULL,NULL,false,NULL,555,NULL,NULL,NULL,NULL,NULL,NULL,NULL,NULL,true,true,'alineweaver','2024-03-12 00:00:00',false,true,NULL,false,'Digital'),
                                                                                                                                                                                                                                                                                                                                                                                                                                                                                                                                                                                                                                                                                                                                                                                                          ('111111002','2024-03-11 23:58:00','Mrs','Kristina','Johansen','3 Test Street','Scotland','Ochiltree','United Kingdom',NULL,'KA182NT','CLOSED',NULL,NULL,NULL,NULL,false,NULL,false,NULL,NULL,false,NULL,false,NULL,NULL,NULL,NULL,NULL,NULL,NULL,false,NULL,555,NULL,NULL,NULL,NULL,NULL,NULL,NULL,NULL,true,true,'sbell','2024-03-12 00:00:00',false,false,NULL,false,'Digital'),
                                                                                                                                                                                                                                                                                                                                                                                                                                                                                                                                                                                                                                                                                                                                                                                                          ('111111003','2024-03-11 23:57:00','Dr','Louis','Eck','4 Test Street','Scotland','Ochiltree','United Kingdom',NULL,'KA182NT','TODO',NULL,NULL,NULL,NULL,false,NULL,false,NULL,NULL,false,NULL,false,NULL,NULL,NULL,NULL,NULL,NULL,NULL,false,NULL,555,NULL,NULL,NULL,NULL,NULL,NULL,NULL,NULL,true,true,'sbell','2024-03-12 00:00:00',false,false,NULL,false,'Digital'),
                                                                                                                                                                                                                                                                                                                                                                                                                                                                                                                                                                                                                                                                                                                                                                                                          ('111111004','2024-03-11 23:56:00','Dr','Dawn','Haynes','5 Test Street','Scotland','Ochiltree','United Kingdom',NULL,'KA182NT','AWAITING_CONTACT',NULL,NULL,NULL,NULL,false,NULL,false,NULL,NULL,false,NULL,false,NULL,NULL,NULL,NULL,NULL,NULL,NULL,false,NULL,555,NULL,NULL,NULL,NULL,NULL,NULL,NULL,NULL,true,true,'alineweaver','2024-03-12 00:00:00',false,false,NULL,false,'Digital'),
                                                                                                                                                                                                                                                                                                                                                                                                                                                                                                                                                                                                                                                                                                                                                                                                          ('111111005','2024-03-11 23:55:00','Miss','Helen','Rodriguez','6 Test Street','Scotland','Ochiltree','United Kingdom',NULL,'KA182NT','TODO',NULL,NULL,NULL,NULL,false,NULL,false,NULL,NULL,false,NULL,false,NULL,NULL,NULL,NULL,NULL,NULL,NULL,false,NULL,555,NULL,NULL,NULL,NULL,NULL,NULL,NULL,NULL,true,true,'sbell','2024-03-12 00:00:00',false,false,NULL,false,'Digital'),
                                                                                                                                                                                                                                                                                                                                                                                                                                                                                                                                                                                                                                                                                                                                                                                                          ('111111006','2024-03-11 23:54:00','Mr','Kenneth','Hernandez','7 Test Street','Scotland','Ochiltree','United Kingdom',NULL,'KA182NT','TODO',NULL,NULL,NULL,NULL,false,NULL,false,NULL,NULL,false,NULL,false,NULL,NULL,NULL,NULL,NULL,NULL,NULL,false,NULL,555,NULL,NULL,NULL,NULL,NULL,NULL,NULL,NULL,true,true,'smcintyre','2024-03-12 00:00:00',true,true,NULL,false,'Digital'),
                                                                                                                                                                                                                                                                                                                                                                                                                                                                                                                                                                                                                                                                                                                                                                                                          ('111111007','2024-03-11 23:53:00','Miss','Brenda','Cordova','8 Test Street','Scotland','Ochiltree','United Kingdom',NULL,'KA182NT','TODO',NULL,NULL,NULL,NULL,false,NULL,false,NULL,NULL,false,NULL,false,NULL,NULL,NULL,NULL,NULL,NULL,NULL,false,NULL,555,NULL,NULL,NULL,NULL,NULL,NULL,NULL,NULL,true,true,'alineweaver','2024-03-12 00:00:00',false,false,NULL,false,'Digital'),
                                                                                                                                                                                                                                                                                                                                                                                                                                                                                                                                                                                                                                                                                                                                                                                                          ('111111008','2024-03-11 23:52:00','Rev','Joel','Giem','9 Test Street','Scotland','Ochiltree','United Kingdom',NULL,'KA182NT','TODO',NULL,NULL,NULL,NULL,false,NULL,false,NULL,NULL,false,NULL,false,NULL,NULL,NULL,NULL,NULL,NULL,NULL,false,NULL,555,NULL,NULL,NULL,NULL,NULL,NULL,NULL,NULL,true,true,'alineweaver','2024-03-12 00:00:00',false,false,NULL,false,'Digital'),
                                                                                                                                                                                                                                                                                                                                                                                                                                                                                                                                                                                                                                                                                                                                                                                                          ('111111009','2024-03-11 23:51:00','Dr','Stanley','Owen','10 Test Street','Scotland','Ochiltree','United Kingdom',NULL,'KA182NT','AWAITING_CONTACT',NULL,NULL,NULL,NULL,false,NULL,false,NULL,NULL,false,NULL,false,NULL,NULL,NULL,NULL,NULL,NULL,NULL,false,NULL,555,NULL,NULL,NULL,NULL,NULL,NULL,NULL,NULL,true,true,'alineweaver','2024-03-12 00:00:00',true,true,NULL,false,'Digital'),
                                                                                                                                                                                                                                                                                                                                                                                                                                                                                                                                                                                                                                                                                                                                                                                                          ('111111010','2024-03-11 23:50:00','Prof','April','Baker','11 Test Street','Scotland','Ochiltree','United Kingdom',NULL,'KA182NT','TODO',NULL,NULL,NULL,NULL,false,NULL,false,NULL,NULL,false,NULL,false,NULL,NULL,NULL,NULL,NULL,NULL,NULL,false,NULL,555,NULL,NULL,NULL,NULL,NULL,NULL,NULL,NULL,true,true,'sbell','2024-03-12 00:00:00',false,false,NULL,false,'Digital'),
                                                                                                                                                                                                                                                                                                                                                                                                                                                                                                                                                                                                                                                                                                                                                                                                          ('111111011','2024-03-11 23:49:00','Dr','Jeff','Newton','12 Test Street','Scotland','Ochiltree','United Kingdom',NULL,'KA182NT','AWAITING_CONTACT',NULL,NULL,NULL,NULL,false,NULL,false,NULL,NULL,false,NULL,false,NULL,NULL,NULL,NULL,NULL,NULL,NULL,false,NULL,555,NULL,NULL,NULL,NULL,NULL,NULL,NULL,NULL,true,true,'sbell','2024-03-12 00:00:00',false,false,NULL,false,'Digital'),
                                                                                                                                                                                                                                                                                                                                                                                                                                                                                                                                                                                                                                                                                                                                                                                                          ('111111012','2024-03-11 23:48:00','Dr','Efrain','Johnson','13 Test Street','Scotland','Ochiltree','United Kingdom',NULL,'KA182NT','CLOSED',NULL,NULL,NULL,NULL,false,NULL,false,NULL,NULL,false,NULL,false,NULL,NULL,NULL,NULL,NULL,NULL,NULL,false,NULL,555,NULL,NULL,NULL,NULL,NULL,NULL,NULL,NULL,true,true,'sbell','2024-03-12 00:00:00',false,false,NULL,false,'Digital'),
                                                                                                                                                                                                                                                                                                                                                                                                                                                                                                                                                                                                                                                                                                                                                                                                          ('111111013','2024-03-11 23:47:00','Miss','Michelle','Heard','14 Test Street','Scotland','Ochiltree','United Kingdom',NULL,'KA182NT','TODO',NULL,NULL,NULL,NULL,false,NULL,false,NULL,NULL,false,NULL,false,NULL,NULL,NULL,NULL,NULL,NULL,NULL,false,NULL,555,NULL,NULL,NULL,NULL,NULL,NULL,NULL,NULL,true,true,'alineweaver','2024-03-12 00:00:00',true,true,NULL,false,'Digital'),
                                                                                                                                                                                                                                                                                                                                                                                                                                                                                                                                                                                                                                                                                                                                                                                                          ('111111014','2024-03-11 23:46:00','Mr','Joshua','Ferree','15 Test Street','Scotland','Ochiltree','United Kingdom',NULL,'KA182NT','AWAITING_CONTACT',NULL,NULL,NULL,NULL,false,NULL,false,NULL,NULL,false,NULL,false,NULL,NULL,NULL,NULL,NULL,NULL,NULL,false,NULL,555,NULL,NULL,NULL,NULL,NULL,NULL,NULL,NULL,true,true,'sbell','2024-03-12 00:00:00',true,true,NULL,false,'Digital'),
                                                                                                                                                                                                                                                                                                                                                                                                                                                                                                                                                                                                                                                                                                                                                                                                          ('111111015','2024-03-11 23:45:00','Mr','Richard','Smith','16 Test Street','Scotland','Ochiltree','United Kingdom',NULL,'KA182NT','TODO',NULL,NULL,NULL,NULL,false,NULL,false,NULL,NULL,false,NULL,false,NULL,NULL,NULL,NULL,NULL,NULL,NULL,false,NULL,555,NULL,NULL,NULL,NULL,NULL,NULL,NULL,NULL,true,true,'alineweaver','2024-03-12 00:00:00',false,false,NULL,false,'Digital'),
                                                                                                                                                                                                                                                                                                                                                                                                                                                                                                                                                                                                                                                                                                                                                                                                          ('111111016','2024-03-11 23:44:00','Mrs','Irene','Best','17 Test Street','Scotland','Ochiltree','United Kingdom',NULL,'KA182NT','TODO',NULL,NULL,NULL,NULL,false,NULL,false,NULL,NULL,false,NULL,false,NULL,NULL,NULL,NULL,NULL,NULL,NULL,false,NULL,555,NULL,NULL,NULL,NULL,NULL,NULL,NULL,NULL,true,true,'alineweaver','2024-03-12 00:00:00',false,false,NULL,false,'Digital'),
                                                                                                                                                                                                                                                                                                                                                                                                                                                                                                                                                                                                                                                                                                                                                                                                          ('111111017','2024-03-11 23:43:00','Dr','Michelle','Schamberger','18 Test Street','Scotland','Ochiltree','United Kingdom',NULL,'KA182NT','TODO',NULL,NULL,NULL,NULL,false,NULL,false,NULL,NULL,false,NULL,false,NULL,NULL,NULL,NULL,NULL,NULL,NULL,false,NULL,555,NULL,NULL,NULL,NULL,NULL,NULL,NULL,NULL,true,true,'smcintyre','2024-03-12 00:00:00',true,true,NULL,false,'Digital'),
                                                                                                                                                                                                                                                                                                                                                                                                                                                                                                                                                                                                                                                                                                                                                                                                          ('111111018','2024-03-11 23:42:00','Mrs','Terry','Gullickson','19 Test Street','Scotland','Ochiltree','United Kingdom',NULL,'KA182NT','TODO',NULL,NULL,NULL,NULL,false,NULL,false,NULL,NULL,false,NULL,false,NULL,NULL,NULL,NULL,NULL,NULL,NULL,false,NULL,555,NULL,NULL,NULL,NULL,NULL,NULL,NULL,NULL,true,true,'alineweaver','2024-03-12 00:00:00',false,false,NULL,false,'Digital'),
                                                                                                                                                                                                                                                                                                                                                                                                                                                                                                                                                                                                                                                                                                                                                                                                          ('111111019','2024-03-11 23:41:00','Dr','Edward','Rueda','20 Test Street','Scotland','Ochiltree','United Kingdom',NULL,'KA182NT','TODO',NULL,NULL,NULL,NULL,false,NULL,false,NULL,NULL,false,NULL,false,NULL,NULL,NULL,NULL,NULL,NULL,NULL,false,NULL,555,NULL,NULL,NULL,NULL,NULL,NULL,NULL,NULL,true,true,'sbell','2024-03-12 00:00:00',false,false,NULL,false,'Digital'),
                                                                                                                                                                                                                                                                                                                                                                                                                                                                                                                                                                                                                                                                                                                                                                                                          ('111111020','2024-03-12 00:00:00','Rev','Eleanor','Milne','1 Test Street','Scotland','Strathaven','United Kingdom',NULL,'ML106AD','TODO',NULL,NULL,NULL,NULL,false,NULL,false,NULL,NULL,false,NULL,false,NULL,NULL,NULL,NULL,NULL,NULL,NULL,false,NULL,555,NULL,NULL,NULL,NULL,NULL,NULL,NULL,NULL,true,true,NULL,NULL,false,false,NULL,false,'Digital');
