INSERT INTO juror_mod.pool (pool_no,"owner",return_date,no_requested,pool_type,loc_code,new_request,last_update,additional_summons,attend_time,nil_pool,total_no_required,date_created) VALUES
                                                                                                                                                                                            ('555','400','2022-05-03',5,'CRO','448','N',NULL,NULL,NULL,false,5,NULL),
                                                                                                                                                                                            ('444','400','2022-05-03',5,'CRO','448','N',NULL,NULL,NULL,false,5,NULL),
                                                                                                                                                                                            ('333','400','2022-05-03',5,'CRO','448','N',NULL,NULL,NULL,false,5,NULL),
                                                                                                                                                                                            ('222','400','2022-05-03',5,'CRO','448','N',NULL,NULL,NULL,false,5,NULL);
INSERT INTO juror_mod.juror (juror_number,poll_number,title,last_name,first_name,dob,address_line_1,address_line_2,address_line_3,address_line_4,address_line_5,postcode,h_phone,w_phone,w_ph_local,responded,date_excused,excusal_code,acc_exc,date_disq,disq_code,user_edtq,notes,no_def_pos,perm_disqual,reasonable_adj_code,reasonable_adj_msg,smart_card_number,completion_date,sort_code,bank_acct_name,bank_acct_no,bldg_soc_roll_no,welsh,police_check,last_update,summons_file,m_phone,h_email,contact_preference,notifications,date_created,optic_reference,pending_title,pending_first_name,pending_last_name,mileage,financial_loss,travel_time,bureau_transfer_date,claiming_subsistence_allowance,service_comp_comms_status,login_attempts,is_locked) VALUES
                                                                                                                                                                                                                                                                                                                                                                                                                                                                                                                                                                                                                                                                                                                                                                        ('209092530','21112','Dr','CASTILLO','Jane','1984-07-24 00:00:00','4 Knutson Trail','Scotland','Aberdeen','United Kingdom',NULL,'AB39RY','44(703)209-6993','44(109)549-5625',NULL,false,NULL,NULL,NULL,NULL,NULL,NULL,NULL,NULL,false,NULL,NULL,NULL,NULL,NULL,NULL,NULL,NULL,false,'NOT_CHECKED','2024-03-12 12:08:57',NULL,'44(145)525-2390','jcastillo0@ed.gov',0,0,'2024-03-12 12:08:57',NULL,NULL,NULL,NULL,NULL,NULL,NULL,NULL,false,NULL,0,false),
                                                                                                                                                                                                                                                                                                                                                                                                                                                                                                                                                                                                                                                                                                                                                                        ('275852838','27201','Mrs','WILSON','Amy','1969-12-06 00:00:00','63720 Warbler Circle','England','London','United Kingdom',NULL,'WC1BNH','44(765)464-4583','44(463)659-9522',NULL,false,NULL,NULL,NULL,NULL,NULL,NULL,NULL,NULL,false,NULL,NULL,NULL,NULL,NULL,NULL,NULL,NULL,false,'NOT_CHECKED','2024-03-12 12:08:57',NULL,'44(555)703-0191','awilson5@msn.com',0,0,'2024-03-12 12:08:57',NULL,NULL,NULL,NULL,NULL,NULL,NULL,NULL,false,NULL,0,false),
                                                                                                                                                                                                                                                                                                                                                                                                                                                                                                                                                                                                                                                                                                                                                                        ('310181421','21113','Dr','GRIFFITHS','Calum','1985-08-25 00:00:00','23 Station Hill','England','Farnham','United Kingdom',NULL,'GU98AD','44(703)209-6994','44(109)549-5626',NULL,false,NULL,NULL,NULL,NULL,NULL,NULL,NULL,NULL,false,NULL,NULL,NULL,NULL,NULL,NULL,NULL,NULL,false,'NOT_CHECKED','2024-03-12 12:08:57',NULL,'44(145)525-2391','cgriffiths0@ed.gov',0,0,'2024-03-12 12:08:57',NULL,NULL,NULL,NULL,NULL,NULL,NULL,NULL,false,NULL,0,false),
                                                                                                                                                                                                                                                                                                                                                                                                                                                                                                                                                                                                                                                                                                                                                                        ('472008411','93382','Honorable','ROBERTSON','Denise','1962-03-07 00:00:00','57 Westerfield Parkway','England','Charlton','United Kingdom',NULL,'OX12RV','44(202)757-0949','44(665)723-2987',NULL,false,NULL,NULL,NULL,NULL,NULL,NULL,NULL,NULL,false,NULL,NULL,NULL,NULL,NULL,NULL,NULL,NULL,false,'NOT_CHECKED','2024-03-12 12:08:57',NULL,'44(170)995-1393','drobertson3@hibu.com',0,0,'2024-03-12 12:08:57',NULL,NULL,NULL,NULL,NULL,NULL,NULL,NULL,false,NULL,0,false),
                                                                                                                                                                                                                                                                                                                                                                                                                                                                                                                                                                                                                                                                                                                                                                        ('487498307','93315','Mr','PIERCE','Kimberly','1975-02-11 00:00:00','9371 Superior Avenue','England','Newbiggin','United Kingdom',NULL,'NE46TG','44(513)905-6359','44(965)467-9567',NULL,false,NULL,NULL,NULL,NULL,NULL,NULL,NULL,NULL,false,NULL,NULL,NULL,NULL,NULL,NULL,NULL,NULL,false,'NOT_CHECKED','2024-03-12 12:08:57',NULL,'44(373)639-7785','kpierce2@plala.or.jp',0,0,'2024-03-12 12:08:57',NULL,NULL,NULL,NULL,NULL,NULL,NULL,NULL,false,NULL,0,false),
                                                                                                                                                                                                                                                                                                                                                                                                                                                                                                                                                                                                                                                                                                                                                                        ('586856851','19917','Rev','BROWN','Cynthia','1987-05-08 00:00:00','7 Lunder Park','England','Weston','United Kingdom',NULL,'GU32SW','44(211)698-2662','44(551)736-7419',NULL,false,NULL,NULL,NULL,NULL,NULL,NULL,NULL,NULL,false,NULL,NULL,NULL,NULL,NULL,NULL,NULL,NULL,false,'NOT_CHECKED','2024-03-12 12:08:57',NULL,'44(520)949-8284','cbrown1@yellowpages.com',0,0,'2024-03-12 12:08:57',NULL,NULL,NULL,NULL,NULL,NULL,NULL,NULL,false,NULL,0,false),
                                                                                                                                                                                                                                                                                                                                                                                                                                                                                                                                                                                                                                                                                                                                                                        ('697967962','19918','Rev','MORAN','Eleanor','1980-10-01 00:00:00','12 West Square','England','Scarborough','United Kingdom',NULL,'YO111TN','44(211)698-2661','44(551)736-7420',NULL,false,NULL,NULL,NULL,NULL,NULL,NULL,NULL,NULL,false,NULL,NULL,NULL,NULL,NULL,NULL,NULL,NULL,false,'NOT_CHECKED','2024-03-12 12:08:57',NULL,'44(520)949-8285','emoran1@yellowpages.com',0,0,'2024-03-12 12:08:57',NULL,NULL,NULL,NULL,NULL,NULL,NULL,NULL,false,NULL,0,false),
                                                                                                                                                                                                                                                                                                                                                                                                                                                                                                                                                                                                                                                                                                                                                                        ('811923115','92835','Ms','MURPHY','Ronald','1978-03-08 00:00:00','13 Jenifer Place','England','Bradford','United Kingdom',NULL,'BD7EN','44(520)655-4108','44(506)190-9791',NULL,false,NULL,NULL,NULL,NULL,NULL,NULL,NULL,NULL,false,NULL,NULL,NULL,NULL,NULL,NULL,NULL,NULL,false,'NOT_CHECKED','2024-03-12 12:08:57',NULL,'44(504)912-7033','rmurphy6@lycos.com',0,0,'2024-03-12 12:08:57',NULL,NULL,NULL,NULL,NULL,NULL,NULL,NULL,false,NULL,0,false),
                                                                                                                                                                                                                                                                                                                                                                                                                                                                                                                                                                                                                                                                                                                                                                        ('827761086','41755','Dr','WASHINGTON','Laura','1994-07-07 00:00:00','8497 Michigan Road','England','Sutton','United Kingdom',NULL,'RH5XV','44(893)993-2064','44(160)893-3475',NULL,false,NULL,NULL,NULL,NULL,NULL,NULL,NULL,NULL,false,NULL,NULL,NULL,NULL,NULL,NULL,NULL,NULL,false,'NOT_CHECKED','2024-03-12 12:08:57',NULL,'44(560)504-4476','lwashington7@printfriendly.com',0,0,'2024-03-12 12:08:57',NULL,NULL,NULL,NULL,NULL,NULL,NULL,NULL,false,NULL,0,false),
                                                                                                                                                                                                                                                                                                                                                                                                                                                                                                                                                                                                                                                                                                                                                                        ('845814425','18693','Mrs','LARSON','James','1954-01-10 00:00:00','9 Myrtle Point','England','Whitchurch','United Kingdom',NULL,'BS14QP','44(750)536-5360','44(725)985-1004',NULL,false,NULL,NULL,NULL,NULL,NULL,NULL,NULL,NULL,false,NULL,NULL,NULL,NULL,NULL,NULL,NULL,NULL,false,'NOT_CHECKED','2024-03-12 12:08:57',NULL,'44(591)514-5758','jlarson4@comsenz.com',0,0,'2024-03-12 12:08:57',NULL,NULL,NULL,NULL,NULL,NULL,NULL,NULL,false,NULL,0,false);
INSERT INTO juror_mod.juror_pool (juror_number,pool_number,"owner",user_edtq,is_active,status,times_sel,def_date,"location",no_attendances,no_attended,no_fta,no_awol,pool_seq,edit_tag,next_date,on_call,smart_card,was_deferred,deferral_code,id_checked,postpone,paid_cash,scan_code,last_update,reminder_sent,transfer_date,date_created) VALUES
                                                                                                                                                                                                                                                                                                                                                  ('209092530','555','400',NULL,true,1,NULL,NULL,NULL,NULL,NULL,NULL,NULL,NULL,NULL,NULL,false,NULL,false,NULL,NULL,false,false,NULL,'2024-03-12 12:08:57',false,NULL,NULL),
                                                                                                                                                                                                                                                                                                                                                  ('275852838','555','400',NULL,true,1,NULL,NULL,NULL,NULL,NULL,NULL,NULL,NULL,NULL,NULL,false,NULL,false,NULL,NULL,false,false,NULL,'2024-03-12 12:08:57',false,NULL,NULL),
                                                                                                                                                                                                                                                                                                                                                  ('310181421','555','400',NULL,true,1,NULL,NULL,NULL,NULL,NULL,NULL,NULL,NULL,NULL,NULL,false,NULL,false,NULL,NULL,false,false,NULL,'2024-03-12 12:08:57',false,NULL,NULL),
                                                                                                                                                                                                                                                                                                                                                  ('472008411','444','400',NULL,true,1,NULL,NULL,NULL,NULL,NULL,NULL,NULL,NULL,NULL,NULL,false,NULL,false,NULL,NULL,false,false,NULL,'2024-03-12 12:08:57',false,NULL,NULL),
                                                                                                                                                                                                                                                                                                                                                  ('487498307','333','400',NULL,true,1,NULL,NULL,NULL,NULL,NULL,NULL,NULL,NULL,NULL,NULL,false,NULL,false,NULL,NULL,false,false,NULL,'2024-03-12 12:08:57',false,NULL,NULL),
                                                                                                                                                                                                                                                                                                                                                  ('586856851','222','400',NULL,true,1,NULL,NULL,NULL,NULL,NULL,NULL,NULL,NULL,NULL,NULL,false,NULL,false,NULL,NULL,false,false,NULL,'2024-03-12 12:08:57',false,NULL,NULL),
                                                                                                                                                                                                                                                                                                                                                  ('697967962','222','400',NULL,true,1,NULL,NULL,NULL,NULL,NULL,NULL,NULL,NULL,NULL,NULL,false,NULL,false,NULL,NULL,false,false,NULL,'2024-03-12 12:08:57',false,NULL,NULL),
                                                                                                                                                                                                                                                                                                                                                  ('811923115','222','400',NULL,true,1,NULL,NULL,NULL,NULL,NULL,NULL,NULL,NULL,NULL,NULL,false,NULL,false,NULL,NULL,false,false,NULL,'2024-03-12 12:08:57',false,NULL,NULL),
                                                                                                                                                                                                                                                                                                                                                  ('827761086','444','400',NULL,true,1,NULL,NULL,NULL,NULL,NULL,NULL,NULL,NULL,NULL,NULL,false,NULL,false,NULL,NULL,false,false,NULL,'2024-03-12 12:08:57',false,NULL,NULL),
                                                                                                                                                                                                                                                                                                                                                  ('845814425','222','400',NULL,true,1,NULL,NULL,NULL,NULL,NULL,NULL,NULL,NULL,NULL,NULL,false,NULL,false,NULL,NULL,false,false,NULL,'2024-03-12 12:08:57',false,NULL,NULL);
INSERT INTO juror_mod.juror_response (juror_number,date_received,title,first_name,last_name,address_line_1,address_line_2,address_line_3,address_line_4,address_line_5,postcode,processing_status,date_of_birth,phone_number,alt_phone_number,email,residency,residency_detail,mental_health_act,mental_health_capacity,mental_health_act_details,bail,bail_details,convictions,convictions_details,deferral,deferral_reason,deferral_date,reasonable_adjustments_arrangements,excusal,excusal_reason,processing_complete,signed,"version",thirdparty_fname,thirdparty_lname,relationship,main_phone,other_phone,email_address,thirdparty_reason,thirdparty_other_reason,juror_phone_details,juror_email_details,staff_login,staff_assignment_date,urgent,super_urgent,completed_at,welsh,reply_type) VALUES
                                                                                                                                                                                                                                                                                                                                                                                                                                                                                                                                                                                                                                                                                                                                                                                                          ('209092530','2018-01-10 00:00:00','Mr','Jon','Crawford','Address1','Address2','Address3','Address4','Address5 Address6','E17 2NY','TODO','1990-01-01','111111111',NULL,'mail@email.com',false,NULL,false,NULL,NULL,false,NULL,false,NULL,NULL,NULL,NULL,NULL,NULL,NULL,false,NULL,0,NULL,NULL,NULL,NULL,NULL,NULL,NULL,NULL,true,true,'ncrawford','2018-01-10 00:00:00',true,false,NULL,false,'Digital'),
                                                                                                                                                                                                                                                                                                                                                                                                                                                                                                                                                                                                                                                                                                                                                                                                          ('275852838','2018-01-05 00:00:00','Dr','Sean','Thomason','Address1','Address2','Address3','Address4','Address5 Address6','E17 2NY','AWAITING_COURT_REPLY','1990-01-01','111111111',NULL,'mail@email.com',false,NULL,false,NULL,NULL,false,NULL,false,NULL,NULL,NULL,NULL,NULL,NULL,NULL,false,NULL,0,NULL,NULL,NULL,NULL,NULL,NULL,NULL,NULL,true,true,'ncrawford','2018-01-10 00:00:00',false,false,NULL,false,'Digital'),
                                                                                                                                                                                                                                                                                                                                                                                                                                                                                                                                                                                                                                                                                                                                                                                                          ('310181421','2018-01-10 00:00:00','Mrs','Elisha','Simone','Address1','Address2','Address3','Address4','Address5 Address6','E17 2NY','TODO','1990-01-01','111111111',NULL,'mail@email.com',false,NULL,false,NULL,NULL,false,NULL,false,NULL,NULL,NULL,NULL,NULL,NULL,NULL,false,NULL,0,NULL,NULL,NULL,NULL,NULL,NULL,NULL,NULL,true,true,'lrees','2018-01-10 00:00:00',false,false,NULL,false,'Digital'),
                                                                                                                                                                                                                                                                                                                                                                                                                                                                                                                                                                                                                                                                                                                                                                                                          ('472008411','2017-12-31 00:00:00','Mr','Tony','Bordeaux','Address1','Address2','Address3','Address4','Address5 Address6','E17 2NY','AWAITING_CONTACT','1990-01-01','111111111',NULL,'mail@email.com',false,NULL,false,NULL,NULL,false,NULL,false,NULL,NULL,NULL,NULL,NULL,NULL,NULL,false,NULL,0,NULL,NULL,NULL,NULL,NULL,NULL,NULL,NULL,true,true,'ncrawford','2018-01-10 00:00:00',false,true,NULL,false,'Digital'),
                                                                                                                                                                                                                                                                                                                                                                                                                                                                                                                                                                                                                                                                                                                                                                                                          ('487498307','2018-01-01 00:00:00','Mr','Epherum','Cuthbert','Address1','Address2','Address3','Address4','Address5 Address6','E17 2NY','TODO','1990-01-01','111111111',NULL,'mail@email.com',false,NULL,false,NULL,NULL,false,NULL,false,NULL,NULL,NULL,NULL,NULL,NULL,NULL,false,NULL,0,NULL,NULL,NULL,NULL,NULL,NULL,NULL,NULL,true,true,'ncrawford','2018-01-10 00:00:00',false,false,NULL,false,'Digital'),
                                                                                                                                                                                                                                                                                                                                                                                                                                                                                                                                                                                                                                                                                                                                                                                                          ('586856851','2018-01-07 00:00:00','Mr','Tom','Crews','Address1','Address2','Address3','Address4','Address5 Address6','E17 2NY','TODO','1990-01-01','111111111',NULL,'mail@email.com',false,NULL,false,NULL,NULL,false,NULL,false,NULL,NULL,NULL,NULL,NULL,NULL,NULL,false,NULL,0,NULL,NULL,NULL,NULL,NULL,NULL,NULL,NULL,true,true,'ncrawford','2018-01-10 00:00:00',false,false,NULL,false,'Digital'),
                                                                                                                                                                                                                                                                                                                                                                                                                                                                                                                                                                                                                                                                                                                                                                                                          ('697967962','2018-01-02 00:00:00','Mrs','Cecilia','Pike','Address1','Address2','Address3','Address4','Address5 Address6','E17 2NY','CLOSED','1990-01-01','111111111',NULL,'mail@email.com',false,NULL,false,NULL,NULL,false,NULL,false,NULL,NULL,NULL,NULL,NULL,NULL,NULL,false,NULL,0,NULL,NULL,NULL,NULL,NULL,NULL,NULL,NULL,true,true,'ncrawford','2018-01-03 00:00:00',false,false,NULL,false,'Digital'),
                                                                                                                                                                                                                                                                                                                                                                                                                                                                                                                                                                                                                                                                                                                                                                                                          ('811923115','2018-01-06 00:00:00','Mrs','Ellie','Grant','Address1','Address2','Address3','Address4','Address5 Address6','E17 2NY','AWAITING_CONTACT','1990-01-01','111111111',NULL,'mail@email.com',false,NULL,false,NULL,NULL,false,NULL,false,NULL,NULL,NULL,NULL,NULL,NULL,NULL,false,NULL,0,NULL,NULL,NULL,NULL,NULL,NULL,NULL,NULL,true,true,'ncrawford','2018-01-10 00:00:00',false,false,NULL,false,'Digital'),
                                                                                                                                                                                                                                                                                                                                                                                                                                                                                                                                                                                                                                                                                                                                                                                                          ('827761086','2018-01-08 00:00:00','Mrs','Emily','Cruise','Address1','Address2','Address3','Address4','Address5 Address6','E17 2NY','CLOSED','1990-01-01','111111111',NULL,'mail@email.com',false,NULL,false,NULL,NULL,false,NULL,false,NULL,NULL,NULL,NULL,NULL,NULL,NULL,false,NULL,0,NULL,NULL,NULL,NULL,NULL,NULL,NULL,NULL,true,true,'ncrawford','2018-01-09 00:00:00',false,false,'2018-01-10 13:30:19',false,'Digital'),
                                                                                                                                                                                                                                                                                                                                                                                                                                                                                                                                                                                                                                                                                                                                                                                                          ('845814425','2017-12-30 00:00:00','Sir','Anthony','Connery','Address1','Address2','Address3','Address4','Address5 Address6','E17 2NY','AWAITING_TRANSLATION','1990-01-01','111111111',NULL,'mail@email.com',false,NULL,false,NULL,NULL,false,NULL,false,NULL,NULL,NULL,NULL,NULL,NULL,NULL,false,NULL,0,NULL,NULL,NULL,NULL,NULL,NULL,NULL,NULL,true,true,'ncrawford','2018-01-10 00:00:00',false,false,NULL,false,'Digital');

INSERT INTO juror_mod.users (owner, username,email, name, active,version, user_type)
VALUES  ('400','lrees','lrees@email.gov.uk','Lewis Rees',true,0,'BUREAU'),
        ('400','kfry','kfry@email.gov.uk','Katherine Fry',true,0,'BUREAU'),
        ('400','ncrawford','ncrawford@email.gov.uk','Natasha Crawford',true,0,'BUREAU');


INSERT INTO juror_mod.user_roles (username, role)
VALUES ('kfry', 'MANAGER');