--Staff
INSERT INTO JUROR_DIGITAL.STAFF (LOGIN, NAME, RANK, ACTIVE, TEAM_ID, VERSION) VALUES ('carneson', 'Chad Arneson', 0, 1, 1, 1);
INSERT INTO JUROR_DIGITAL.STAFF (LOGIN, NAME, RANK, ACTIVE, TEAM_ID, VERSION) VALUES ('sgomez', 'Susie Gomez', 0, 1, 2, 1);
INSERT INTO JUROR_DIGITAL.STAFF (LOGIN, NAME, RANK, ACTIVE, TEAM_ID, VERSION) VALUES ('mruby', 'Martin Ruby', 0, 1, 3, 1);
INSERT INTO JUROR_DIGITAL.STAFF (LOGIN, NAME, RANK, ACTIVE, TEAM_ID, VERSION) VALUES ('cbeasley', 'Charles Beasley', 1, 1, 1, 1);
INSERT INTO JUROR_DIGITAL.STAFF (LOGIN, NAME, RANK, ACTIVE, TEAM_ID, VERSION) VALUES ('tgarrett', 'Timothy Garrett', 1, 1, 2, 1);
INSERT INTO JUROR_DIGITAL.STAFF (LOGIN, NAME, RANK, ACTIVE, TEAM_ID, VERSION) VALUES ('ksalazar', 'Kris Salazar', 1, 1, 3, 1);
--Juror Pool
INSERT INTO JUROR.POOL (part_no, fname, lname, h_email, title, dob, address, address2, address3, address4, zip, h_phone, w_phone, is_active, owner, loc_code, m_phone, responded, poll_number, pool_no, on_call, completion_flag, read_only, contact_preference, reg_spc, ret_date, status) VALUES (111111000, 'Eleanor', 'Milne', 'Milne0@email.com', 'Rev', TO_DATE('1976-07-18 00:00:01', 'YYYY-MM-DD HH24:MI:SS'), '1 Test Street', 'Scotland', 'Strathaven', 'United Kingdom', 'ML106AD', '44135101-1110', '44135201-1110', 'Y', '400', '448', '44776-301-1110', 'N', 0, 101, 'N', 'N', 'N', 0, 'N', CURRENT_DATE, 1);
INSERT INTO JUROR.POOL (part_no, fname, lname, h_email, title, dob, address, address2, address3, address4, zip, h_phone, w_phone, is_active, owner, loc_code, m_phone, responded, poll_number, pool_no, on_call, completion_flag, read_only, contact_preference, reg_spc, ret_date, status) VALUES (111111001, 'Ada', 'Ambers', 'Ambers1@email.com', 'Prof', TO_DATE('1985-05-15 00:00:01', 'YYYY-MM-DD HH24:MI:SS'), '2 Test Street', 'England', 'Aldershot', 'United Kingdom', 'GU124AL', '44125101-1111', '44125201-1111', 'Y', '400', '448', '44776-301-1111', 'N', 1, 101, 'N', 'N', 'N', 0, 'N', CURRENT_DATE, 1);
INSERT INTO JUROR.POOL (part_no, fname, lname, h_email, title, dob, address, address2, address3, address4, zip, h_phone, w_phone, is_active, owner, loc_code, m_phone, responded, poll_number, pool_no, on_call, completion_flag, read_only, contact_preference, reg_spc, ret_date, status) VALUES (111111002, 'Frank', 'Jones', 'Jones2@email.com', 'Rev', TO_DATE('1989-05-09 00:00:01', 'YYYY-MM-DD HH24:MI:SS'), '3 Test Street', 'Wales', 'Old Radnor', 'United Kingdom', 'LD82RG', '44154101-1112', '44154201-1112', 'Y', '400', '448', '44776-301-1112', 'N', 2, 101, 'N', 'N', 'N', 0, 'N', CURRENT_DATE, 1);
INSERT INTO JUROR.POOL (part_no, fname, lname, h_email, title, dob, address, address2, address3, address4, zip, h_phone, w_phone, is_active, owner, loc_code, m_phone, responded, poll_number, pool_no, on_call, completion_flag, read_only, contact_preference, reg_spc, ret_date, status) VALUES (111111003, 'Barbara', 'Linares', 'Linares3@email.com', 'Prof', TO_DATE('1987-03-02 00:00:01', 'YYYY-MM-DD HH24:MI:SS'), '4 Test Street', 'Scotland', 'Strathaven', 'United Kingdom', 'ML106AD', '44135101-1113', '44135201-1113', 'Y', '400', '448', '44776-301-1113', 'N', 3, 101, 'N', 'N', 'N', 0, 'N', CURRENT_DATE, 1);
INSERT INTO JUROR.POOL (part_no, fname, lname, h_email, title, dob, address, address2, address3, address4, zip, h_phone, w_phone, is_active, owner, loc_code, m_phone, responded, poll_number, pool_no, on_call, completion_flag, read_only, contact_preference, reg_spc, ret_date, status) VALUES (111111004, 'Wayne', 'Kennedy', 'Kennedy4@email.com', 'Mr', TO_DATE('1989-03-02 00:00:01', 'YYYY-MM-DD HH24:MI:SS'), '5 Test Street', 'Wales', 'Old Radnor', 'United Kingdom', 'LD82RG', '44154101-1114', '44154201-1114', 'Y', '400', '448', '44776-301-1114', 'N', 4, 101, 'N', 'N', 'N', 0, 'N', CURRENT_DATE, 1);
INSERT INTO JUROR.POOL (part_no, fname, lname, h_email, title, dob, address, address2, address3, address4, zip, h_phone, w_phone, is_active, owner, loc_code, m_phone, responded, poll_number, pool_no, on_call, completion_flag, read_only, contact_preference, reg_spc, ret_date, status) VALUES (111111005, 'Clint', 'Brickett', 'Brickett5@email.com', 'Mr', TO_DATE('1960-12-15 00:00:01', 'YYYY-MM-DD HH24:MI:SS'), '6 Test Street', 'Wales', 'Old Radnor', 'United Kingdom', 'LD82RG', '44154101-1115', '44154201-1115', 'Y', '400', '448', '44776-301-1115', 'N', 5, 101, 'N', 'N', 'N', 0, 'N', CURRENT_DATE, 1);
INSERT INTO JUROR.POOL (part_no, fname, lname, h_email, title, dob, address, address2, address3, address4, zip, h_phone, w_phone, is_active, owner, loc_code, m_phone, responded, poll_number, pool_no, on_call, completion_flag, read_only, contact_preference, reg_spc, ret_date, status) VALUES (111111006, 'William', 'Keifer', 'Keifer6@email.com', 'Prof', TO_DATE('1980-04-03 00:00:01', 'YYYY-MM-DD HH24:MI:SS'), '7 Test Street', 'Wales', 'Old Radnor', 'United Kingdom', 'LD82RG', '44154101-1116', '44154201-1116', 'Y', '400', '448', '44776-301-1116', 'N', 6, 101, 'N', 'N', 'N', 0, 'N', CURRENT_DATE, 1);
INSERT INTO JUROR.POOL (part_no, fname, lname, h_email, title, dob, address, address2, address3, address4, zip, h_phone, w_phone, is_active, owner, loc_code, m_phone, responded, poll_number, pool_no, on_call, completion_flag, read_only, contact_preference, reg_spc, ret_date, status) VALUES (111111007, 'George', 'Sweeney', 'Sweeney7@email.com', 'Dr', TO_DATE('1975-05-18 00:00:01', 'YYYY-MM-DD HH24:MI:SS'), '8 Test Street', 'Wales', 'Old Radnor', 'United Kingdom', 'LD82RG', '44154101-1117', '44154201-1117', 'Y', '400', '448', '44776-301-1117', 'N', 7, 101, 'N', 'N', 'N', 0, 'N', CURRENT_DATE, 1);
INSERT INTO JUROR.POOL (part_no, fname, lname, h_email, title, dob, address, address2, address3, address4, zip, h_phone, w_phone, is_active, owner, loc_code, m_phone, responded, poll_number, pool_no, on_call, completion_flag, read_only, contact_preference, reg_spc, ret_date, status) VALUES (111111008, 'Willie', 'Wiles', 'Wiles8@email.com', 'Prof', TO_DATE('1984-06-19 00:00:01', 'YYYY-MM-DD HH24:MI:SS'), '9 Test Street', 'Scotland', 'Strathaven', 'United Kingdom', 'ML106AD', '44135101-1118', '44135201-1118', 'Y', '400', '448', '44776-301-1118', 'N', 8, 101, 'N', 'N', 'N', 0, 'N', CURRENT_DATE, 1);
INSERT INTO JUROR.POOL (part_no, fname, lname, h_email, title, dob, address, address2, address3, address4, zip, h_phone, w_phone, is_active, owner, loc_code, m_phone, responded, poll_number, pool_no, on_call, completion_flag, read_only, contact_preference, reg_spc, ret_date, status) VALUES (111111009, 'Dorsey', 'Turner', 'Turner9@email.com', 'Rev', TO_DATE('1981-10-10 00:00:01', 'YYYY-MM-DD HH24:MI:SS'), '10 Test Street', 'Wales', 'Old Radnor', 'United Kingdom', 'LD82RG', '44154101-1119', '44154201-1119', 'Y', '400', '448', '44776-301-1119', 'N', 9, 101, 'N', 'N', 'N', 0, 'N', CURRENT_DATE, 1);


--Juror Response
INSERT INTO JUROR_DIGITAL.JUROR_RESPONSE (JUROR_NUMBER,DATE_RECEIVED,TITLE,FIRST_NAME,LAST_NAME,ADDRESS,ADDRESS2,ADDRESS3,ADDRESS4,ADDRESS5,ADDRESS6,ZIP,PROCESSING_STATUS,DATE_OF_BIRTH,PHONE_NUMBER,ALT_PHONE_NUMBER,EMAIL,THIRDPARTY_REASON,RESIDENCY,RESIDENCY_DETAIL,MENTAL_HEALTH_ACT,MENTAL_HEALTH_ACT_DETAILS,BAIL,BAIL_DETAILS,CONVICTIONS,CONVICTIONS_DETAILS,DEFERRAL_REASON,DEFERRAL_DATE,SPECIAL_NEEDS_ARRANGEMENTS,EXCUSAL_REASON, VERSION, JUROR_PHONE_DETAILS, JUROR_EMAIL_DETAILS, STAFF_LOGIN, STAFF_ASSIGNMENT_DATE, URGENT, SUPER_URGENT) VALUES (111111000,(SELECT CURRENT_DATE - interval '0' minute),'Rev','Eleanor','Milne','1 Test Street','Scotland','Strathaven','United Kingdom',null,null,'ML106AD','TODO',null,null,null,null,null,'0',null,'0',null,'0',null,'0',null,null,null,null,null,555,'Y', 'Y', null, null, 'Y', 'N');
INSERT INTO JUROR_DIGITAL.JUROR_RESPONSE (JUROR_NUMBER,DATE_RECEIVED,TITLE,FIRST_NAME,LAST_NAME,ADDRESS,ADDRESS2,ADDRESS3,ADDRESS4,ADDRESS5,ADDRESS6,ZIP,PROCESSING_STATUS,DATE_OF_BIRTH,PHONE_NUMBER,ALT_PHONE_NUMBER,EMAIL,THIRDPARTY_REASON,RESIDENCY,RESIDENCY_DETAIL,MENTAL_HEALTH_ACT,MENTAL_HEALTH_ACT_DETAILS,BAIL,BAIL_DETAILS,CONVICTIONS,CONVICTIONS_DETAILS,DEFERRAL_REASON,DEFERRAL_DATE,SPECIAL_NEEDS_ARRANGEMENTS,EXCUSAL_REASON, VERSION, JUROR_PHONE_DETAILS, JUROR_EMAIL_DETAILS, STAFF_LOGIN, STAFF_ASSIGNMENT_DATE, URGENT, SUPER_URGENT) VALUES (111111001,(SELECT CURRENT_DATE - interval '1' minute),'Prof','Ada','Ambers','2 Test Street','England','Aldershot','United Kingdom',null,null,'GU124AL','TODO',null,null,null,null,null,'0',null,'0',null,'0',null,'0',null,null,null,null,null,555,'Y', 'Y', null, null, 'Y', 'N');

INSERT INTO JUROR_DIGITAL.JUROR_RESPONSE (JUROR_NUMBER,DATE_RECEIVED,TITLE,FIRST_NAME,LAST_NAME,ADDRESS,ADDRESS2,ADDRESS3,ADDRESS4,ADDRESS5,ADDRESS6,ZIP,PROCESSING_STATUS,DATE_OF_BIRTH,PHONE_NUMBER,ALT_PHONE_NUMBER,EMAIL,THIRDPARTY_REASON,RESIDENCY,RESIDENCY_DETAIL,MENTAL_HEALTH_ACT,MENTAL_HEALTH_ACT_DETAILS,BAIL,BAIL_DETAILS,CONVICTIONS,CONVICTIONS_DETAILS,DEFERRAL_REASON,DEFERRAL_DATE,SPECIAL_NEEDS_ARRANGEMENTS,EXCUSAL_REASON, VERSION, JUROR_PHONE_DETAILS, JUROR_EMAIL_DETAILS, STAFF_LOGIN, STAFF_ASSIGNMENT_DATE, URGENT, SUPER_URGENT) VALUES (111111002,(SELECT CURRENT_DATE - interval '2' minute),'Rev','Frank','Jones','3 Test Street','Wales','Old Radnor','United Kingdom',null,null,'LD82RG','TODO',null,null,null,null,null,'0',null,'0',null,'0',null,'0',null,null,null,null,null,555,'Y', 'Y', null, null, 'N', 'Y');
INSERT INTO JUROR_DIGITAL.JUROR_RESPONSE (JUROR_NUMBER,DATE_RECEIVED,TITLE,FIRST_NAME,LAST_NAME,ADDRESS,ADDRESS2,ADDRESS3,ADDRESS4,ADDRESS5,ADDRESS6,ZIP,PROCESSING_STATUS,DATE_OF_BIRTH,PHONE_NUMBER,ALT_PHONE_NUMBER,EMAIL,THIRDPARTY_REASON,RESIDENCY,RESIDENCY_DETAIL,MENTAL_HEALTH_ACT,MENTAL_HEALTH_ACT_DETAILS,BAIL,BAIL_DETAILS,CONVICTIONS,CONVICTIONS_DETAILS,DEFERRAL_REASON,DEFERRAL_DATE,SPECIAL_NEEDS_ARRANGEMENTS,EXCUSAL_REASON, VERSION, JUROR_PHONE_DETAILS, JUROR_EMAIL_DETAILS, STAFF_LOGIN, STAFF_ASSIGNMENT_DATE, URGENT, SUPER_URGENT) VALUES (111111003,(SELECT CURRENT_DATE - interval '3' minute),'Prof','Barbara','Linares','4 Test Street','Scotland','Strathaven','United Kingdom',null,null,'ML106AD','TODO',null,null,null,null,null,'0',null,'0',null,'0',null,'0',null,null,null,null,null,555,'Y', 'Y', null, null, 'N', 'N');
INSERT INTO JUROR_DIGITAL.JUROR_RESPONSE (JUROR_NUMBER,DATE_RECEIVED,TITLE,FIRST_NAME,LAST_NAME,ADDRESS,ADDRESS2,ADDRESS3,ADDRESS4,ADDRESS5,ADDRESS6,ZIP,PROCESSING_STATUS,DATE_OF_BIRTH,PHONE_NUMBER,ALT_PHONE_NUMBER,EMAIL,THIRDPARTY_REASON,RESIDENCY,RESIDENCY_DETAIL,MENTAL_HEALTH_ACT,MENTAL_HEALTH_ACT_DETAILS,BAIL,BAIL_DETAILS,CONVICTIONS,CONVICTIONS_DETAILS,DEFERRAL_REASON,DEFERRAL_DATE,SPECIAL_NEEDS_ARRANGEMENTS,EXCUSAL_REASON, VERSION, JUROR_PHONE_DETAILS, JUROR_EMAIL_DETAILS, STAFF_LOGIN, STAFF_ASSIGNMENT_DATE, URGENT, SUPER_URGENT) VALUES (111111004,(SELECT CURRENT_DATE - interval '4' minute),'Mr','Wayne','Kennedy','5 Test Street','Wales','Old Radnor','United Kingdom',null,null,'LD82RG','TODO',null,null,null,null,null,'0',null,'0',null,'0',null,'0',null,null,null,null,null,555,'Y', 'Y', null, null, 'N', 'N');
INSERT INTO JUROR_DIGITAL.JUROR_RESPONSE (JUROR_NUMBER,DATE_RECEIVED,TITLE,FIRST_NAME,LAST_NAME,ADDRESS,ADDRESS2,ADDRESS3,ADDRESS4,ADDRESS5,ADDRESS6,ZIP,PROCESSING_STATUS,DATE_OF_BIRTH,PHONE_NUMBER,ALT_PHONE_NUMBER,EMAIL,THIRDPARTY_REASON,RESIDENCY,RESIDENCY_DETAIL,MENTAL_HEALTH_ACT,MENTAL_HEALTH_ACT_DETAILS,BAIL,BAIL_DETAILS,CONVICTIONS,CONVICTIONS_DETAILS,DEFERRAL_REASON,DEFERRAL_DATE,SPECIAL_NEEDS_ARRANGEMENTS,EXCUSAL_REASON, VERSION, JUROR_PHONE_DETAILS, JUROR_EMAIL_DETAILS, STAFF_LOGIN, STAFF_ASSIGNMENT_DATE, URGENT, SUPER_URGENT) VALUES (111111005,(SELECT CURRENT_DATE - interval '5' minute),'Mr','Clint','Brickett','6 Test Street','Wales','Old Radnor','United Kingdom',null,null,'LD82RG','TODO',null,null,null,null,null,'0',null,'0',null,'0',null,'0',null,null,null,null,null,555,'Y', 'Y', null, null, 'N', 'N');
INSERT INTO JUROR_DIGITAL.JUROR_RESPONSE (JUROR_NUMBER,DATE_RECEIVED,TITLE,FIRST_NAME,LAST_NAME,ADDRESS,ADDRESS2,ADDRESS3,ADDRESS4,ADDRESS5,ADDRESS6,ZIP,PROCESSING_STATUS,DATE_OF_BIRTH,PHONE_NUMBER,ALT_PHONE_NUMBER,EMAIL,THIRDPARTY_REASON,RESIDENCY,RESIDENCY_DETAIL,MENTAL_HEALTH_ACT,MENTAL_HEALTH_ACT_DETAILS,BAIL,BAIL_DETAILS,CONVICTIONS,CONVICTIONS_DETAILS,DEFERRAL_REASON,DEFERRAL_DATE,SPECIAL_NEEDS_ARRANGEMENTS,EXCUSAL_REASON, VERSION, JUROR_PHONE_DETAILS, JUROR_EMAIL_DETAILS, STAFF_LOGIN, STAFF_ASSIGNMENT_DATE, URGENT, SUPER_URGENT) VALUES (111111006,(SELECT CURRENT_DATE - interval '6' minute),'Prof','William','Keifer','7 Test Street','Wales','Old Radnor','United Kingdom',null,null,'LD82RG','TODO',null,null,null,null,null,'0',null,'0',null,'0',null,'0',null,null,null,null,null,555,'Y', 'Y', null, null, 'N', 'N');

INSERT INTO JUROR_DIGITAL.JUROR_RESPONSE (JUROR_NUMBER,DATE_RECEIVED,TITLE,FIRST_NAME,LAST_NAME,ADDRESS,ADDRESS2,ADDRESS3,ADDRESS4,ADDRESS5,ADDRESS6,ZIP,PROCESSING_STATUS,DATE_OF_BIRTH,PHONE_NUMBER,ALT_PHONE_NUMBER,EMAIL,THIRDPARTY_REASON,RESIDENCY,RESIDENCY_DETAIL,MENTAL_HEALTH_ACT,MENTAL_HEALTH_ACT_DETAILS,BAIL,BAIL_DETAILS,CONVICTIONS,CONVICTIONS_DETAILS,DEFERRAL_REASON,DEFERRAL_DATE,SPECIAL_NEEDS_ARRANGEMENTS,EXCUSAL_REASON, VERSION, JUROR_PHONE_DETAILS, JUROR_EMAIL_DETAILS, STAFF_LOGIN, STAFF_ASSIGNMENT_DATE, URGENT, SUPER_URGENT) VALUES (111111007,(SELECT CURRENT_DATE - interval '7' minute),'Dr','George','Sweeney','8 Test Street','Wales','Old Radnor','United Kingdom',null,null,'LD82RG','AWAITING_COURT_REPLY',null,null,null,null,null,'0',null,'0',null,'0',null,'0',null,null,null,null,null,555,'Y', 'Y', null, null, 'N', 'Y');

INSERT INTO JUROR_DIGITAL.JUROR_RESPONSE (JUROR_NUMBER,DATE_RECEIVED,TITLE,FIRST_NAME,LAST_NAME,ADDRESS,ADDRESS2,ADDRESS3,ADDRESS4,ADDRESS5,ADDRESS6,ZIP,PROCESSING_STATUS,DATE_OF_BIRTH,PHONE_NUMBER,ALT_PHONE_NUMBER,EMAIL,THIRDPARTY_REASON,RESIDENCY,RESIDENCY_DETAIL,MENTAL_HEALTH_ACT,MENTAL_HEALTH_ACT_DETAILS,BAIL,BAIL_DETAILS,CONVICTIONS,CONVICTIONS_DETAILS,DEFERRAL_REASON,DEFERRAL_DATE,SPECIAL_NEEDS_ARRANGEMENTS,EXCUSAL_REASON, VERSION, JUROR_PHONE_DETAILS, JUROR_EMAIL_DETAILS, STAFF_LOGIN, STAFF_ASSIGNMENT_DATE, URGENT, SUPER_URGENT) VALUES (111111008,(SELECT CURRENT_DATE - interval '8' minute),'Prof','Willie','Wiles','9 Test Street','Scotland','Strathaven','United Kingdom',null,null,'ML106AD','TODO',null,null,null,null,null,'0',null,'0',null,'0',null,'0',null,null,null,null,null,555,'Y', 'Y', 'carneson', CURRENT_DATE, 'Y', 'Y');
INSERT INTO JUROR_DIGITAL.JUROR_RESPONSE (JUROR_NUMBER,DATE_RECEIVED,TITLE,FIRST_NAME,LAST_NAME,ADDRESS,ADDRESS2,ADDRESS3,ADDRESS4,ADDRESS5,ADDRESS6,ZIP,PROCESSING_STATUS,DATE_OF_BIRTH,PHONE_NUMBER,ALT_PHONE_NUMBER,EMAIL,THIRDPARTY_REASON,RESIDENCY,RESIDENCY_DETAIL,MENTAL_HEALTH_ACT,MENTAL_HEALTH_ACT_DETAILS,BAIL,BAIL_DETAILS,CONVICTIONS,CONVICTIONS_DETAILS,DEFERRAL_REASON,DEFERRAL_DATE,SPECIAL_NEEDS_ARRANGEMENTS,EXCUSAL_REASON, VERSION, JUROR_PHONE_DETAILS, JUROR_EMAIL_DETAILS, STAFF_LOGIN, STAFF_ASSIGNMENT_DATE, URGENT, SUPER_URGENT) VALUES (111111009,(SELECT CURRENT_DATE - interval '9' minute),'Rev','Dorsey','Turner','10 Test Street','Wales','Old Radnor','United Kingdom',null,null,'LD82RG','TODO',null,null,null,null,null,'0',null,'0',null,'0',null,'0',null,null,null,null,null,555,'Y', 'Y', 'carneson', CURRENT_DATE, 'N', 'N');
