INSERT INTO JUROR.POOL (part_no, fname, lname, h_email, title, dob, address, address2, address3, address4, zip, h_phone, w_phone, is_active, owner, loc_code, m_phone, responded, poll_number, pool_no, on_call, completion_flag, read_only, contact_preference, reg_spc, ret_date, status) VALUES (209092530, 'Jane', 'CASTILLO', 'jcastillo0@ed.gov', 'Dr', TO_DATE('1984-07-24 16:04:09', 'YYYY-MM-DD HH24:MI:SS'), '4 Knutson Trail', 'Scotland', 'Aberdeen', 'United Kingdom', 'AB39RY', '44(703)209-6993', '44(109)549-5625', 'Y', '400', '448', '44(145)525-2390', 'N', 21112, 555, 'N', 'N', 'N', 0, 'N' , CURRENT_DATE, 1);
INSERT INTO JUROR.POOL (part_no, fname, lname, h_email, title, dob, address, address2, address3, address4, zip, h_phone, w_phone, is_active, owner, loc_code, m_phone, responded, poll_number, pool_no, on_call, completion_flag, read_only, contact_preference, reg_spc, ret_date, status) VALUES (586856851, 'Cynthia', 'BROWN', 'cbrown1@yellowpages.com', 'Rev', TO_DATE('1987-05-08 13:42:18', 'YYYY-MM-DD HH24:MI:SS'), '7 Lunder Park', 'England', 'Weston', 'United Kingdom', 'GU32SW', '44(211)698-2662', '44(551)736-7419', 'Y', '400', '448', '44(520)949-8284', 'N', 19917, 222, 'N', 'N', 'N', 0, 'N' , CURRENT_DATE, 1);
INSERT INTO JUROR.POOL (part_no, fname, lname, h_email, title, dob, address, address2, address3, address4, zip, h_phone, w_phone, is_active, owner, loc_code, m_phone, responded, poll_number, pool_no, on_call, completion_flag, read_only, contact_preference, reg_spc, ret_date, status) VALUES (487498307, 'Kimberly', 'PIERCE', 'kpierce2@plala.or.jp', 'Mr', TO_DATE('1975-02-11 19:57:43', 'YYYY-MM-DD HH24:MI:SS'), '9371 Superior Avenue', 'England', 'Newbiggin', 'United Kingdom', 'NE46TG', '44(513)905-6359', '44(965)467-9567', 'Y', '400', '448', '44(373)639-7785', 'N', 93315, 333, 'N', 'N', 'N', 0, 'N' , CURRENT_DATE, 1);
INSERT INTO JUROR.POOL (part_no, fname, lname, h_email, title, dob, address, address2, address3, address4, zip, h_phone, w_phone, is_active, owner, loc_code, m_phone, responded, poll_number, pool_no, on_call, completion_flag, read_only, contact_preference, reg_spc, ret_date, status) VALUES (472008411, 'Denise', 'ROBERTSON', 'drobertson3@hibu.com', 'Honorable', TO_DATE('1962-03-07 13:50:05', 'YYYY-MM-DD HH24:MI:SS'), '57 Westerfield Parkway', 'England', 'Charlton', 'United Kingdom', 'OX12RV', '44(202)757-0949', '44(665)723-2987', 'Y', '400', '448', '44(170)995-1393', 'N', 93382, 444, 'N', 'N', 'N', 0, 'N' , CURRENT_DATE, 1);
INSERT INTO JUROR.POOL (part_no, fname, lname, h_email, title, dob, address, address2, address3, address4, zip, h_phone, w_phone, is_active, owner, loc_code, m_phone, responded, poll_number, pool_no, on_call, completion_flag, read_only, contact_preference, reg_spc, ret_date, status) VALUES (845814425, 'James', 'LARSON', 'jlarson4@comsenz.com', 'Mrs', TO_DATE('1954-01-10 17:22:45', 'YYYY-MM-DD HH24:MI:SS'), '9 Myrtle Point', 'England', 'Whitchurch', 'United Kingdom', 'BS14QP', '44(750)536-5360', '44(725)985-1004', 'Y', '400', '448', '44(591)514-5758', 'N', 18693, 222, 'N', 'N', 'N', 0, 'N' , CURRENT_DATE, 1);
INSERT INTO JUROR.POOL (part_no, fname, lname, h_email, title, dob, address, address2, address3, address4, zip, h_phone, w_phone, is_active, owner, loc_code, m_phone, responded, poll_number, pool_no, on_call, completion_flag, read_only, contact_preference, reg_spc, ret_date, status) VALUES (275852838, 'Amy', 'WILSON', 'awilson5@msn.com', 'Mrs', TO_DATE('1969-12-06 03:34:49', 'YYYY-MM-DD HH24:MI:SS'), '63720 Warbler Circle', 'England', 'London', 'United Kingdom', 'WC1BNH', '44(765)464-4583', '44(463)659-9522', 'Y', '400', '448', '44(555)703-0191', 'N', 27201, 555, 'N', 'N', 'N', 0, 'N' , CURRENT_DATE, 1);
INSERT INTO JUROR.POOL (part_no, fname, lname, h_email, title, dob, address, address2, address3, address4, zip, h_phone, w_phone, is_active, owner, loc_code, m_phone, responded, poll_number, pool_no, on_call, completion_flag, read_only, contact_preference, reg_spc, ret_date, status) VALUES (811923115, 'Ronald', 'MURPHY', 'rmurphy6@lycos.com', 'Ms', TO_DATE('1978-03-08 10:22:05', 'YYYY-MM-DD HH24:MI:SS'), '13 Jenifer Place', 'England', 'Bradford', 'United Kingdom', 'BD7EN', '44(520)655-4108', '44(506)190-9791', 'Y', '400', '448', '44(504)912-7033', 'N', 92835, 222, 'N', 'N', 'N', 0, 'N' , CURRENT_DATE, 1);
INSERT INTO JUROR.POOL (part_no, fname, lname, h_email, title, dob, address, address2, address3, address4, zip, h_phone, w_phone, is_active, owner, loc_code, m_phone, responded, poll_number, pool_no, on_call, completion_flag, read_only, contact_preference, reg_spc, ret_date, status) VALUES (827761086, 'Laura', 'WASHINGTON', 'lwashington7@printfriendly.com', 'Dr', TO_DATE('1994-07-07 21:49:42', 'YYYY-MM-DD HH24:MI:SS'), '8497 Michigan Road', 'England', 'Sutton', 'United Kingdom', 'RH5XV', '44(893)993-2064', '44(160)893-3475', 'Y', '400', '448', '44(560)504-4476', 'N', 41755, 444, 'N', 'N', 'N', 0, 'N' , CURRENT_DATE, 1);

INSERT INTO JUROR.POOL (part_no, fname, lname, h_email, title, dob, address, address2, address3, address4, zip, h_phone, w_phone, is_active, owner, loc_code, m_phone, responded, poll_number, pool_no, on_call, completion_flag, read_only, contact_preference, reg_spc, ret_date, status) VALUES (310181421, 'Calum', 'GRIFFITHS', 'cgriffiths0@ed.gov', 'Dr', TO_DATE('1985-08-25 17:05:10', 'YYYY-MM-DD HH24:MI:SS'), '23 Station Hill', 'England', 'Farnham', 'United Kingdom', 'GU98AD', '44(703)209-6994', '44(109)549-5626', 'Y', '400', '448', '44(145)525-2391', 'N', 21113, 555, 'N', 'N', 'N', 0, 'N' , CURRENT_DATE, 1);
INSERT INTO JUROR.POOL (part_no, fname, lname, h_email, title, dob, address, address2, address3, address4, zip, h_phone, w_phone, is_active, owner, loc_code, m_phone, responded, poll_number, pool_no, on_call, completion_flag, read_only, contact_preference, reg_spc, ret_date, status) VALUES (697967962, 'Eleanor', 'MORAN', 'emoran1@yellowpages.com', 'Rev', TO_DATE('1980-10-01 06:35:11', 'YYYY-MM-DD HH24:MI:SS'), '12 West Square', 'England', 'Scarborough', 'United Kingdom', 'YO111TN', '44(211)698-2661', '44(551)736-7420', 'Y', '400', '448', '44(520)949-8285', 'N', 19918, 222, 'N', 'N', 'N', 0, 'N' , CURRENT_DATE, 1);


INSERT INTO JUROR_DIGITAL.JUROR_RESPONSE (JUROR_NUMBER,DATE_RECEIVED,TITLE,FIRST_NAME,LAST_NAME,ADDRESS,ADDRESS2,ADDRESS3,ADDRESS4,ADDRESS5,ADDRESS6,ZIP,PROCESSING_STATUS,DATE_OF_BIRTH,PHONE_NUMBER,ALT_PHONE_NUMBER,EMAIL,THIRDPARTY_REASON,RESIDENCY,RESIDENCY_DETAIL,MENTAL_HEALTH_ACT,MENTAL_HEALTH_ACT_DETAILS,BAIL,BAIL_DETAILS,CONVICTIONS,CONVICTIONS_DETAILS,DEFERRAL_REASON,DEFERRAL_DATE,SPECIAL_NEEDS_ARRANGEMENTS,EXCUSAL_REASON, VERSION, JUROR_PHONE_DETAILS, JUROR_EMAIL_DETAILS, STAFF_LOGIN, STAFF_ASSIGNMENT_DATE, URGENT, SUPER_URGENT) VALUES (209092530, CURRENT_DATE,null,null,null,null,null,null,null,null,null,null,'TODO',null,null,null,null,null,'0',null,'0',null,'0',null,'0',null,null,null,null,null,555,'Y', 'Y', 'ncrawford' , CURRENT_DATE, 'Y', 'N');
INSERT INTO JUROR_DIGITAL.JUROR_RESPONSE (JUROR_NUMBER,DATE_RECEIVED,TITLE,FIRST_NAME,LAST_NAME,ADDRESS,ADDRESS2,ADDRESS3,ADDRESS4,ADDRESS5,ADDRESS6,ZIP,PROCESSING_STATUS,DATE_OF_BIRTH,PHONE_NUMBER,ALT_PHONE_NUMBER,EMAIL,THIRDPARTY_REASON,RESIDENCY,RESIDENCY_DETAIL,MENTAL_HEALTH_ACT,MENTAL_HEALTH_ACT_DETAILS,BAIL,BAIL_DETAILS,CONVICTIONS,CONVICTIONS_DETAILS,DEFERRAL_REASON,DEFERRAL_DATE,SPECIAL_NEEDS_ARRANGEMENTS,EXCUSAL_REASON, JUROR_PHONE_DETAILS, JUROR_EMAIL_DETAILS, STAFF_LOGIN, STAFF_ASSIGNMENT_DATE) VALUES (586856851,(SELECT CURRENT_DATE-3),null,null,null,null,null,null,null,null,null,null,'TODO',null,null,null,null,null,'0',null,'0',null,'0',null,'0',null,null,null,'nuts allergy',null,'Y', 'Y', 'ncrawford' , CURRENT_DATE);-- juror 2
INSERT INTO JUROR_DIGITAL.JUROR_RESPONSE (JUROR_NUMBER,DATE_RECEIVED,TITLE,FIRST_NAME,LAST_NAME,ADDRESS,ADDRESS2,ADDRESS3,ADDRESS4,ADDRESS5,ADDRESS6,ZIP,PROCESSING_STATUS,DATE_OF_BIRTH,PHONE_NUMBER,ALT_PHONE_NUMBER,EMAIL,THIRDPARTY_REASON,RESIDENCY,RESIDENCY_DETAIL,MENTAL_HEALTH_ACT,MENTAL_HEALTH_ACT_DETAILS,BAIL,BAIL_DETAILS,CONVICTIONS,CONVICTIONS_DETAILS,DEFERRAL_REASON,DEFERRAL_DATE,SPECIAL_NEEDS_ARRANGEMENTS,EXCUSAL_REASON, JUROR_PHONE_DETAILS, JUROR_EMAIL_DETAILS, STAFF_LOGIN, STAFF_ASSIGNMENT_DATE) VALUES (487498307,(SELECT CURRENT_DATE-9),null,null,null,null,null,null,null,null,null,null,'TODO',null,null,null,null,null,'0',null,'0',null,'0',null,'0',null,null,null,'wheelchair access',null,'Y', 'Y', 'ncrawford', CURRENT_DATE);-- juror 3
INSERT INTO JUROR_DIGITAL.JUROR_RESPONSE (JUROR_NUMBER,DATE_RECEIVED,TITLE,FIRST_NAME,LAST_NAME,ADDRESS,ADDRESS2,ADDRESS3,ADDRESS4,ADDRESS5,ADDRESS6,ZIP,PROCESSING_STATUS,DATE_OF_BIRTH,PHONE_NUMBER,ALT_PHONE_NUMBER,EMAIL,THIRDPARTY_REASON,RESIDENCY,RESIDENCY_DETAIL,MENTAL_HEALTH_ACT,MENTAL_HEALTH_ACT_DETAILS,BAIL,BAIL_DETAILS,CONVICTIONS,CONVICTIONS_DETAILS,DEFERRAL_REASON,DEFERRAL_DATE,SPECIAL_NEEDS_ARRANGEMENTS,EXCUSAL_REASON, JUROR_PHONE_DETAILS, JUROR_EMAIL_DETAILS, STAFF_LOGIN, STAFF_ASSIGNMENT_DATE, URGENT, SUPER_URGENT) VALUES (472008411,(SELECT CURRENT_DATE-10),null,null,null,null,null,null,null,null,null,null,'AWAITING_CONTACT',null,null,null,null,null,'0',null,'0',null,'0',null,'0',null,null,null, null,null,'Y', 'Y', 'ncrawford', CURRENT_DATE, 'N', 'Y');--juror 4
INSERT INTO JUROR_DIGITAL.JUROR_RESPONSE (JUROR_NUMBER,DATE_RECEIVED,TITLE,FIRST_NAME,LAST_NAME,ADDRESS,ADDRESS2,ADDRESS3,ADDRESS4,ADDRESS5,ADDRESS6,ZIP,PROCESSING_STATUS,DATE_OF_BIRTH,PHONE_NUMBER,ALT_PHONE_NUMBER,EMAIL,THIRDPARTY_REASON,RESIDENCY,RESIDENCY_DETAIL,MENTAL_HEALTH_ACT,MENTAL_HEALTH_ACT_DETAILS,BAIL,BAIL_DETAILS,CONVICTIONS,CONVICTIONS_DETAILS,DEFERRAL_REASON,DEFERRAL_DATE,SPECIAL_NEEDS_ARRANGEMENTS,EXCUSAL_REASON, JUROR_PHONE_DETAILS, JUROR_EMAIL_DETAILS, STAFF_LOGIN, STAFF_ASSIGNMENT_DATE) VALUES (845814425,(SELECT CURRENT_DATE-11),null,null,null,null,null,null,null,null,null,null,'AWAITING_TRANSLATION',null,null,null,null,null,'0',null,'0',null,'0',null,'0',null,null,null,null,null,'Y', 'Y', 'ncrawford', CURRENT_DATE);-- juror 5
INSERT INTO JUROR_DIGITAL.JUROR_RESPONSE (JUROR_NUMBER,DATE_RECEIVED,TITLE,FIRST_NAME,LAST_NAME,ADDRESS,ADDRESS2,ADDRESS3,ADDRESS4,ADDRESS5,ADDRESS6,ZIP,PROCESSING_STATUS,DATE_OF_BIRTH,PHONE_NUMBER,ALT_PHONE_NUMBER,EMAIL,THIRDPARTY_REASON,RESIDENCY,RESIDENCY_DETAIL,MENTAL_HEALTH_ACT,MENTAL_HEALTH_ACT_DETAILS,BAIL,BAIL_DETAILS,CONVICTIONS,CONVICTIONS_DETAILS,DEFERRAL_REASON,DEFERRAL_DATE,SPECIAL_NEEDS_ARRANGEMENTS,EXCUSAL_REASON, JUROR_PHONE_DETAILS, JUROR_EMAIL_DETAILS, STAFF_LOGIN, STAFF_ASSIGNMENT_DATE) VALUES (275852838,(SELECT CURRENT_DATE-5),null,null,null,null,null,null,null,null,null,null,'AWAITING_COURT_REPLY',null,null,null,null,null,'0',null,'0',null,'0',null,'0',null,null,null,null,null,'Y', 'Y', 'ncrawford', CURRENT_DATE);-- juror 6
INSERT INTO JUROR_DIGITAL.JUROR_RESPONSE (JUROR_NUMBER,DATE_RECEIVED,TITLE,FIRST_NAME,LAST_NAME,ADDRESS,ADDRESS2,ADDRESS3,ADDRESS4,ADDRESS5,ADDRESS6,ZIP,PROCESSING_STATUS,DATE_OF_BIRTH,PHONE_NUMBER,ALT_PHONE_NUMBER,EMAIL,THIRDPARTY_REASON,RESIDENCY,RESIDENCY_DETAIL,MENTAL_HEALTH_ACT,MENTAL_HEALTH_ACT_DETAILS,BAIL,BAIL_DETAILS,CONVICTIONS,CONVICTIONS_DETAILS,DEFERRAL_REASON,DEFERRAL_DATE,SPECIAL_NEEDS_ARRANGEMENTS,EXCUSAL_REASON, JUROR_PHONE_DETAILS, JUROR_EMAIL_DETAILS, STAFF_LOGIN, STAFF_ASSIGNMENT_DATE) VALUES (811923115,(SELECT CURRENT_DATE-4),null,null,null,null,null,null,null,null,null,null,'AWAITING_CONTACT',null,null,null,null,null,'0',null,'0',null,'0',null,'0',null,null,null,'seat cushion',null,'Y', 'Y', 'ncrawford', CURRENT_DATE);-- juror 7
INSERT INTO JUROR_DIGITAL.JUROR_RESPONSE (JUROR_NUMBER,DATE_RECEIVED,TITLE,FIRST_NAME,LAST_NAME,ADDRESS,ADDRESS2,ADDRESS3,ADDRESS4,ADDRESS5,ADDRESS6,ZIP,PROCESSING_STATUS,DATE_OF_BIRTH,PHONE_NUMBER,ALT_PHONE_NUMBER,EMAIL,THIRDPARTY_REASON,RESIDENCY,RESIDENCY_DETAIL,MENTAL_HEALTH_ACT,MENTAL_HEALTH_ACT_DETAILS,BAIL,BAIL_DETAILS,CONVICTIONS,CONVICTIONS_DETAILS,DEFERRAL_REASON,DEFERRAL_DATE,SPECIAL_NEEDS_ARRANGEMENTS,EXCUSAL_REASON, JUROR_PHONE_DETAILS, JUROR_EMAIL_DETAILS, STAFF_LOGIN, STAFF_ASSIGNMENT_DATE, COMPLETED_AT) VALUES (827761086,(SELECT CURRENT_DATE-2),null,null,null,null,null,null,null,null,null,null,'CLOSED',null,null,null,null,null,'0',null,'0',null,'0',null,'0',null,null,null,null,null,'Y', 'Y', 'ncrawford', (SELECT CURRENT_DATE -1), CURRENT_DATE);-- juror 8

INSERT INTO JUROR_DIGITAL.JUROR_RESPONSE (JUROR_NUMBER,DATE_RECEIVED,TITLE,FIRST_NAME,LAST_NAME,ADDRESS,ADDRESS2,ADDRESS3,ADDRESS4,ADDRESS5,ADDRESS6,ZIP,PROCESSING_STATUS,DATE_OF_BIRTH,PHONE_NUMBER,ALT_PHONE_NUMBER,EMAIL,THIRDPARTY_REASON,RESIDENCY,RESIDENCY_DETAIL,MENTAL_HEALTH_ACT,MENTAL_HEALTH_ACT_DETAILS,BAIL,BAIL_DETAILS,CONVICTIONS,CONVICTIONS_DETAILS,DEFERRAL_REASON,DEFERRAL_DATE,SPECIAL_NEEDS_ARRANGEMENTS,EXCUSAL_REASON, VERSION, JUROR_PHONE_DETAILS, JUROR_EMAIL_DETAILS, STAFF_LOGIN, STAFF_ASSIGNMENT_DATE) VALUES (310181421,CURRENT_DATE,null,null,null,null,null,null,null,null,null,null,'TODO',null,null,null,null,null,'0',null,'0',null,'0',null,'0',null,null,null,null,null,555,'Y', 'Y', 'lrees', CURRENT_DATE);
INSERT INTO JUROR_DIGITAL.JUROR_RESPONSE (JUROR_NUMBER,DATE_RECEIVED,TITLE,FIRST_NAME,LAST_NAME,ADDRESS,ADDRESS2,ADDRESS3,ADDRESS4,ADDRESS5,ADDRESS6,ZIP,PROCESSING_STATUS,DATE_OF_BIRTH,PHONE_NUMBER,ALT_PHONE_NUMBER,EMAIL,THIRDPARTY_REASON,RESIDENCY,RESIDENCY_DETAIL,MENTAL_HEALTH_ACT,MENTAL_HEALTH_ACT_DETAILS,BAIL,BAIL_DETAILS,CONVICTIONS,CONVICTIONS_DETAILS,DEFERRAL_REASON,DEFERRAL_DATE,SPECIAL_NEEDS_ARRANGEMENTS,EXCUSAL_REASON, JUROR_PHONE_DETAILS, JUROR_EMAIL_DETAILS, STAFF_LOGIN, STAFF_ASSIGNMENT_DATE) VALUES (697967962,(SELECT CURRENT_DATE-8),null,null,null,null,null,null,null,null,null,null,'CLOSED',null,null,null,null,null,'0',null,'0',null,'0',null,'0',null,null,null,null,null,'Y', 'Y', 'ncrawford', (SELECT CURRENT_DATE-7));

INSERT INTO juror_mod.users (owner, username, name, level, active,password)
VALUES ('400','ncrawford','Natasha Crawford',0,true,'5baa61e4c9b93f3f'),
       ('400','lrees','Lewis Rees',0,true,'5baa61e4c9b93f3f'),
       ('400','kfry','Katherine Fry',0,true,'5baa61e4c9b93f3f');