--Staff
INSERT INTO juror_mod.users (owner, username, name, level, active,team_id,version, password)
VALUES ('400','carneson','Chad Arneson',0,true,1,1,'5baa61e4c9b93f3f'),
       ('400','sgomez','Susie Gomez',0,true,2,1,'5baa61e4c9b93f3f'),
       ('400','mruby','Martin Ruby',0,true,3,1,'5baa61e4c9b93f3f'),
       ('400','cbeasley','Charles Beasley',1,true,1,1,'5baa61e4c9b93f3f'),
       ('400','tgarrett','Timothy Garrett',1,true,2,1,'5baa61e4c9b93f3f'),
       ('400','ksalazar','Kris Salazar',1,true,3,1,'5baa61e4c9b93f3f');


--Juror Pool
INSERT INTO JUROR.POOL (part_no, fname, lname, h_email, title, dob, address, address2, address3, address4, zip, h_phone, w_phone, is_active, owner, loc_code, m_phone, responded, poll_number, pool_no, on_call, completion_flag, read_only, contact_preference, reg_spc, ret_date, status) VALUES (111111000, 'Eleanor', 'Milne', 'Milne0@email.com', 'Rev', TO_DATE('1976-07-18 00:00:01', 'YYYY-MM-DD HH24:MI:SS'), '1 Test Street', 'Scotland', 'Strathaven', 'United Kingdom', 'ML106AD', '44135101-1110', '44135201-1110', 'Y', '400', '448', '44776-301-1110', 'N', 0, 101, 'N', 'N', 'N', 0, 'N', CURRENT_DATE, 1);
INSERT INTO JUROR.POOL (part_no, fname, lname, h_email, title, dob, address, address2, address3, address4, zip, h_phone, w_phone, is_active, owner, loc_code, m_phone, responded, poll_number, pool_no, on_call, completion_flag, read_only, contact_preference, reg_spc, ret_date, status) VALUES (111111001, 'Ada', 'Ambers', 'Ambers1@email.com', 'Prof', TO_DATE('1985-05-15 00:00:01', 'YYYY-MM-DD HH24:MI:SS'), '2 Test Street', 'England', 'Aldershot', 'United Kingdom', 'GU124AL', '44125101-1111', '44125201-1111', 'Y', '400', '448', '44776-301-1111', 'N', 1, 101, 'N', 'N', 'N', 0, 'N', CURRENT_DATE, 1);
INSERT INTO JUROR.POOL (part_no, fname, lname, h_email, title, dob, address, address2, address3, address4, zip, h_phone, w_phone, is_active, owner, loc_code, m_phone, responded, poll_number, pool_no, on_call, completion_flag, read_only, contact_preference, reg_spc, ret_date, status) VALUES (111111002, 'Frank', 'Jones', 'Jones2@email.com', 'Rev', TO_DATE('1989-05-09 00:00:01', 'YYYY-MM-DD HH24:MI:SS'), '3 Test Street', 'Wales', 'Old Radnor', 'United Kingdom', 'LD82RG', '44154101-1112', '44154201-1112', 'Y', '400', '448', '44776-301-1112', 'N', 2, 101, 'N', 'N', 'N', 0, 'N', CURRENT_DATE, 1);
INSERT INTO JUROR.POOL (part_no, fname, lname, h_email, title, dob, address, address2, address3, address4, zip, h_phone, w_phone, is_active, owner, loc_code, m_phone, responded, poll_number, pool_no, on_call, completion_flag, read_only, contact_preference, reg_spc, ret_date, status) VALUES (111111003, 'Barbara', 'Linares', 'Linares3@email.com', 'Prof', TO_DATE('1987-03-02 00:00:01', 'YYYY-MM-DD HH24:MI:SS'), '4 Test Street', 'Scotland', 'Strathaven', 'United Kingdom', 'ML106AD', '44135101-1113', '44135201-1113', 'Y', '400', '448', '44776-301-1113', 'N', 3, 101, 'N', 'N', 'N', 0, 'N', CURRENT_DATE, 1);
INSERT INTO JUROR.POOL (part_no, fname, lname, h_email, title, dob, address, address2, address3, address4, zip, h_phone, w_phone, is_active, owner, loc_code, m_phone, responded, poll_number, pool_no, on_call, completion_flag, read_only, contact_preference, reg_spc, ret_date, status) VALUES (111111004, 'Wayne', 'Kennedy', 'Kennedy4@email.com', 'Mr', TO_DATE('1989-03-02 00:00:01', 'YYYY-MM-DD HH24:MI:SS'), '5 Test Street', 'Wales', 'Old Radnor', 'United Kingdom', 'LD82RG', '44154101-1114', '44154201-1114', 'Y', '400', '448', '44776-301-1114', 'N', 4, 101, 'N', 'N', 'N', 0, 'N', CURRENT_DATE, 1);
INSERT INTO JUROR.POOL (part_no, fname, lname, h_email, title, dob, address, address2, address3, address4, zip, h_phone, w_phone, is_active, owner, loc_code, m_phone, responded, poll_number, pool_no, on_call, completion_flag, read_only, contact_preference, reg_spc, ret_date, status) VALUES (111111005, 'Clint', 'Brickett', 'Brickett5@email.com', 'Mr', TO_DATE('1960-12-15 00:00:01', 'YYYY-MM-DD HH24:MI:SS'), '6 Test Street', 'Wales', 'Old Radnor', 'United Kingdom', 'LD82RG', '44154101-1115', '44154201-1115', 'Y', '400', '448', '44776-301-1115', 'N', 5, 101, 'N', 'N', 'N', 0, 'N', CURRENT_DATE, 1);
INSERT INTO JUROR.POOL (part_no, fname, lname, h_email, title, dob, address, address2, address3, address4, zip, h_phone, w_phone, is_active, owner, loc_code, m_phone, responded, poll_number, pool_no, on_call, completion_flag, read_only, contact_preference, reg_spc, ret_date, status) VALUES (111111006, 'William', 'Keifer', 'Keifer6@email.com', 'Prof', TO_DATE('1980-04-03 00:00:01', 'YYYY-MM-DD HH24:MI:SS'), '7 Test Street', 'Wales', 'Old Radnor', 'United Kingdom', 'LD82RG', '44154101-1116', '44154201-1116', 'Y', '400', '448', '44776-301-1116', 'N', 6, 101, 'N', 'N', 'N', 0, 'N', CURRENT_DATE, 1);
INSERT INTO JUROR.POOL (part_no, fname, lname, h_email, title, dob, address, address2, address3, address4, zip, h_phone, w_phone, is_active, owner, loc_code, m_phone, responded, poll_number, pool_no, on_call, completion_flag, read_only, contact_preference, reg_spc, ret_date, status) VALUES (111111007, 'George', 'Sweeney', 'Sweeney7@email.com', 'Dr', TO_DATE('1975-05-18 00:00:01', 'YYYY-MM-DD HH24:MI:SS'), '8 Test Street', 'Wales', 'Old Radnor', 'United Kingdom', 'LD82RG', '44154101-1117', '44154201-1117', 'Y', '400', '448', '44776-301-1117', 'N', 7, 101, 'N', 'N', 'N', 0, 'N', CURRENT_DATE, 1);
INSERT INTO JUROR.POOL (part_no, fname, lname, h_email, title, dob, address, address2, address3, address4, zip, h_phone, w_phone, is_active, owner, loc_code, m_phone, responded, poll_number, pool_no, on_call, completion_flag, read_only, contact_preference, reg_spc, ret_date, status) VALUES (111111008, 'Willie', 'Wiles', 'Wiles8@email.com', 'Prof', TO_DATE('1984-06-19 00:00:01', 'YYYY-MM-DD HH24:MI:SS'), '9 Test Street', 'Scotland', 'Strathaven', 'United Kingdom', 'ML106AD', '44135101-1118', '44135201-1118', 'Y', '400', '448', '44776-301-1118', 'N', 8, 101, 'N', 'N', 'N', 0, 'N', CURRENT_DATE, 1);
INSERT INTO JUROR.POOL (part_no, fname, lname, h_email, title, dob, address, address2, address3, address4, zip, h_phone, w_phone, is_active, owner, loc_code, m_phone, responded, poll_number, pool_no, on_call, completion_flag, read_only, contact_preference, reg_spc, ret_date, status) VALUES (111111009, 'Dorsey', 'Turner', 'Turner9@email.com', 'Rev', TO_DATE('1981-10-10 00:00:01', 'YYYY-MM-DD HH24:MI:SS'), '10 Test Street', 'Wales', 'Old Radnor', 'United Kingdom', 'LD82RG', '44154101-1119', '44154201-1119', 'Y', '400', '448', '44776-301-1119', 'N', 9, 101, 'N', 'N', 'N', 0, 'N', CURRENT_DATE, 1);
INSERT INTO JUROR.POOL (part_no, fname, lname, h_email, title, dob, address, address2, address3, address4, zip, h_phone, w_phone, is_active, owner, loc_code, m_phone, responded, poll_number, pool_no, on_call, completion_flag, read_only, contact_preference, reg_spc, ret_date, status) VALUES (111111010, 'April', 'Baker', 'Baker10@email.com', 'Prof', TO_DATE('1969-08-15 00:00:01', 'YYYY-MM-DD HH24:MI:SS'), '11 Test Street', 'Scotland', 'Ochiltree', 'United Kingdom', 'KA182NT', '44120101-1120', '44120201-1120', 'Y', '400', '448', '44776-301-1120', 'N', 10, 101, 'N', 'N', 'N', 0, 'N', CURRENT_DATE, 1);
INSERT INTO JUROR.POOL (part_no, fname, lname, h_email, title, dob, address, address2, address3, address4, zip, h_phone, w_phone, is_active, owner, loc_code, m_phone, responded, poll_number, pool_no, on_call, completion_flag, read_only, contact_preference, reg_spc, ret_date, status) VALUES (111111011, 'Jeff', 'Newton', 'Newton11@email.com', 'Dr', TO_DATE('1971-05-28 00:00:01', 'YYYY-MM-DD HH24:MI:SS'), '12 Test Street', 'Scotland', 'Ochiltree', 'United Kingdom', 'KA182NT', '44120101-1121', '44120201-1121', 'Y', '400', '448', '44776-301-1121', 'N', 11, 101, 'N', 'N', 'N', 0, 'N', CURRENT_DATE, 1);
INSERT INTO JUROR.POOL (part_no, fname, lname, h_email, title, dob, address, address2, address3, address4, zip, h_phone, w_phone, is_active, owner, loc_code, m_phone, responded, poll_number, pool_no, on_call, completion_flag, read_only, contact_preference, reg_spc, ret_date, status) VALUES (111111012, 'Efrain', 'Johnson', 'Johnson12@email.com', 'Dr', TO_DATE('1988-08-25 00:00:01', 'YYYY-MM-DD HH24:MI:SS'), '13 Test Street', 'Scotland', 'Ochiltree', 'United Kingdom', 'KA182NT', '44120101-1122', '44120201-1122', 'Y', '400', '448', '44776-301-1122', 'N', 12, 101, 'N', 'N', 'N', 0, 'N', CURRENT_DATE, 1);
INSERT INTO JUROR.POOL (part_no, fname, lname, h_email, title, dob, address, address2, address3, address4, zip, h_phone, w_phone, is_active, owner, loc_code, m_phone, responded, poll_number, pool_no, on_call, completion_flag, read_only, contact_preference, reg_spc, ret_date, status) VALUES (111111013, 'Michelle', 'Heard', 'Heard13@email.com', 'Miss', TO_DATE('1985-07-16 00:00:01', 'YYYY-MM-DD HH24:MI:SS'), '14 Test Street', 'Scotland', 'Ochiltree', 'United Kingdom', 'KA182NT', '44120101-1123', '44120201-1123', 'Y', '400', '448', '44776-301-1123', 'N', 13, 101, 'N', 'N', 'N', 0, 'N', CURRENT_DATE, 1);
INSERT INTO JUROR.POOL (part_no, fname, lname, h_email, title, dob, address, address2, address3, address4, zip, h_phone, w_phone, is_active, owner, loc_code, m_phone, responded, poll_number, pool_no, on_call, completion_flag, read_only, contact_preference, reg_spc, ret_date, status) VALUES (111111014, 'Joshua', 'Ferree', 'Ferree14@email.com', 'Mr', TO_DATE('1995-11-12 00:00:01', 'YYYY-MM-DD HH24:MI:SS'), '15 Test Street', 'Scotland', 'Ochiltree', 'United Kingdom', 'KA182NT', '44120101-1124', '44120201-1124', 'Y', '400', '448', '44776-301-1124', 'N', 14, 101, 'N', 'N', 'N', 0, 'N', CURRENT_DATE, 1);
INSERT INTO JUROR.POOL (part_no, fname, lname, h_email, title, dob, address, address2, address3, address4, zip, h_phone, w_phone, is_active, owner, loc_code, m_phone, responded, poll_number, pool_no, on_call, completion_flag, read_only, contact_preference, reg_spc, ret_date, status) VALUES (111111015, 'Richard', 'Smith', 'Smith15@email.com', 'Mr', TO_DATE('1972-08-13 00:00:01', 'YYYY-MM-DD HH24:MI:SS'), '16 Test Street', 'Scotland', 'Ochiltree', 'United Kingdom', 'KA182NT', '44120101-1125', '44120201-1125', 'Y', '400', '448', '44776-301-1125', 'N', 15, 101, 'N', 'N', 'N', 0, 'N', CURRENT_DATE, 1);
INSERT INTO JUROR.POOL (part_no, fname, lname, h_email, title, dob, address, address2, address3, address4, zip, h_phone, w_phone, is_active, owner, loc_code, m_phone, responded, poll_number, pool_no, on_call, completion_flag, read_only, contact_preference, reg_spc, ret_date, status) VALUES (111111016, 'Irene', 'Best', 'Best16@email.com', 'Mrs', TO_DATE('1965-04-18 00:00:01', 'YYYY-MM-DD HH24:MI:SS'), '17 Test Street', 'Scotland', 'Ochiltree', 'United Kingdom', 'KA182NT', '44120101-1126', '44120201-1126', 'Y', '400', '448', '44776-301-1126', 'N', 16, 101, 'N', 'N', 'N', 0, 'N', CURRENT_DATE, 1);
INSERT INTO JUROR.POOL (part_no, fname, lname, h_email, title, dob, address, address2, address3, address4, zip, h_phone, w_phone, is_active, owner, loc_code, m_phone, responded, poll_number, pool_no, on_call, completion_flag, read_only, contact_preference, reg_spc, ret_date, status) VALUES (111111017, 'Michelle', 'Schamberger', 'Schamberger17@email.com', 'Dr', TO_DATE('1984-08-09 00:00:01', 'YYYY-MM-DD HH24:MI:SS'), '18 Test Street', 'Scotland', 'Ochiltree', 'United Kingdom', 'KA182NT', '44120101-1127', '44120201-1127', 'Y', '400', '448', '44776-301-1127', 'N', 17, 101, 'N', 'N', 'N', 0, 'N', CURRENT_DATE, 1);
INSERT INTO JUROR.POOL (part_no, fname, lname, h_email, title, dob, address, address2, address3, address4, zip, h_phone, w_phone, is_active, owner, loc_code, m_phone, responded, poll_number, pool_no, on_call, completion_flag, read_only, contact_preference, reg_spc, ret_date, status) VALUES (111111018, 'Terry', 'Gullickson', 'Gullickson18@email.com', 'Mrs', TO_DATE('1973-01-06 00:00:01', 'YYYY-MM-DD HH24:MI:SS'), '19 Test Street', 'Scotland', 'Ochiltree', 'United Kingdom', 'KA182NT', '44120101-1128', '44120201-1128', 'Y', '400', '448', '44776-301-1128', 'N', 18, 101, 'N', 'N', 'N', 0, 'N', CURRENT_DATE, 1);
INSERT INTO JUROR.POOL (part_no, fname, lname, h_email, title, dob, address, address2, address3, address4, zip, h_phone, w_phone, is_active, owner, loc_code, m_phone, responded, poll_number, pool_no, on_call, completion_flag, read_only, contact_preference, reg_spc, ret_date, status) VALUES (111111019, 'Edward', 'Rueda', 'Rueda19@email.com', 'Dr', TO_DATE('1974-03-22 00:00:01', 'YYYY-MM-DD HH24:MI:SS'), '20 Test Street', 'Scotland', 'Ochiltree', 'United Kingdom', 'KA182NT', '44120101-1129', '44120201-1129', 'Y', '400', '448', '44776-301-1129', 'N', 19, 101, 'N', 'N', 'N', 0, 'N', CURRENT_DATE, 1);
INSERT INTO JUROR.POOL (part_no, fname, lname, h_email, title, dob, address, address2, address3, address4, zip, h_phone, w_phone, is_active, owner, loc_code, m_phone, responded, poll_number, pool_no, on_call, completion_flag, read_only, contact_preference, reg_spc, ret_date, status) VALUES (111111020, 'Eleanor', 'Milne', 'Milne0@email.com', 'Rev', TO_DATE('1976-07-18 00:00:01', 'YYYY-MM-DD HH24:MI:SS'), '1 Test Street', 'Scotland', 'Strathaven', 'United Kingdom', 'ML106AD', '44135101-1110', '44135201-1110', 'Y', '400', '448', '44776-301-1110', 'N', 0, 101, 'N', 'N', 'N', 0, 'N', CURRENT_DATE, 1);

--Juror Response without staff
INSERT INTO JUROR_DIGITAL.JUROR_RESPONSE (JUROR_NUMBER,DATE_RECEIVED,TITLE,FIRST_NAME,LAST_NAME,ADDRESS,ADDRESS2,ADDRESS3,ADDRESS4,ADDRESS5,ADDRESS6,ZIP,PROCESSING_STATUS,DATE_OF_BIRTH,PHONE_NUMBER,ALT_PHONE_NUMBER,EMAIL,THIRDPARTY_REASON,RESIDENCY,RESIDENCY_DETAIL,MENTAL_HEALTH_ACT,MENTAL_HEALTH_ACT_DETAILS,BAIL,BAIL_DETAILS,CONVICTIONS,CONVICTIONS_DETAILS,DEFERRAL_REASON,DEFERRAL_DATE,SPECIAL_NEEDS_ARRANGEMENTS,EXCUSAL_REASON, VERSION, JUROR_PHONE_DETAILS, JUROR_EMAIL_DETAILS, STAFF_LOGIN, STAFF_ASSIGNMENT_DATE, URGENT, SUPER_URGENT) VALUES (111111000,(SELECT CURRENT_DATE - interval '0' minute),'Rev','Eleanor','Milne','1 Test Street','Scotland','Strathaven','United Kingdom',null,null,'ML106AD','TODO',null,null,null,null,null,'0',null,'0',null,'0',null,'0',null,null,null,null,null,555,'Y', 'Y', null, null, 'Y', 'N');
INSERT INTO JUROR_DIGITAL.JUROR_RESPONSE (JUROR_NUMBER,DATE_RECEIVED,TITLE,FIRST_NAME,LAST_NAME,ADDRESS,ADDRESS2,ADDRESS3,ADDRESS4,ADDRESS5,ADDRESS6,ZIP,PROCESSING_STATUS,DATE_OF_BIRTH,PHONE_NUMBER,ALT_PHONE_NUMBER,EMAIL,THIRDPARTY_REASON,RESIDENCY,RESIDENCY_DETAIL,MENTAL_HEALTH_ACT,MENTAL_HEALTH_ACT_DETAILS,BAIL,BAIL_DETAILS,CONVICTIONS,CONVICTIONS_DETAILS,DEFERRAL_REASON,DEFERRAL_DATE,SPECIAL_NEEDS_ARRANGEMENTS,EXCUSAL_REASON, VERSION, JUROR_PHONE_DETAILS, JUROR_EMAIL_DETAILS, STAFF_LOGIN, STAFF_ASSIGNMENT_DATE, URGENT, SUPER_URGENT) VALUES (111111001,(SELECT CURRENT_DATE - interval '1' minute),'Prof','Ada','Ambers','2 Test Street','England','Aldershot','United Kingdom',null,null,'GU124AL','TODO',null,null,null,null,null,'0',null,'0',null,'0',null,'0',null,null,null,null,null,555,'Y', 'Y', null, null, 'Y', 'N');

INSERT INTO JUROR_DIGITAL.JUROR_RESPONSE (JUROR_NUMBER,DATE_RECEIVED,TITLE,FIRST_NAME,LAST_NAME,ADDRESS,ADDRESS2,ADDRESS3,ADDRESS4,ADDRESS5,ADDRESS6,ZIP,PROCESSING_STATUS,DATE_OF_BIRTH,PHONE_NUMBER,ALT_PHONE_NUMBER,EMAIL,THIRDPARTY_REASON,RESIDENCY,RESIDENCY_DETAIL,MENTAL_HEALTH_ACT,MENTAL_HEALTH_ACT_DETAILS,BAIL,BAIL_DETAILS,CONVICTIONS,CONVICTIONS_DETAILS,DEFERRAL_REASON,DEFERRAL_DATE,SPECIAL_NEEDS_ARRANGEMENTS,EXCUSAL_REASON, VERSION, JUROR_PHONE_DETAILS, JUROR_EMAIL_DETAILS, STAFF_LOGIN, STAFF_ASSIGNMENT_DATE, URGENT, SUPER_URGENT) VALUES (111111002,(SELECT CURRENT_DATE - interval '2' minute),'Rev','Frank','Jones','3 Test Street','Wales','Old Radnor','United Kingdom',null,null,'LD82RG','TODO',null,null,null,null,null,'0',null,'0',null,'0',null,'0',null,null,null,null,null,555,'Y', 'Y', null, null, 'N', 'Y');
INSERT INTO JUROR_DIGITAL.JUROR_RESPONSE (JUROR_NUMBER,DATE_RECEIVED,TITLE,FIRST_NAME,LAST_NAME,ADDRESS,ADDRESS2,ADDRESS3,ADDRESS4,ADDRESS5,ADDRESS6,ZIP,PROCESSING_STATUS,DATE_OF_BIRTH,PHONE_NUMBER,ALT_PHONE_NUMBER,EMAIL,THIRDPARTY_REASON,RESIDENCY,RESIDENCY_DETAIL,MENTAL_HEALTH_ACT,MENTAL_HEALTH_ACT_DETAILS,BAIL,BAIL_DETAILS,CONVICTIONS,CONVICTIONS_DETAILS,DEFERRAL_REASON,DEFERRAL_DATE,SPECIAL_NEEDS_ARRANGEMENTS,EXCUSAL_REASON, VERSION, JUROR_PHONE_DETAILS, JUROR_EMAIL_DETAILS, STAFF_LOGIN, STAFF_ASSIGNMENT_DATE, URGENT, SUPER_URGENT) VALUES (111111003,(SELECT CURRENT_DATE - interval '3' minute),'Prof','Barbara','Linares','4 Test Street','Scotland','Strathaven','United Kingdom',null,null,'ML106AD','TODO',null,null,null,null,null,'0',null,'0',null,'0',null,'0',null,null,null,null,null,555,'Y', 'Y', null, null, 'N', 'N');
INSERT INTO JUROR_DIGITAL.JUROR_RESPONSE (JUROR_NUMBER,DATE_RECEIVED,TITLE,FIRST_NAME,LAST_NAME,ADDRESS,ADDRESS2,ADDRESS3,ADDRESS4,ADDRESS5,ADDRESS6,ZIP,PROCESSING_STATUS,DATE_OF_BIRTH,PHONE_NUMBER,ALT_PHONE_NUMBER,EMAIL,THIRDPARTY_REASON,RESIDENCY,RESIDENCY_DETAIL,MENTAL_HEALTH_ACT,MENTAL_HEALTH_ACT_DETAILS,BAIL,BAIL_DETAILS,CONVICTIONS,CONVICTIONS_DETAILS,DEFERRAL_REASON,DEFERRAL_DATE,SPECIAL_NEEDS_ARRANGEMENTS,EXCUSAL_REASON, VERSION, JUROR_PHONE_DETAILS, JUROR_EMAIL_DETAILS, STAFF_LOGIN, STAFF_ASSIGNMENT_DATE, URGENT, SUPER_URGENT) VALUES (111111004,(SELECT CURRENT_DATE - interval '4' minute),'Mr','Wayne','Kennedy','5 Test Street','Wales','Old Radnor','United Kingdom',null,null,'LD82RG','TODO',null,null,null,null,null,'0',null,'0',null,'0',null,'0',null,null,null,null,null,555,'Y', 'Y', null, null, 'N', 'N');
INSERT INTO JUROR_DIGITAL.JUROR_RESPONSE (JUROR_NUMBER,DATE_RECEIVED,TITLE,FIRST_NAME,LAST_NAME,ADDRESS,ADDRESS2,ADDRESS3,ADDRESS4,ADDRESS5,ADDRESS6,ZIP,PROCESSING_STATUS,DATE_OF_BIRTH,PHONE_NUMBER,ALT_PHONE_NUMBER,EMAIL,THIRDPARTY_REASON,RESIDENCY,RESIDENCY_DETAIL,MENTAL_HEALTH_ACT,MENTAL_HEALTH_ACT_DETAILS,BAIL,BAIL_DETAILS,CONVICTIONS,CONVICTIONS_DETAILS,DEFERRAL_REASON,DEFERRAL_DATE,SPECIAL_NEEDS_ARRANGEMENTS,EXCUSAL_REASON, VERSION, JUROR_PHONE_DETAILS, JUROR_EMAIL_DETAILS, STAFF_LOGIN, STAFF_ASSIGNMENT_DATE, URGENT, SUPER_URGENT) VALUES (111111005,(SELECT CURRENT_DATE - interval '5' minute),'Mr','Clint','Brickett','6 Test Street','Wales','Old Radnor','United Kingdom',null,null,'LD82RG','TODO',null,null,null,null,null,'0',null,'0',null,'0',null,'0',null,null,null,null,null,555,'Y', 'Y', null, null, 'N', 'N');
INSERT INTO JUROR_DIGITAL.JUROR_RESPONSE (JUROR_NUMBER,DATE_RECEIVED,TITLE,FIRST_NAME,LAST_NAME,ADDRESS,ADDRESS2,ADDRESS3,ADDRESS4,ADDRESS5,ADDRESS6,ZIP,PROCESSING_STATUS,DATE_OF_BIRTH,PHONE_NUMBER,ALT_PHONE_NUMBER,EMAIL,THIRDPARTY_REASON,RESIDENCY,RESIDENCY_DETAIL,MENTAL_HEALTH_ACT,MENTAL_HEALTH_ACT_DETAILS,BAIL,BAIL_DETAILS,CONVICTIONS,CONVICTIONS_DETAILS,DEFERRAL_REASON,DEFERRAL_DATE,SPECIAL_NEEDS_ARRANGEMENTS,EXCUSAL_REASON, VERSION, JUROR_PHONE_DETAILS, JUROR_EMAIL_DETAILS, STAFF_LOGIN, STAFF_ASSIGNMENT_DATE, URGENT, SUPER_URGENT) VALUES (111111006,(SELECT CURRENT_DATE - interval '6' minute),'Prof','William','Keifer','7 Test Street','Wales','Old Radnor','United Kingdom',null,null,'LD82RG','TODO',null,null,null,null,null,'0',null,'0',null,'0',null,'0',null,null,null,null,null,555,'Y', 'Y', null, null, 'N', 'N');

INSERT INTO JUROR_DIGITAL.JUROR_RESPONSE (JUROR_NUMBER,DATE_RECEIVED,TITLE,FIRST_NAME,LAST_NAME,ADDRESS,ADDRESS2,ADDRESS3,ADDRESS4,ADDRESS5,ADDRESS6,ZIP,PROCESSING_STATUS,DATE_OF_BIRTH,PHONE_NUMBER,ALT_PHONE_NUMBER,EMAIL,THIRDPARTY_REASON,RESIDENCY,RESIDENCY_DETAIL,MENTAL_HEALTH_ACT,MENTAL_HEALTH_ACT_DETAILS,BAIL,BAIL_DETAILS,CONVICTIONS,CONVICTIONS_DETAILS,DEFERRAL_REASON,DEFERRAL_DATE,SPECIAL_NEEDS_ARRANGEMENTS,EXCUSAL_REASON, VERSION, JUROR_PHONE_DETAILS, JUROR_EMAIL_DETAILS, STAFF_LOGIN, STAFF_ASSIGNMENT_DATE, URGENT, SUPER_URGENT) VALUES (111111007,(SELECT CURRENT_DATE - interval '7' minute),'Dr','George','Sweeney','8 Test Street','Wales','Old Radnor','United Kingdom',null,null,'LD82RG','AWAITING_COURT_REPLY',null,null,null,null,null,'0',null,'0',null,'0',null,'0',null,null,null,null,null,555,'Y', 'Y', null, null, 'N', 'Y');

--- responses with Staff
INSERT INTO JUROR_DIGITAL.JUROR_RESPONSE (JUROR_NUMBER,DATE_RECEIVED,TITLE,FIRST_NAME,LAST_NAME,ADDRESS,ADDRESS2,ADDRESS3,ADDRESS4,ADDRESS5,ADDRESS6,ZIP,PROCESSING_STATUS,DATE_OF_BIRTH,PHONE_NUMBER,ALT_PHONE_NUMBER,EMAIL,THIRDPARTY_REASON,RESIDENCY,RESIDENCY_DETAIL,MENTAL_HEALTH_ACT,MENTAL_HEALTH_ACT_DETAILS,BAIL,BAIL_DETAILS,CONVICTIONS,CONVICTIONS_DETAILS,DEFERRAL_REASON,DEFERRAL_DATE,SPECIAL_NEEDS_ARRANGEMENTS,EXCUSAL_REASON, VERSION, JUROR_PHONE_DETAILS, JUROR_EMAIL_DETAILS, STAFF_LOGIN, STAFF_ASSIGNMENT_DATE, URGENT, SUPER_URGENT) VALUES (111111008,(SELECT CURRENT_DATE - interval '8' minute),'Prof','Willie','Wiles','9 Test Street','Scotland','Strathaven','United Kingdom',null,null,'ML106AD','TODO',null,null,null,null,null,'0',null,'0',null,'0',null,'0',null,null,null,null,null,555,'Y', 'Y', 'carneson', CURRENT_DATE, 'Y', 'N');
INSERT INTO JUROR_DIGITAL.JUROR_RESPONSE (JUROR_NUMBER,DATE_RECEIVED,TITLE,FIRST_NAME,LAST_NAME,ADDRESS,ADDRESS2,ADDRESS3,ADDRESS4,ADDRESS5,ADDRESS6,ZIP,PROCESSING_STATUS,DATE_OF_BIRTH,PHONE_NUMBER,ALT_PHONE_NUMBER,EMAIL,THIRDPARTY_REASON,RESIDENCY,RESIDENCY_DETAIL,MENTAL_HEALTH_ACT,MENTAL_HEALTH_ACT_DETAILS,BAIL,BAIL_DETAILS,CONVICTIONS,CONVICTIONS_DETAILS,DEFERRAL_REASON,DEFERRAL_DATE,SPECIAL_NEEDS_ARRANGEMENTS,EXCUSAL_REASON, VERSION, JUROR_PHONE_DETAILS, JUROR_EMAIL_DETAILS, STAFF_LOGIN, STAFF_ASSIGNMENT_DATE, URGENT, SUPER_URGENT) VALUES (111111009,(SELECT CURRENT_DATE - interval '9' minute),'Rev','Dorsey','Turner','10 Test Street','Wales','Old Radnor','United Kingdom',null,null,'LD82RG','TODO',null,null,null,null,null,'0',null,'0',null,'0',null,'0',null,null,null,null,null,555,'Y', 'Y', 'carneson', CURRENT_DATE, 'Y', 'N');
INSERT INTO JUROR_DIGITAL.JUROR_RESPONSE (JUROR_NUMBER,DATE_RECEIVED,TITLE,FIRST_NAME,LAST_NAME,ADDRESS,ADDRESS2,ADDRESS3,ADDRESS4,ADDRESS5,ADDRESS6,ZIP,PROCESSING_STATUS,DATE_OF_BIRTH,PHONE_NUMBER,ALT_PHONE_NUMBER,EMAIL,THIRDPARTY_REASON,RESIDENCY,RESIDENCY_DETAIL,MENTAL_HEALTH_ACT,MENTAL_HEALTH_ACT_DETAILS,BAIL,BAIL_DETAILS,CONVICTIONS,CONVICTIONS_DETAILS,DEFERRAL_REASON,DEFERRAL_DATE,SPECIAL_NEEDS_ARRANGEMENTS,EXCUSAL_REASON, VERSION, JUROR_PHONE_DETAILS, JUROR_EMAIL_DETAILS, STAFF_LOGIN, STAFF_ASSIGNMENT_DATE, URGENT, SUPER_URGENT) VALUES (111111010,(SELECT CURRENT_DATE - interval '8' minute),'Prof','Willie','Wiles','9 Test Street','Scotland','Strathaven','United Kingdom',null,null,'ML106AD','TODO',null,null,null,null,null,'0',null,'0',null,'0',null,'0',null,null,null,null,null,555,'Y', 'Y', 'carneson', CURRENT_DATE, 'Y', 'N');
INSERT INTO JUROR_DIGITAL.JUROR_RESPONSE (JUROR_NUMBER,DATE_RECEIVED,TITLE,FIRST_NAME,LAST_NAME,ADDRESS,ADDRESS2,ADDRESS3,ADDRESS4,ADDRESS5,ADDRESS6,ZIP,PROCESSING_STATUS,DATE_OF_BIRTH,PHONE_NUMBER,ALT_PHONE_NUMBER,EMAIL,THIRDPARTY_REASON,RESIDENCY,RESIDENCY_DETAIL,MENTAL_HEALTH_ACT,MENTAL_HEALTH_ACT_DETAILS,BAIL,BAIL_DETAILS,CONVICTIONS,CONVICTIONS_DETAILS,DEFERRAL_REASON,DEFERRAL_DATE,SPECIAL_NEEDS_ARRANGEMENTS,EXCUSAL_REASON, VERSION, JUROR_PHONE_DETAILS, JUROR_EMAIL_DETAILS, STAFF_LOGIN, STAFF_ASSIGNMENT_DATE, URGENT, SUPER_URGENT) VALUES (111111011,(SELECT CURRENT_DATE - interval '9' minute),'Rev','Dorsey','Turner','10 Test Street','Wales','Old Radnor','United Kingdom',null,null,'LD82RG','TODO',null,null,null,null,null,'0',null,'0',null,'0',null,'0',null,null,null,null,null,555,'Y', 'Y', 'carneson', CURRENT_DATE, 'Y', 'N');
INSERT INTO JUROR_DIGITAL.JUROR_RESPONSE (JUROR_NUMBER,DATE_RECEIVED,TITLE,FIRST_NAME,LAST_NAME,ADDRESS,ADDRESS2,ADDRESS3,ADDRESS4,ADDRESS5,ADDRESS6,ZIP,PROCESSING_STATUS,DATE_OF_BIRTH,PHONE_NUMBER,ALT_PHONE_NUMBER,EMAIL,THIRDPARTY_REASON,RESIDENCY,RESIDENCY_DETAIL,MENTAL_HEALTH_ACT,MENTAL_HEALTH_ACT_DETAILS,BAIL,BAIL_DETAILS,CONVICTIONS,CONVICTIONS_DETAILS,DEFERRAL_REASON,DEFERRAL_DATE,SPECIAL_NEEDS_ARRANGEMENTS,EXCUSAL_REASON, VERSION, JUROR_PHONE_DETAILS, JUROR_EMAIL_DETAILS, STAFF_LOGIN, STAFF_ASSIGNMENT_DATE, URGENT, SUPER_URGENT) VALUES (111111012,(SELECT CURRENT_DATE - interval '8' minute),'Prof','Willie','Wiles','9 Test Street','Scotland','Strathaven','United Kingdom',null,null,'ML106AD','TODO',null,null,null,null,null,'0',null,'0',null,'0',null,'0',null,null,null,null,null,555,'Y', 'Y', 'carneson', CURRENT_DATE, 'N', 'Y');
INSERT INTO JUROR_DIGITAL.JUROR_RESPONSE (JUROR_NUMBER,DATE_RECEIVED,TITLE,FIRST_NAME,LAST_NAME,ADDRESS,ADDRESS2,ADDRESS3,ADDRESS4,ADDRESS5,ADDRESS6,ZIP,PROCESSING_STATUS,DATE_OF_BIRTH,PHONE_NUMBER,ALT_PHONE_NUMBER,EMAIL,THIRDPARTY_REASON,RESIDENCY,RESIDENCY_DETAIL,MENTAL_HEALTH_ACT,MENTAL_HEALTH_ACT_DETAILS,BAIL,BAIL_DETAILS,CONVICTIONS,CONVICTIONS_DETAILS,DEFERRAL_REASON,DEFERRAL_DATE,SPECIAL_NEEDS_ARRANGEMENTS,EXCUSAL_REASON, VERSION, JUROR_PHONE_DETAILS, JUROR_EMAIL_DETAILS, STAFF_LOGIN, STAFF_ASSIGNMENT_DATE, URGENT, SUPER_URGENT) VALUES (111111013,(SELECT CURRENT_DATE - interval '9' minute),'Rev','Dorsey','Turner','10 Test Street','Wales','Old Radnor','United Kingdom',null,null,'LD82RG','TODO',null,null,null,null,null,'0',null,'0',null,'0',null,'0',null,null,null,null,null,555,'Y', 'Y', 'carneson', CURRENT_DATE, 'N', 'Y');
INSERT INTO JUROR_DIGITAL.JUROR_RESPONSE (JUROR_NUMBER,DATE_RECEIVED,TITLE,FIRST_NAME,LAST_NAME,ADDRESS,ADDRESS2,ADDRESS3,ADDRESS4,ADDRESS5,ADDRESS6,ZIP,PROCESSING_STATUS,DATE_OF_BIRTH,PHONE_NUMBER,ALT_PHONE_NUMBER,EMAIL,THIRDPARTY_REASON,RESIDENCY,RESIDENCY_DETAIL,MENTAL_HEALTH_ACT,MENTAL_HEALTH_ACT_DETAILS,BAIL,BAIL_DETAILS,CONVICTIONS,CONVICTIONS_DETAILS,DEFERRAL_REASON,DEFERRAL_DATE,SPECIAL_NEEDS_ARRANGEMENTS,EXCUSAL_REASON, VERSION, JUROR_PHONE_DETAILS, JUROR_EMAIL_DETAILS, STAFF_LOGIN, STAFF_ASSIGNMENT_DATE, URGENT, SUPER_URGENT) VALUES (111111014,(SELECT CURRENT_DATE - interval '8' minute),'Prof','Willie','Wiles','9 Test Street','Scotland','Strathaven','United Kingdom',null,null,'ML106AD','TODO',null,null,null,null,null,'0',null,'0',null,'0',null,'0',null,null,null,null,null,555,'Y', 'Y', 'carneson', CURRENT_DATE, 'N', 'N');
INSERT INTO JUROR_DIGITAL.JUROR_RESPONSE (JUROR_NUMBER,DATE_RECEIVED,TITLE,FIRST_NAME,LAST_NAME,ADDRESS,ADDRESS2,ADDRESS3,ADDRESS4,ADDRESS5,ADDRESS6,ZIP,PROCESSING_STATUS,DATE_OF_BIRTH,PHONE_NUMBER,ALT_PHONE_NUMBER,EMAIL,THIRDPARTY_REASON,RESIDENCY,RESIDENCY_DETAIL,MENTAL_HEALTH_ACT,MENTAL_HEALTH_ACT_DETAILS,BAIL,BAIL_DETAILS,CONVICTIONS,CONVICTIONS_DETAILS,DEFERRAL_REASON,DEFERRAL_DATE,SPECIAL_NEEDS_ARRANGEMENTS,EXCUSAL_REASON, VERSION, JUROR_PHONE_DETAILS, JUROR_EMAIL_DETAILS, STAFF_LOGIN, STAFF_ASSIGNMENT_DATE, URGENT, SUPER_URGENT) VALUES (111111015,(SELECT CURRENT_DATE - interval '9' minute),'Rev','Dorsey','Turner','10 Test Street','Wales','Old Radnor','United Kingdom',null,null,'LD82RG','TODO',null,null,null,null,null,'0',null,'0',null,'0',null,'0',null,null,null,null,null,555,'Y', 'Y', 'carneson', CURRENT_DATE, 'N', 'N');

INSERT INTO JUROR_DIGITAL.JUROR_RESPONSE (JUROR_NUMBER,DATE_RECEIVED,TITLE,FIRST_NAME,LAST_NAME,ADDRESS,ADDRESS2,ADDRESS3,ADDRESS4,ADDRESS5,ADDRESS6,ZIP,PROCESSING_STATUS,DATE_OF_BIRTH,PHONE_NUMBER,ALT_PHONE_NUMBER,EMAIL,THIRDPARTY_REASON,RESIDENCY,RESIDENCY_DETAIL,MENTAL_HEALTH_ACT,MENTAL_HEALTH_ACT_DETAILS,BAIL,BAIL_DETAILS,CONVICTIONS,CONVICTIONS_DETAILS,DEFERRAL_REASON,DEFERRAL_DATE,SPECIAL_NEEDS_ARRANGEMENTS,EXCUSAL_REASON, VERSION, JUROR_PHONE_DETAILS, JUROR_EMAIL_DETAILS, STAFF_LOGIN, STAFF_ASSIGNMENT_DATE, URGENT, SUPER_URGENT) VALUES (111111016,(SELECT CURRENT_DATE - interval '8' minute),'Prof','Willie','Wiles','9 Test Street','Scotland','Strathaven','United Kingdom',null,null,'ML106AD','TODO',null,null,null,null,null,'0',null,'0',null,'0',null,'0',null,null,null,null,null,555,'Y', 'Y', 'mruby', CURRENT_DATE, 'Y', 'N');
INSERT INTO JUROR_DIGITAL.JUROR_RESPONSE (JUROR_NUMBER,DATE_RECEIVED,TITLE,FIRST_NAME,LAST_NAME,ADDRESS,ADDRESS2,ADDRESS3,ADDRESS4,ADDRESS5,ADDRESS6,ZIP,PROCESSING_STATUS,DATE_OF_BIRTH,PHONE_NUMBER,ALT_PHONE_NUMBER,EMAIL,THIRDPARTY_REASON,RESIDENCY,RESIDENCY_DETAIL,MENTAL_HEALTH_ACT,MENTAL_HEALTH_ACT_DETAILS,BAIL,BAIL_DETAILS,CONVICTIONS,CONVICTIONS_DETAILS,DEFERRAL_REASON,DEFERRAL_DATE,SPECIAL_NEEDS_ARRANGEMENTS,EXCUSAL_REASON, VERSION, JUROR_PHONE_DETAILS, JUROR_EMAIL_DETAILS, STAFF_LOGIN, STAFF_ASSIGNMENT_DATE, URGENT, SUPER_URGENT) VALUES (111111017,(SELECT CURRENT_DATE - interval '9' minute),'Rev','Dorsey','Turner','10 Test Street','Wales','Old Radnor','United Kingdom',null,null,'LD82RG','TODO',null,null,null,null,null,'0',null,'0',null,'0',null,'0',null,null,null,null,null,555,'Y', 'Y', 'mruby', CURRENT_DATE, 'N', 'N');
INSERT INTO JUROR_DIGITAL.JUROR_RESPONSE (JUROR_NUMBER,DATE_RECEIVED,TITLE,FIRST_NAME,LAST_NAME,ADDRESS,ADDRESS2,ADDRESS3,ADDRESS4,ADDRESS5,ADDRESS6,ZIP,PROCESSING_STATUS,DATE_OF_BIRTH,PHONE_NUMBER,ALT_PHONE_NUMBER,EMAIL,THIRDPARTY_REASON,RESIDENCY,RESIDENCY_DETAIL,MENTAL_HEALTH_ACT,MENTAL_HEALTH_ACT_DETAILS,BAIL,BAIL_DETAILS,CONVICTIONS,CONVICTIONS_DETAILS,DEFERRAL_REASON,DEFERRAL_DATE,SPECIAL_NEEDS_ARRANGEMENTS,EXCUSAL_REASON, VERSION, JUROR_PHONE_DETAILS, JUROR_EMAIL_DETAILS, STAFF_LOGIN, STAFF_ASSIGNMENT_DATE, URGENT, SUPER_URGENT) VALUES (111111018,(SELECT CURRENT_DATE - interval '8' minute),'Prof','Willie','Wiles','9 Test Street','Scotland','Strathaven','United Kingdom',null,null,'ML106AD','TODO',null,null,null,null,null,'0',null,'0',null,'0',null,'0',null,null,null,null,null,555,'Y', 'Y', 'mruby', CURRENT_DATE, 'Y', 'N');
INSERT INTO JUROR_DIGITAL.JUROR_RESPONSE (JUROR_NUMBER,DATE_RECEIVED,TITLE,FIRST_NAME,LAST_NAME,ADDRESS,ADDRESS2,ADDRESS3,ADDRESS4,ADDRESS5,ADDRESS6,ZIP,PROCESSING_STATUS,DATE_OF_BIRTH,PHONE_NUMBER,ALT_PHONE_NUMBER,EMAIL,THIRDPARTY_REASON,RESIDENCY,RESIDENCY_DETAIL,MENTAL_HEALTH_ACT,MENTAL_HEALTH_ACT_DETAILS,BAIL,BAIL_DETAILS,CONVICTIONS,CONVICTIONS_DETAILS,DEFERRAL_REASON,DEFERRAL_DATE,SPECIAL_NEEDS_ARRANGEMENTS,EXCUSAL_REASON, VERSION, JUROR_PHONE_DETAILS, JUROR_EMAIL_DETAILS, STAFF_LOGIN, STAFF_ASSIGNMENT_DATE, URGENT, SUPER_URGENT) VALUES (111111019,(SELECT CURRENT_DATE - interval '9' minute),'Rev','Dorsey','Turner','10 Test Street','Wales','Old Radnor','United Kingdom',null,null,'LD82RG','TODO',null,null,null,null,null,'0',null,'0',null,'0',null,'0',null,null,null,null,null,555,'Y', 'Y', 'mruby', CURRENT_DATE, 'N', 'N');
INSERT INTO JUROR_DIGITAL.JUROR_RESPONSE (JUROR_NUMBER,DATE_RECEIVED,TITLE,FIRST_NAME,LAST_NAME,ADDRESS,ADDRESS2,ADDRESS3,ADDRESS4,ADDRESS5,ADDRESS6,ZIP,PROCESSING_STATUS,DATE_OF_BIRTH,PHONE_NUMBER,ALT_PHONE_NUMBER,EMAIL,THIRDPARTY_REASON,RESIDENCY,RESIDENCY_DETAIL,MENTAL_HEALTH_ACT,MENTAL_HEALTH_ACT_DETAILS,BAIL,BAIL_DETAILS,CONVICTIONS,CONVICTIONS_DETAILS,DEFERRAL_REASON,DEFERRAL_DATE,SPECIAL_NEEDS_ARRANGEMENTS,EXCUSAL_REASON, VERSION, JUROR_PHONE_DETAILS, JUROR_EMAIL_DETAILS, STAFF_LOGIN, STAFF_ASSIGNMENT_DATE, URGENT, SUPER_URGENT) VALUES (111111020,(SELECT CURRENT_DATE - interval '9' minute),'Rev','Dorsey','Turner','10 Test Street','Wales','Old Radnor','United Kingdom',null,null,'LD82RG','CLOSED',null,null,null,null,null,'0',null,'0',null,'0',null,'0',null,null,null,null,null,555,'Y', 'Y', 'mruby', CURRENT_DATE, 'N', 'N');
