

INSERT INTO JUROR_DIGITAL.STATS_RESPONSE_TIMES (SUMMONS_MONTH,RESPONSE_MONTH,RESPONSE_PERIOD,LOC_CODE,RESPONSE_METHOD,RESPONSE_COUNT) VALUES (to_date('01-FEB-20 00:00:00','DD-MON-YY HH24:MI:SS'),to_date('01-APR-20 00:00:00','DD-MON-YY HH24:MI:SS'),'Over 21 days','447','Paper',10);
INSERT INTO JUROR_DIGITAL.STATS_RESPONSE_TIMES (SUMMONS_MONTH,RESPONSE_MONTH,RESPONSE_PERIOD,LOC_CODE,RESPONSE_METHOD,RESPONSE_COUNT) VALUES (to_date('01-FEB-20 00:00:00','DD-MON-YY HH24:MI:SS'),to_date('01-APR-20 00:00:00','DD-MON-YY HH24:MI:SS'),'Over 21 days','445','Paper',1);
INSERT INTO JUROR_DIGITAL.STATS_RESPONSE_TIMES (SUMMONS_MONTH,RESPONSE_MONTH,RESPONSE_PERIOD,LOC_CODE,RESPONSE_METHOD,RESPONSE_COUNT) VALUES (to_date('01-MAR-20 00:00:00','DD-MON-YY HH24:MI:SS'),to_date('01-MAR-20 00:00:00','DD-MON-YY HH24:MI:SS'),'Within 14 days','799','Paper',60);
INSERT INTO JUROR_DIGITAL.STATS_RESPONSE_TIMES (SUMMONS_MONTH,RESPONSE_MONTH,RESPONSE_PERIOD,LOC_CODE,RESPONSE_METHOD,RESPONSE_COUNT) VALUES (to_date('01-MAR-20 00:00:00','DD-MON-YY HH24:MI:SS'),to_date('01-MAR-20 00:00:00','DD-MON-YY HH24:MI:SS'),'Within 14 days','799','Online',71);
INSERT INTO JUROR_DIGITAL.STATS_RESPONSE_TIMES (SUMMONS_MONTH,RESPONSE_MONTH,RESPONSE_PERIOD,LOC_CODE,RESPONSE_METHOD,RESPONSE_COUNT) VALUES (to_date('01-APR-20 00:00:00','DD-MON-YY HH24:MI:SS'),to_date('01-APR-20 00:00:00','DD-MON-YY HH24:MI:SS'),'Within 7 days','469','Online',13);
INSERT INTO JUROR_DIGITAL.STATS_RESPONSE_TIMES (SUMMONS_MONTH,RESPONSE_MONTH,RESPONSE_PERIOD,LOC_CODE,RESPONSE_METHOD,RESPONSE_COUNT) VALUES (to_date('01-APR-20 00:00:00','DD-MON-YY HH24:MI:SS'),to_date('01-APR-20 00:00:00','DD-MON-YY HH24:MI:SS'),'Within 14 days','469','Online',5);

INSERT INTO JUROR_DIGITAL.STATS_NOT_RESPONDED (SUMMONS_MONTH,LOC_CODE,NON_RESPONSED_COUNT) VALUES (to_date('01-FEB-20 00:00:00','DD-MON-YY HH24:MI:SS'),'476',1);
INSERT INTO JUROR_DIGITAL.STATS_NOT_RESPONDED (SUMMONS_MONTH,LOC_CODE,NON_RESPONSED_COUNT) VALUES (to_date('01-FEB-20 00:00:00','DD-MON-YY HH24:MI:SS'),'477',11);
INSERT INTO JUROR_DIGITAL.STATS_NOT_RESPONDED (SUMMONS_MONTH,LOC_CODE,NON_RESPONSED_COUNT) VALUES (to_date('01-MAR-20 00:00:00','DD-MON-YY HH24:MI:SS'),'475',198);
INSERT INTO JUROR_DIGITAL.STATS_NOT_RESPONDED (SUMMONS_MONTH,LOC_CODE,NON_RESPONSED_COUNT) VALUES (to_date('01-MAR-20 00:00:00','DD-MON-YY HH24:MI:SS'),'474',118);
INSERT INTO JUROR_DIGITAL.STATS_NOT_RESPONDED (SUMMONS_MONTH,LOC_CODE,NON_RESPONSED_COUNT) VALUES (to_date('01-APR-20 00:00:00','DD-MON-YY HH24:MI:SS'),'751',28);
INSERT INTO JUROR_DIGITAL.STATS_NOT_RESPONDED (SUMMONS_MONTH,LOC_CODE,NON_RESPONSED_COUNT) VALUES (to_date('01-APR-20 00:00:00','DD-MON-YY HH24:MI:SS'),'755',27);

INSERT INTO JUROR_DIGITAL.STATS_UNPROCESSED_RESPONSES (LOC_CODE,UNPROCESSED_COUNT) VALUES ('445',33);
INSERT INTO JUROR_DIGITAL.STATS_UNPROCESSED_RESPONSES (LOC_CODE,UNPROCESSED_COUNT) VALUES ('447',11);
INSERT INTO JUROR_DIGITAL.STATS_UNPROCESSED_RESPONSES (LOC_CODE,UNPROCESSED_COUNT) VALUES ('469',76);
INSERT INTO JUROR_DIGITAL.STATS_UNPROCESSED_RESPONSES (LOC_CODE,UNPROCESSED_COUNT) VALUES ('474',25);
INSERT INTO JUROR_DIGITAL.STATS_UNPROCESSED_RESPONSES (LOC_CODE,UNPROCESSED_COUNT) VALUES ('475',114);
INSERT INTO JUROR_DIGITAL.STATS_UNPROCESSED_RESPONSES (LOC_CODE,UNPROCESSED_COUNT) VALUES ('476',28);
INSERT INTO JUROR_DIGITAL.STATS_UNPROCESSED_RESPONSES (LOC_CODE,UNPROCESSED_COUNT) VALUES ('477',24);
INSERT INTO JUROR_DIGITAL.STATS_UNPROCESSED_RESPONSES (LOC_CODE,UNPROCESSED_COUNT) VALUES ('751',2);
INSERT INTO JUROR_DIGITAL.STATS_UNPROCESSED_RESPONSES (LOC_CODE,UNPROCESSED_COUNT) VALUES ('755',16);
INSERT INTO JUROR_DIGITAL.STATS_UNPROCESSED_RESPONSES (LOC_CODE,UNPROCESSED_COUNT) VALUES ('799',44);

INSERT INTO JUROR_DIGITAL.STATS_WELSH_ONLINE_RESPONSES VALUES (TO_DATE('Mar-2020','Mon-YYYY'),14);
INSERT INTO JUROR_DIGITAL.STATS_WELSH_ONLINE_RESPONSES VALUES (TO_DATE('Apr-2020','Mon-YYYY'),12);

INSERT INTO JUROR_DIGITAL.STATS_AUTO_PROCESSED VALUES (TO_DATE('25/02/2020','dd/mm/yyyy'),10);
INSERT INTO JUROR_DIGITAL.STATS_AUTO_PROCESSED VALUES (TO_DATE('30/03/2020','dd/mm/yyyy'),11);
INSERT INTO JUROR_DIGITAL.STATS_AUTO_PROCESSED VALUES (TO_DATE('31/03/2020','dd/mm/yyyy'),14);
INSERT INTO JUROR_DIGITAL.STATS_AUTO_PROCESSED VALUES (TO_DATE('01/04/2020','dd/mm/yyyy'),13);
INSERT INTO JUROR_DIGITAL.STATS_AUTO_PROCESSED VALUES (TO_DATE('02/04/2020','dd/mm/yyyy'),12);

INSERT INTO JUROR_DIGITAL.STATS_THIRDPARTY_ONLINE VALUES (TO_DATE('Mar-2020','Mon-YYYY'),9);
INSERT INTO JUROR_DIGITAL.STATS_THIRDPARTY_ONLINE VALUES (TO_DATE('Apr-2020','Mon-YYYY'),12);
