INSERT INTO juror_mod.pool (pool_no, "owner", return_date, no_requested, pool_type, loc_code, new_request, last_update,
                            additional_summons, attend_time, nil_pool, total_no_required, date_created)
VALUES ('415170402', '400', '2022-05-03', 5, 'CRO', '448', 'N', NULL, NULL, NULL, false, 5, NULL);
INSERT INTO juror_mod.juror (juror_number, poll_number, title, last_name, first_name, dob, address_line_1,
                             address_line_2, address_line_3, address_line_4, address_line_5, postcode, h_phone, w_phone,
                             w_ph_local, responded, date_excused, excusal_code, acc_exc, date_disq, disq_code,
                             user_edtq, notes, no_def_pos, perm_disqual, reasonable_adj_code, reasonable_adj_msg,
                             smart_card_number, completion_date, sort_code, bank_acct_name, bank_acct_no,
                             bldg_soc_roll_no, welsh, police_check, last_update, summons_file, m_phone, h_email,
                             contact_preference, notifications, date_created, optic_reference, pending_title,
                             pending_first_name, pending_last_name, mileage, financial_loss, travel_time,
                             bureau_transfer_date, claiming_subsistence_allowance, service_comp_comms_status,
                             login_attempts, is_locked)
VALUES ('641500092', '92', NULL, 'LNAMENINETWO', 'FNAMENINETWO', NULL, '92 STREET NAME', 'ANYTOWN', NULL, NULL, NULL,
        'CH1 2AN', NULL, NULL, NULL, false, NULL, NULL, NULL, NULL, NULL, NULL, NULL, NULL, false, NULL, NULL, NULL,
        NULL, NULL, NULL, NULL, NULL, false, 'NOT_CHECKED', '2024-03-13 01:20:51', NULL, NULL, NULL, NULL, 0,
        '2024-03-13 01:20:51', NULL, NULL, NULL, NULL, NULL, NULL, NULL, NULL, false, NULL, 0, false),
       ('641500093', '93', NULL, 'LNAMENINETHREE', 'FNAMENINETHREE', NULL, '93 STREET NAME', 'ANYTOWN', NULL, NULL,
        NULL, 'CH1 2AN', NULL, NULL, NULL, false, NULL, NULL, NULL, NULL, NULL, NULL, NULL, NULL, false, NULL, NULL,
        NULL, NULL, NULL, NULL, NULL, NULL, false, 'NOT_CHECKED', '2024-03-13 01:20:51', NULL, NULL, NULL, NULL, 0,
        '2024-03-13 01:20:51', NULL, NULL, NULL, NULL, NULL, NULL, NULL, NULL, false, NULL, 0, false),
       ('641500095', '95', NULL, 'LNAMENINEFIVE', 'FNAMENINEFIVE', NULL, '95 STREET NAME', 'ANYTOWN', NULL, NULL, NULL,
        'CH1 2AN', NULL, NULL, NULL, false, NULL, NULL, NULL, NULL, NULL, NULL, NULL, NULL, false, NULL, NULL, NULL,
        NULL, NULL, NULL, NULL, NULL, false, 'NOT_CHECKED', '2024-03-13 01:20:51', NULL, NULL, NULL, NULL, 0,
        '2024-03-13 01:20:51', NULL, NULL, NULL, NULL, NULL, NULL, NULL, NULL, false, NULL, 0, false),
       ('641500101', '101', NULL, 'LNAMEONEZEROONE', 'FNAMEONEZEROONE', NULL, '101 STREET NAME', 'ANYTOWN', NULL, NULL,
        NULL, 'CH1 2AN', NULL, NULL, NULL, false, NULL, NULL, NULL, NULL, NULL, NULL, NULL, NULL, false, NULL, NULL,
        NULL, NULL, NULL, NULL, NULL, NULL, false, 'NOT_CHECKED', '2024-03-13 01:20:51', NULL, NULL, NULL, NULL, 0,
        '2024-03-13 01:20:51', NULL, NULL, NULL, NULL, NULL, NULL, NULL, NULL, false, NULL, 0, false),
       ('641500108', '108', NULL, 'LNAMEONEZEROEIGHT', 'FNAMEONEZEROEIGHT', NULL, '108 STREET NAME', 'ANYTOWN', NULL,
        NULL, NULL, 'CH1 2AN', NULL, NULL, NULL, false, NULL, NULL, NULL, NULL, NULL, NULL, NULL, NULL, false, NULL,
        NULL, NULL, NULL, NULL, NULL, NULL, NULL, false, 'NOT_CHECKED', '2024-03-13 01:20:51', NULL, NULL, NULL, NULL, 0,
        '2024-03-13 01:20:51', NULL, NULL, NULL, NULL, NULL, NULL, NULL, NULL, false, NULL, 0, false),
       ('641500119', '119', NULL, 'LNAMEONEONENINE', 'FNAMEONEONENINE', NULL, '119 STREET NAME', 'ANYTOWN', NULL, NULL,
        NULL, 'CH1 2AN', NULL, NULL, NULL, false, NULL, NULL, NULL, NULL, NULL, NULL, NULL, NULL, false, NULL, NULL,
        NULL, NULL, NULL, NULL, NULL, NULL, false, 'NOT_CHECKED', '2024-03-13 01:20:51', NULL, NULL, NULL, NULL, 0,
        '2024-03-13 01:20:51', NULL, NULL, NULL, NULL, NULL, NULL, NULL, NULL, false, NULL, 0, false),
       ('641500127', '127', NULL, 'LNAMEONETWOSEVEN', 'FNAMEONETWOSEVEN', NULL, '127 STREET NAME', 'ANYTOWN', NULL,
        NULL, NULL, 'CH1 2AN', NULL, NULL, NULL, false, NULL, NULL, NULL, NULL, NULL, NULL, NULL, NULL, false, NULL,
        NULL, NULL, NULL, NULL, NULL, NULL, NULL, false, 'NOT_CHECKED', '2024-03-13 01:20:51', NULL, NULL, NULL, NULL, 2,
        '2024-03-13 01:20:51', NULL, NULL, NULL, NULL, NULL, NULL, NULL, NULL, false, NULL, 0, false),
       ('641500130', '130', NULL, 'LNAMEONETHREEZERO', 'FNAMEONETHREEZERO', NULL, '130 STREET NAME', 'ANYTOWN', NULL,
        NULL, NULL, 'CH1 2AN', NULL, NULL, NULL, false, NULL, NULL, NULL, NULL, NULL, NULL, NULL, NULL, false, NULL,
        NULL, NULL, NULL, NULL, NULL, NULL, NULL, false, 'NOT_CHECKED', '2024-03-13 01:20:51', NULL, NULL, NULL, NULL, 0,
        '2024-03-13 01:20:51', NULL, NULL, NULL, NULL, NULL, NULL, NULL, NULL, false, NULL, 0, false),
       ('641500496', '496', NULL, 'LNAMEFOURNINESIX', 'FNAMEFOURNINESIX', NULL, '496 STREET NAME', 'ANYTOWN', NULL,
        NULL, NULL, 'CH1 2AN', NULL, NULL, NULL, false, NULL, NULL, NULL, NULL, NULL, NULL, NULL, NULL, false, NULL,
        NULL, NULL, NULL, NULL, NULL, NULL, NULL, false, 'NOT_CHECKED', '2024-03-13 01:20:51', NULL, NULL, NULL, NULL, 0,
        '2024-03-13 01:20:51', NULL, NULL, NULL, NULL, NULL, NULL, NULL, NULL, false, NULL, 0, false),
       ('641500518', '518', NULL, 'LNAMEFIVEONEEIGHT', 'FNAMEFIVEONEEIGHT', NULL, '518 STREET NAME', 'ANYTOWN', NULL,
        NULL, NULL, 'CH1 2AN', NULL, NULL, NULL, false, NULL, NULL, NULL, NULL, NULL, NULL, NULL, NULL, false, NULL,
        NULL, NULL, NULL, NULL, NULL, NULL, NULL, false, 'NOT_CHECKED', '2024-03-13 01:20:51', NULL, NULL, NULL, NULL, 0,
        '2024-03-13 01:20:51', NULL, NULL, NULL, NULL, NULL, NULL, NULL, NULL, false, NULL, 0, false),
       ('641500521', '521', NULL, 'LNAMEFIVETWOONE', 'FNAMEFIVETWOONE', NULL, '521 STREET NAME', 'ANYTOWN', NULL, NULL,
        NULL, 'CH1 2AN', NULL, NULL, NULL, false, NULL, NULL, NULL, NULL, NULL, NULL, NULL, NULL, false, NULL, NULL,
        NULL, NULL, NULL, NULL, NULL, NULL, false, 'NOT_CHECKED', '2024-03-13 01:20:51', NULL, NULL, NULL, NULL, 0,
        '2024-03-13 01:20:51', NULL, NULL, NULL, NULL, NULL, NULL, NULL, NULL, false, NULL, 0, false),
       ('641500529', '529', NULL, 'LNAMEFIVETWONINE', 'FNAMEFIVETWONINE', NULL, '529 STREET NAME', 'ANYTOWN', NULL,
        NULL, NULL, 'CH1 2AN', NULL, NULL, NULL, false, NULL, NULL, NULL, NULL, NULL, NULL, NULL, NULL, false, NULL,
        NULL, NULL, NULL, NULL, NULL, NULL, NULL, false, 'NOT_CHECKED', '2024-03-13 01:20:51', NULL, NULL, NULL, NULL, 0,
        '2024-03-13 01:20:51', NULL, NULL, NULL, NULL, NULL, NULL, NULL, NULL, false, NULL, 0, false),
       ('641500531', '531', NULL, 'LNAMEFIVETHREEONE', 'FNAMEFIVETHREEONE', NULL, '531 STREET NAME', 'ANYTOWN', NULL,
        NULL, NULL, 'CH1 2AN', NULL, NULL, NULL, false, NULL, NULL, NULL, NULL, NULL, NULL, NULL, NULL, false, NULL,
        NULL, NULL, NULL, NULL, NULL, NULL, NULL, false, 'NOT_CHECKED', '2024-03-13 01:20:51', NULL, NULL, NULL, NULL, 0,
        '2024-03-13 01:20:51', NULL, NULL, NULL, NULL, NULL, NULL, NULL, NULL, false, NULL, 0, false),
       ('641500534', '534', NULL, 'LNAMEFIVETHREEFOUR', 'FNAMEFIVETHREEFOUR', NULL, '534 STREET NAME', 'ANYTOWN', NULL,
        NULL, NULL, 'CH1 2AN', NULL, NULL, NULL, false, NULL, NULL, NULL, NULL, NULL, NULL, NULL, NULL, false, NULL,
        NULL, NULL, NULL, NULL, NULL, NULL, NULL, false, 'NOT_CHECKED', '2024-03-13 01:20:51', NULL, NULL, NULL, NULL, 0,
        '2024-03-13 01:20:51', NULL, NULL, NULL, NULL, NULL, NULL, NULL, NULL, false, NULL, 0, false),
       ('641500537', '537', NULL, 'LNAMEFIVETHREESEVEN', 'FNAMEFIVETHREESEVEN', NULL, '537 STREET NAME', 'ANYTOWN',
        NULL, NULL, NULL, 'CH1 2AN', NULL, NULL, NULL, false, NULL, NULL, NULL, NULL, NULL, NULL, NULL, NULL, false,
        NULL, NULL, NULL, NULL, NULL, NULL, NULL, NULL, false, 'NOT_CHECKED', '2024-03-13 01:20:51', NULL, NULL, NULL, NULL, 0,
        '2024-03-13 01:20:51', NULL, NULL, NULL, NULL, NULL, NULL, NULL, NULL, false, NULL, 0, false),
       ('641500540', '540', NULL, 'LNAMEFIVEFOURZERO', 'FNAMEFIVEFOURZERO', NULL, '540 STREET NAME', 'ANYTOWN', NULL,
        NULL, NULL, 'CH1 2AN', NULL, NULL, NULL, false, NULL, NULL, NULL, NULL, NULL, NULL, NULL, NULL, false, NULL,
        NULL, NULL, NULL, NULL, NULL, NULL, NULL, false, 'NOT_CHECKED', '2024-03-13 01:20:51', NULL, NULL, NULL, NULL, 1,
        '2024-03-13 01:20:51', NULL, NULL, NULL, NULL, NULL, NULL, NULL, NULL, false, NULL, 0, false),
       ('641500542', '542', NULL, 'LNAMEFIVEFOURTWO', 'FNAMEFIVEFOURTWO', NULL, '542 STREET NAME', 'ANYTOWN', NULL,
        NULL, NULL, 'CH1 2AN', NULL, NULL, NULL, false, NULL, NULL, NULL, NULL, NULL, NULL, NULL, NULL, false, NULL,
        NULL, NULL, NULL, NULL, NULL, NULL, NULL, false, 'NOT_CHECKED', '2024-03-13 01:20:51', NULL, NULL, NULL, NULL, 0,
        '2024-03-13 01:20:51', NULL, NULL, NULL, NULL, NULL, NULL, NULL, NULL, false, NULL, 0, false),
       ('641500684', '684', NULL, 'LNAMESIXEIGHTFOUR', 'FNAMESIXEIGHTFOUR', NULL, '684 STREET NAME', 'ANYTOWN', NULL,
        NULL, NULL, 'CH1 2AN', NULL, NULL, NULL, false, NULL, NULL, NULL, NULL, NULL, NULL, NULL, NULL, false, NULL,
        NULL, NULL, NULL, NULL, NULL, NULL, NULL, false, 'NOT_CHECKED', '2024-03-13 01:20:51', NULL, NULL, NULL, NULL, 1,
        '2024-03-13 01:20:51', NULL, NULL, NULL, NULL, NULL, NULL, NULL, NULL, false, NULL, 0, false),
       ('641500807', '807', NULL, 'LNAMEEIGHTZEROSEVEN', 'FNAMEEIGHTZEROSEVEN', NULL, '807 STREET NAME', 'ANYTOWN',
        NULL, NULL, NULL, 'CH1 2AN', NULL, NULL, NULL, false, NULL, NULL, NULL, NULL, NULL, NULL, NULL, NULL, false,
        NULL, NULL, NULL, NULL, NULL, NULL, NULL, NULL, false, 'NOT_CHECKED', '2024-03-13 01:20:51', NULL, NULL, NULL, NULL, 2,
        '2024-03-13 01:20:51', NULL, NULL, NULL, NULL, NULL, NULL, NULL, NULL, false, NULL, 0, false),
       ('641500811', '811', ' ', 'LNAMEEIGHTONEONE', 'FNAMEEIGHTONEONE', NULL, '811 STREET NAME', 'ANYTOWN', ' ', ' ',
        '', 'CH1 2AN', '01412829119', ' ', NULL, true, '2018-02-08 00:00:00', 'D', NULL, NULL, NULL, 'AUTO', ' ', NULL,
        false, NULL, NULL, NULL, NULL, NULL, NULL, NULL, NULL, false, 'NOT_CHECKED', '2024-03-13 01:20:51', NULL, ' ',
        'test@email.dev', NULL, 0, '2024-03-13 01:20:51', NULL, NULL, NULL, NULL, NULL, NULL, NULL, NULL, false, NULL,
        0, false),
       ('641500902', '902', NULL, 'LNAMENINEZEROTWO', 'FNAMENINEZEROTWO', '1991-01-01 00:00:00', '902 STREET NAME',
        'ANYTOWN', NULL, 'London', NULL, 'CH1 2AN', '01412821717', NULL, NULL, true, NULL, NULL, NULL, NULL, NULL,
        'AUTO', ' ', NULL, false, NULL, NULL, NULL, NULL, NULL, NULL, NULL, NULL, false, 'NOT_CHECKED', '2024-03-13 01:20:51',
        NULL, ' ', 'test@email.dev', NULL, 0, '2024-03-13 01:20:51', NULL, NULL, NULL, NULL, NULL, NULL, NULL, NULL,
        false, NULL, 0, false),
       ('641500905', '905', ' ', 'LNAMENINEZEROFIVE', 'FNAMENINEZEROFIVE', '2020-01-01 00:00:00', '905 STREET NAME',
        'ANYTOWN', ' ', 'London', '', 'CH1 2AN', '01414841717', ' ', NULL, true, NULL, NULL, NULL,
        '2018-02-08 00:00:00', 'A', 'AUTO', ' ', NULL, false, NULL, NULL, NULL, NULL, NULL, NULL, NULL, NULL, false,
        'NOT_CHECKED', '2024-03-13 01:20:51', NULL, ' ', 'test@email.dev', NULL, 0, '2024-03-13 01:20:51', NULL, NULL, NULL,
        NULL, NULL, NULL, NULL, NULL, false, NULL, 0, false),
       ('641500919', '919', NULL, 'LNAMENINEONENINE', 'FNAMENINEONENINE', NULL, '919 STREET NAME', 'ANYTOWN', NULL,
        NULL, NULL, 'CH1 2AN', NULL, NULL, NULL, false, NULL, NULL, NULL, NULL, NULL, NULL, NULL, NULL, false, NULL,
        NULL, NULL, NULL, NULL, NULL, NULL, NULL, false, 'NOT_CHECKED', '2024-03-13 01:20:51', NULL, NULL, NULL, NULL, 0,
        '2024-03-13 01:20:51', NULL, NULL, NULL, NULL, NULL, NULL, NULL, NULL, false, NULL, 0, false),
       ('641500930', '930', NULL, 'LNAMENINETHREEZERO', 'FNAMENINETHREEZERO', NULL, '930 STREET NAME', 'ANYTOWN', NULL,
        NULL, NULL, 'CH1 2AN', NULL, NULL, NULL, false, NULL, NULL, NULL, NULL, NULL, NULL, NULL, NULL, false, NULL,
        NULL, NULL, NULL, NULL, NULL, NULL, NULL, false, 'NOT_CHECKED', '2024-03-13 01:20:51', NULL, NULL, NULL, NULL, 0,
        '2024-03-13 01:20:51', NULL, NULL, NULL, NULL, NULL, NULL, NULL, NULL, false, NULL, 0, false);
INSERT INTO juror_mod.juror_pool (juror_number, pool_number, "owner", user_edtq, is_active, status, times_sel, def_date,
                                  "location", no_attendances, no_attended, no_fta, no_awol, pool_seq, edit_tag,
                                  next_date, on_call, smart_card, was_deferred, deferral_code, id_checked, postpone,
                                  paid_cash, scan_code, last_update, reminder_sent, transfer_date, date_created)
VALUES ('641500092', '415170402', '400', NULL, true, 1, NULL, NULL, NULL, NULL, NULL, NULL, NULL, '0001', NULL,
        '2018-04-02', false, NULL, false, NULL, NULL, false, false, NULL, '2024-03-13 01:20:51', false, NULL, NULL),
       ('641500093', '415170402', '400', NULL, true, 1, NULL, NULL, NULL, NULL, NULL, NULL, NULL, '0002', NULL,
        '2018-04-02', false, NULL, false, NULL, NULL, false, false, NULL, '2024-03-13 01:20:51', false, NULL, NULL),
       ('641500095', '415170402', '400', NULL, true, 1, NULL, NULL, NULL, NULL, NULL, NULL, NULL, '0003', NULL,
        '2018-04-02', false, NULL, false, NULL, NULL, false, false, NULL, '2024-03-13 01:20:51', false, NULL, NULL),
       ('641500101', '415170402', '400', NULL, true, 1, NULL, NULL, NULL, NULL, NULL, NULL, NULL, '0004', NULL,
        '2018-04-02', false, NULL, false, NULL, NULL, false, false, NULL, '2024-03-13 01:20:51', false, NULL, NULL),
       ('641500108', '415170402', '400', NULL, true, 1, NULL, NULL, NULL, NULL, NULL, NULL, NULL, '0005', NULL,
        '2018-04-02', false, NULL, false, NULL, NULL, false, false, NULL, '2024-03-13 01:20:51', false, NULL, NULL),
       ('641500119', '415170402', '400', NULL, true, 1, NULL, NULL, NULL, NULL, NULL, NULL, NULL, '0006', NULL,
        '2018-04-02', false, NULL, false, NULL, NULL, false, false, NULL, '2024-03-13 01:20:51', false, NULL, NULL),
       ('641500127', '415170402', '400', NULL, true, 1, NULL, NULL, NULL, NULL, NULL, NULL, NULL, '0007', NULL,
        '2018-04-02', false, NULL, false, NULL, NULL, false, false, NULL, '2024-03-13 01:20:51', false, NULL, NULL),
       ('641500130', '415170402', '400', NULL, true, 1, NULL, NULL, NULL, NULL, NULL, NULL, NULL, '0008', NULL,
        '2018-04-02', false, NULL, false, NULL, NULL, false, false, NULL, '2024-03-13 01:20:51', false, NULL, NULL),
       ('641500496', '415170402', '400', NULL, true, 1, NULL, NULL, NULL, NULL, NULL, NULL, NULL, '0100', NULL,
        '2018-04-02', false, NULL, false, NULL, NULL, false, false, NULL, '2024-03-13 01:20:51', false, NULL, NULL),
       ('641500518', '415170402', '400', NULL, true, 1, NULL, NULL, NULL, NULL, NULL, NULL, NULL, '0103', NULL,
        '2018-04-02', false, NULL, false, NULL, NULL, false, false, NULL, '2024-03-13 01:20:51', false, NULL, NULL),
       ('641500521', '415170402', '400', NULL, true, 1, NULL, NULL, NULL, NULL, NULL, NULL, NULL, '0104', NULL,
        '2018-04-02', false, NULL, false, NULL, NULL, false, false, NULL, '2024-03-13 01:20:51', false, NULL, NULL),
       ('641500529', '415170402', '400', NULL, true, 1, NULL, NULL, NULL, NULL, NULL, NULL, NULL, '0105', NULL,
        '2018-04-02', false, NULL, false, NULL, NULL, false, false, NULL, '2024-03-13 01:20:51', false, NULL, NULL),
       ('641500531', '415170402', '400', NULL, true, 1, NULL, NULL, NULL, NULL, NULL, NULL, NULL, '0106', NULL,
        '2018-04-02', false, NULL, false, NULL, NULL, false, false, NULL, '2024-03-13 01:20:51', false, NULL, NULL),
       ('641500534', '415170402', '400', NULL, true, 1, NULL, NULL, NULL, NULL, NULL, NULL, NULL, '0107', NULL,
        '2018-04-02', false, NULL, false, NULL, NULL, false, false, NULL, '2024-03-13 01:20:51', false, NULL, NULL),
       ('641500537', '415170402', '400', NULL, true, 1, NULL, NULL, NULL, NULL, NULL, NULL, NULL, '0108', NULL,
        '2018-04-02', false, NULL, false, NULL, NULL, false, false, NULL, '2024-03-13 01:20:51', false, NULL, NULL),
       ('641500540', '415170402', '400', NULL, true, 1, NULL, NULL, NULL, NULL, NULL, NULL, NULL, '0109', NULL,
        '2018-04-02', false, NULL, false, NULL, NULL, false, false, NULL, '2024-03-13 01:20:51', false, NULL, NULL),
       ('641500542', '415170402', '400', NULL, true, 1, NULL, NULL, NULL, NULL, NULL, NULL, NULL, '0110', NULL,
        '2018-04-02', false, NULL, false, NULL, NULL, false, false, NULL, '2024-03-13 01:20:51', false, NULL, NULL),
       ('641500684', '415170402', '400', NULL, true, 1, NULL, NULL, NULL, NULL, NULL, NULL, NULL, '0133', NULL,
        '2018-04-02', false, NULL, false, NULL, NULL, false, false, NULL, '2024-03-13 01:20:51', false, NULL, NULL),
       ('641500807', '415170402', '400', NULL, true, 1, NULL, NULL, NULL, NULL, NULL, NULL, NULL, '0149', NULL,
        '2018-04-02', false, NULL, false, NULL, NULL, false, false, NULL, '2024-03-13 01:20:51', false, NULL, NULL),
       ('641500811', '415170402', '400', 'AUTO', true, 5, NULL, NULL, NULL, NULL, NULL, NULL, NULL, '0150', NULL, NULL,
        false, NULL, false, NULL, NULL, false, false, NULL, '2024-03-13 01:20:51', false, NULL, NULL),
       ('641500902', '415170402', '400', 'AUTO', true, 2, NULL, NULL, NULL, NULL, NULL, NULL, NULL, '0072', NULL,
        '2018-04-02', false, NULL, false, NULL, NULL, false, false, NULL, '2024-03-13 01:20:51', false, NULL, NULL),
       ('641500905', '415170402', '400', 'AUTO', true, 6, NULL, NULL, NULL, NULL, NULL, NULL, NULL, '0073', NULL, NULL,
        false, NULL, false, NULL, NULL, false, false, NULL, '2024-03-13 01:20:51', false, NULL, NULL),
       ('641500919', '415170402', '400', NULL, true, 1, NULL, NULL, NULL, NULL, NULL, NULL, NULL, '0076', NULL,
        '2018-04-02', false, NULL, false, NULL, NULL, false, false, NULL, '2024-03-13 01:20:51', false, NULL, NULL),
       ('641500930', '415170402', '400', NULL, true, 1, NULL, NULL, NULL, NULL, NULL, NULL, NULL, '0078', NULL,
        '2018-04-02', false, NULL, false, NULL, NULL, false, false, NULL, '2024-03-13 01:20:51', false, NULL, NULL);
INSERT INTO juror_mod.juror_reasonable_adjustment (juror_number, reasonable_adjustment, reasonable_adjustment_detail)
VALUES ('641500095', 'V', 'V'),
       ('641500492', 'L', 'L'),
       ('641500130', 'I', 'I'),
       ('641500492', 'O', 'f'),
       ('641500130', 'R', 'R'),
       ('641500130', 'H', 'H'),
       ('641500930', 'H', 'H'),
       ('641500130', 'V', 'V'),
       ('641500492', 'V', 'V'),
       ('641500930', 'I', 'I'),
       ('641500930', 'L', 'L'),
       ('641500108', 'R', 'R'),
       ('641500492', 'H', 'H'),
       ('641500529', 'L', 'L'),
       ('641500540', 'I', 'I'),
       ('641500534', 'H', 'H'),
       ('641500130', 'O',
        '1234567890123456789012345678901234567890123456789 1234567890123456789012345678901234567890123456789 1234567890123456789012345678901234567890123456789 1234567890123456789012345678901234567890123456789 1234567890123456789012345678901234567890123456789 123 1234567890123456789012345678901234567890123456789 1234567890123456789012345678901234567890123456789 1234567890123456789012345678901234567890123456789 1234567890123456789012345678901234567890123456789 1234567890123456789012345678901234567890123456789 123 1234567890123456789012345678901234567890123456789 1234567890123456789012345678901234567890123456789 1234567890123456789012345678901234567890123456789 1234567890123456789012345678901234567890123456789 1234567890123456789012345678901234567890123456789 123 111 111234567890123456789012345678901234567890123456789 1234567890123456789012345678901234567890123456789 1234567890123456789012345678901234567890123456789 1234567890123456789012345678901234567890123456789 12345678901234567890123456789012'),
       ('641500485', 'L', 'L'),
       ('641500492', 'R', 'R'),
       ('641500492', 'I', 'I'),
       ('641500485', 'H', 'H'),
       ('641500485', 'I', 'I'),
       ('641500130', 'L', 'L');
INSERT INTO juror_mod.juror_response (juror_number, date_received, title, first_name, last_name, address_line_1,
                                      address_line_2, address_line_3, address_line_4, address_line_5, postcode,
                                      processing_status, date_of_birth, phone_number, alt_phone_number, email,
                                      residency, residency_detail, mental_health_act, mental_health_capacity,
                                      mental_health_act_details, bail, bail_details, convictions, convictions_details,
                                      deferral, deferral_reason, deferral_date, reasonable_adjustments_arrangements,
                                      excusal, excusal_reason, processing_complete, signed, "version", thirdparty_fname,
                                      thirdparty_lname, relationship, main_phone, other_phone, email_address,
                                      thirdparty_reason, thirdparty_other_reason, juror_phone_details,
                                      juror_email_details, staff_login, staff_assignment_date, urgent,
                                      completed_at, welsh, reply_type)
VALUES ('641500092', '2018-02-08 00:00:00', NULL, 'FNAMENINETWO', 'LNAMENINETWO', '92 STREET NAME', 'ANYTOWN', NULL,
        NULL, NULL, 'CH1 2AN', 'TODO', NULL, NULL, NULL, NULL, false, NULL, false, NULL, NULL, false, NULL, false, NULL,
        NULL, NULL, NULL, NULL, NULL, NULL, false, NULL, 0, 'John', 'Doe', 'Brother', '01418221717', NULL,
        'test@email.dev', 'deceased', NULL, false, false, NULL, NULL, true, NULL, false, 'Digital'),
       ('641500093', '2018-02-08 00:00:00', NULL, 'FNAMENINETHREE', 'LNAMENINETHREE', '93 STREET NAME', 'ANYTOWN', NULL,
        'London', NULL, 'CH1 2AN', 'TODO', '1991-01-01', '01418383737', NULL, 'test@email.dev', true, NULL, false, NULL,
        NULL, false, NULL, false, NULL, NULL, 'd', '15/02/2018, 22/02/2018, 01/03/2018', NULL, NULL, NULL, false, NULL,
        0, 'John', 'Doe', 'Brother', '01418383737', NULL, 'test@email.dev', 'nothere', NULL, false, false, NULL, NULL,
        true, NULL, false, 'Digital'),
       ('641500095', '2018-02-08 00:00:00', NULL, 'FNAMENINEFIVE', 'LNAMENINEFIVE', '95 STREET NAME', 'ANYTOWN', NULL,
        'London', NULL, 'CH1 2AN', 'TODO', '1991-01-01', '01313831717', NULL, 'test@email.dev', true, NULL, false, NULL,
        NULL, false, NULL, false, NULL, NULL, 's', '15/02/2018, 22/02/2018, 01/03/2018', NULL, NULL, NULL, false, NULL,
        0, 'Brian', 'Clarke', 'Brother', '01313831717', NULL, 'test@email.dev', 'nothere', NULL, false, false, NULL,
        NULL, true, NULL, false, 'Digital'),
       ('641500101', '2018-02-08 00:00:00', NULL, 'FNAMEONEZEROONE', 'LNAMEONEZEROONE', '101 STREET NAME', 'ANYTOWN',
        NULL, 'London', NULL, 'CH1 2AN', 'TODO', '1991-01-01', '01419558181', NULL, 'test@email.dev', true, NULL, false,
        NULL, NULL, false, NULL, false, NULL, NULL, NULL, NULL, NULL, NULL, 'd', false, NULL, 0, 'Ian', 'Clarke',
        'Brother', '01419558181', NULL, 'test@email.dev', 'nothere', NULL, false, false, NULL, NULL, true, NULL,
        false, 'Digital'),
       ('641500108', '2018-02-08 00:00:00', NULL, 'FNAMEONEZEROEIGHT', 'LNAMEONEZEROEIGHT', '108 STREET NAME',
        'ANYTOWN', NULL, 'London', NULL, 'CH1 2AN', 'TODO', '1991-01-01', '01412827371', NULL, 'test@email.dev', true,
        NULL, false, NULL, NULL, false, NULL, false, NULL, NULL, NULL, NULL, NULL, NULL, 'c', false, NULL, 0, 'Blair',
        'Singer', 'Brother', '01412827371', NULL, 'test@email.dev', 'nothere', NULL, false, false, NULL, NULL, true,
         NULL, false, 'Digital'),
       ('641500119', '2018-02-08 00:00:00', NULL, 'FNAMEONEONENINE', 'LNAMEONEONENINE', '119 STREET NAME', 'ANYTOWN',
        NULL, 'London', NULL, 'CH1 2AN', 'TODO', '1991-01-01', '01414398281', NULL, 'test@email.dev', true, NULL, true,
        NULL, 'Unwell', true, 'Yes', false, NULL, NULL, NULL, NULL, NULL, NULL, NULL, false, NULL, 0, 'Brian',
        'Ferryweather', 'Brother', '01414398281', NULL, 'test@email.dev', 'nothere', NULL, false, false, NULL, NULL,
        true, NULL, false, 'Digital'),
       ('641500127', '2018-02-08 00:00:00', NULL, 'FNAMEONETWOSEVEN', 'LNAMEONETWOSEVEN', '127 STREET NAME', 'ANYTOWN',
        NULL, 'London', NULL, 'CH1 2AN', 'TODO', '1991-01-01', '01319391818', '07332297123', 'test@email.dev', true,
        NULL, false, NULL, NULL, false, NULL, false, NULL, NULL, NULL, NULL, NULL, NULL, NULL, false, NULL, 0, 'Neil',
        'Armsfield', 'Brother', '01319391818', NULL, 'test@email.dev', 'nothere', NULL, false, false, NULL, NULL, true,
         NULL, false, 'Digital'),
       ('641500130', '2018-02-08 00:00:00', NULL, 'FNAMEONETHREEZERO', 'LNAMEONETHREEZERO', '130 STREET NAME',
        'ANYTOWN', NULL, 'London', NULL, 'CH1 2AN', 'TODO', '1991-01-01', '01415952828', NULL, 'test@email.dev', true,
        NULL, false, NULL, NULL, false, NULL, false, NULL, NULL, NULL, NULL, NULL, NULL, NULL, false, NULL, 0, 'Ian',
        'Dole', 'Brother', '01415952828', NULL, 'test@email.dev', 'nothere', NULL, false, false, NULL, NULL, true,
        NULL, false, 'Digital'),
       ('641500496', '2018-02-08 00:00:00', NULL, 'FNAMEFOURNINESIX', 'LNAMEFOURNINESIX', '496 STREET NAME', 'ANYTOWN',
        NULL, 'London', NULL, 'CH1 2AN', 'TODO', '1980-01-01', '01412271818', NULL, 'test@email.dev', true, NULL, false,
        NULL, NULL, false, NULL, false, NULL, NULL, NULL, NULL, NULL, NULL, NULL, false, NULL, 0, NULL, NULL, NULL,
        NULL, NULL, NULL, NULL, NULL, true, true, NULL, NULL, true, NULL, false, 'Digital'),
       ('641500518', '2018-02-08 00:00:00', NULL, 'FNAMEFIVEONEEIGHT', 'LNAMEFIVEONEEIGHT', '518 STREET NAME',
        'ANYTOWN', NULL, 'London', NULL, 'CH1 2AN', 'TODO', '2007-01-01', '01417271113', NULL, 'test@email.dev', true,
        NULL, false, NULL, NULL, false, NULL, false, NULL, NULL, NULL, NULL, NULL, NULL, NULL, false, NULL, 0, NULL,
        NULL, NULL, NULL, NULL, NULL, NULL, NULL, true, true, NULL, NULL, true, NULL, false, 'Digital'),
       ('641500521', '2018-02-08 00:00:00', NULL, 'FNAMEFIVETWOONE', 'LNAMEFIVETWOONE', '521 STREET NAME', 'ANYTOWN',
        NULL, 'London', NULL, 'CH1 2AN', 'TODO', '1991-01-01', '01412728181', NULL, 'test@email.dev', true, NULL, false,
        NULL, NULL, false, NULL, false, NULL, NULL, 'd', '15/02/2018, 22/02/2018, 01/03/2018', NULL, NULL, NULL, false,
        NULL, 0, NULL, NULL, NULL, NULL, NULL, NULL, NULL, NULL, true, true, NULL, NULL, true, NULL, false,
        'Digital'),
       ('641500529', '2018-02-08 00:00:00', NULL, 'FNAMEFIVETWONINE', 'LNAMEFIVETWONINE', '529 STREET NAME', 'ANYTOWN',
        NULL, 'London', NULL, 'CH1 2AN', 'TODO', '1991-01-01', '01312721616', NULL, 'test@email.dev', true, NULL, false,
        NULL, NULL, false, NULL, false, NULL, NULL, 'd', '15/02/2018, 22/02/2018, 01/03/2018', NULL, NULL, NULL, false,
        NULL, 0, NULL, NULL, NULL, NULL, NULL, NULL, NULL, NULL, true, true, NULL, NULL, true, NULL, false,
        'Digital'),
       ('641500531', '2018-02-08 00:00:00', NULL, 'FNAMEFIVETHREEONE', 'LNAMEFIVETHREEONE', '531 STREET NAME',
        'ANYTOWN', NULL, 'London', NULL, 'CH1 2AN', 'TODO', '1991-01-01', '01312821717', NULL, 'test@email.dev', true,
        NULL, false, NULL, NULL, false, NULL, false, NULL, NULL, NULL, NULL, NULL, NULL, 'd', false, NULL, 0, NULL,
        NULL, NULL, NULL, NULL, NULL, NULL, NULL, true, true, NULL, NULL, true, NULL, false, 'Digital'),
       ('641500534', '2018-02-08 00:00:00', NULL, 'FNAMEFIVETHREEFOUR', 'LNAMEFIVETHREEFOUR', '534 STREET NAME',
        'ANYTOWN', NULL, 'London', NULL, 'CH1 2AN', 'TODO', '1991-01-01', '01412726161', NULL, 'test@email.dev', true,
        NULL, false, NULL, NULL, false, NULL, false, NULL, NULL, NULL, NULL, NULL, NULL, 'd', false, NULL, 0, NULL,
        NULL, NULL, NULL, NULL, NULL, NULL, NULL, true, true, NULL, NULL, true, NULL, false, 'Digital'),
       ('641500537', '2018-02-08 00:00:00', NULL, 'FNAMEFIVETHREESEVEN', 'LNAMEFIVETHREESEVEN', '537 STREET NAME',
        'ANYTOWN', NULL, 'London', NULL, 'CH1 2AN', 'TODO', '1991-01-01', '01413831818', NULL, 'test@email.dev', false,
        'France', true, NULL, 'Unwell', false, NULL, false, NULL, NULL, NULL, NULL, NULL, NULL, NULL, false, NULL, 0,
        NULL, NULL, NULL, NULL, NULL, NULL, NULL, NULL, true, true, NULL, NULL, true, NULL, false, 'Digital'),
       ('641500540', '2018-02-08 00:00:00', NULL, 'FNAMEFIVEFOURZERO', 'LNAMEFIVEFOURZERO', '540 STREET NAME',
        'ANYTOWN', NULL, 'London', NULL, 'CH1 2AN', 'TODO', '1991-01-01', '01419582717', NULL, 'test@email.dev', true,
        NULL, false, NULL, NULL, false, NULL, false, NULL, NULL, NULL, NULL, NULL, NULL, NULL, false, NULL, 0, NULL,
        NULL, NULL, NULL, NULL, NULL, NULL, NULL, true, true, NULL, NULL, true, NULL, false, 'Digital'),
       ('641500542', '2018-02-08 00:00:00', NULL, 'FNAMEFIVEFOURTWO', 'LNAMEFIVEFOURTWO', '542 STREET NAME', 'ANYTOWN',
        NULL, 'London', NULL, 'CH1 2AN', 'TODO', '2010-01-01', NULL, NULL, NULL, true, NULL, false, NULL, NULL, false,
        NULL, false, NULL, NULL, NULL, NULL, NULL, NULL, NULL, false, NULL, 0, 'Brenda', 'Stevenson', 'Sister',
        '01412721616', NULL, 'test@email.dev', 'nothere', NULL, false, false, NULL, NULL, true, NULL, false,
        'Digital'),
       ('641500684', '2018-02-08 00:00:00', NULL, 'FNAMESIXEIGHTFOUR', 'LNAMESIXEIGHTFOUR', '684 STREET NAME',
        'ANYTOWN', NULL, 'London', NULL, 'CH1 2AN', 'TODO', '1991-10-10', '01415851717', NULL, 'test@email.dev', true,
        NULL, false, NULL, NULL, false, NULL, false, NULL, NULL, NULL, NULL, NULL, NULL, NULL, false, NULL, 0, 'Becky',
        'Alldale', 'Sister', '01415851717', NULL, 'test@email.dev', 'nothere', NULL, false, false, NULL, NULL, false,
         NULL, false, 'Digital'),
       ('641500807', '2018-02-08 00:00:00', NULL, 'FNAMEEIGHTZEROSEVEN', 'LNAMEEIGHTZEROSEVEN', '807 STREET NAME',
        'ANYTOWN', NULL, 'London', NULL, 'CH1 2AN', 'TODO', '1991-01-01', '01412827371', NULL, 'test@email.dev', true,
        NULL, false, NULL, NULL, false, NULL, false, NULL, NULL, NULL, NULL, NULL, NULL, NULL, false, NULL, 0, 'Barry',
        'Kane', 'Brother', '01412827371', NULL, 'test@email.dev', 'nothere', NULL, false, false, NULL, NULL, false,
         NULL, false, 'Digital'),
       ('641500811', '2018-02-08 00:00:00', NULL, 'FNAMEEIGHTONEONE', 'LNAMEEIGHTONEONE', '811 STREET NAME', 'ANYTOWN',
        NULL, NULL, NULL, 'CH1 2AN', 'CLOSED', NULL, NULL, NULL, NULL, false, NULL, false, NULL, NULL, false, NULL,
        false, NULL, NULL, NULL, NULL, NULL, NULL, NULL, true, NULL, 1, 'James', 'Doe', 'Brother', '01412829119', NULL,
        'test@email.dev', 'deceased', NULL, false, false, 'AUTO', '2018-02-08 00:00:00', false,
        '2018-02-08 14:24:16', false, 'Digital'),
       ('641500902', '2018-02-08 00:00:00', NULL, 'FNAMENINEZEROTWO', 'LNAMENINEZEROTWO', '902 STREET NAME', 'ANYTOWN',
        NULL, 'London', NULL, 'CH1 2AN', 'CLOSED', '1991-01-01', '01412821717', NULL, 'test@email.dev', true, NULL,
        false, NULL, NULL, false, NULL, false, NULL, NULL, NULL, NULL, NULL, NULL, NULL, true, NULL, 1, NULL, NULL,
        NULL, NULL, NULL, NULL, NULL, NULL, true, true, 'AUTO', '2018-02-08 00:00:00', false,
        '2018-02-08 14:05:44', false, 'Digital'),
       ('641500905', '2018-02-08 00:00:00', NULL, 'FNAMENINEZEROFIVE', 'LNAMENINEZEROFIVE', '905 STREET NAME',
        'ANYTOWN', NULL, 'London', NULL, 'CH1 2AN', 'CLOSED', '2020-01-01', '01414841717', NULL, 'test@email.dev',
        false, NULL, false, NULL, NULL, false, NULL, false, NULL, NULL, NULL, NULL, NULL, NULL, NULL, true, NULL, 1,
        NULL, NULL, NULL, NULL, NULL, NULL, NULL, NULL, true, true, 'AUTO', '2018-02-08 00:00:00', false,
        '2018-02-08 14:09:30', false, 'Digital'),
       ('641500919', '2018-02-08 00:00:00', NULL, 'FNAMENINEONENINE', 'LNAMENINEONENINE', '919 STREET NAME', 'ANYTOWN',
        NULL, 'London', NULL, 'CH1 2AN', 'TODO', '1991-01-01', '01412727191', NULL, 'test@email.dev', true, NULL, false,
        NULL, NULL, false, NULL, false, NULL, NULL, NULL, NULL, NULL, NULL, NULL, false, NULL, 0, NULL, NULL, NULL,
        NULL, NULL, NULL, NULL, NULL, true, true, NULL, NULL, false, NULL, false, 'Digital'),
       ('641500930', '2018-02-08 00:00:00', NULL, 'FNAMENINETHREEZERO', 'LNAMENINETHREEZERO', '930 STREET NAME',
        'ANYTOWN', NULL, 'London', NULL, 'CH1 2AN', 'TODO', '2010-01-01', NULL, NULL, NULL, false, NULL, false, NULL,
        NULL, false, NULL, false, NULL, NULL, NULL, NULL, NULL, NULL, NULL, false, NULL, 0, 'John', 'Doe', 'Brother',
        '01412827117', NULL, 'test@email.dev', 'nothere', NULL, false, false, NULL, NULL, false, NULL, false,
        'Digital');
