DELETE FROM juror_mod.contact_log;
DELETE FROM juror_mod.juror_history;
DELETE FROM juror_mod.juror_audit;
DELETE FROM juror_mod.juror_pool;

DELETE FROM juror_mod.pool;
DELETE FROM juror_mod.juror;

INSERT INTO JUROR_MOD.POOL (OWNER, POOL_NO, RETURN_DATE, TOTAL_NO_REQUIRED,NO_REQUESTED, POOL_TYPE, LOC_CODE, NEW_REQUEST, LAST_UPDATE)
VALUES ('400', '415230601', CURRENT_DATE + 7, 15, 15, 'CRO', '415', 'T', CURRENT_DATE);

INSERT INTO JUROR_MOD.POOL (OWNER, POOL_NO, RETURN_DATE, TOTAL_NO_REQUIRED,NO_REQUESTED, POOL_TYPE, LOC_CODE, NEW_REQUEST, LAST_UPDATE)
VALUES ('400', '415230602', CURRENT_DATE + 14, 14, 14, 'CRO', '415', 'T', CURRENT_DATE);

INSERT INTO JUROR_MOD.POOL (OWNER, POOL_NO, RETURN_DATE, TOTAL_NO_REQUIRED,NO_REQUESTED, POOL_TYPE, LOC_CODE, NEW_REQUEST, LAST_UPDATE)
VALUES ('400', '415230603', CURRENT_DATE + 21, 12, 12, 'CRO', '415', 'T', CURRENT_DATE);

INSERT INTO JUROR_MOD.POOL (OWNER, POOL_NO, RETURN_DATE, TOTAL_NO_REQUIRED,NO_REQUESTED, POOL_TYPE, LOC_CODE, NEW_REQUEST, LAST_UPDATE)
VALUES ('400', '415230604', CURRENT_DATE + 28, 14, 14, 'CRO', '415', 'T', CURRENT_DATE);

INSERT INTO JUROR_MOD.POOL (OWNER, POOL_NO, RETURN_DATE, TOTAL_NO_REQUIRED,NO_REQUESTED, POOL_TYPE, LOC_CODE, NEW_REQUEST, LAST_UPDATE)
VALUES ('400', '415230605', CURRENT_DATE + 35, 15, 15, 'CRO', '415', 'T', CURRENT_DATE);

INSERT INTO JUROR_MOD.POOL (OWNER, POOL_NO, RETURN_DATE, TOTAL_NO_REQUIRED,NO_REQUESTED, POOL_TYPE, LOC_CODE, NEW_REQUEST, LAST_UPDATE)
VALUES ('400', '415230606', CURRENT_DATE + 42, 13, 13, 'CRO', '415', 'T', CURRENT_DATE);

INSERT INTO JUROR_MOD.POOL (OWNER, POOL_NO, RETURN_DATE, TOTAL_NO_REQUIRED,NO_REQUESTED, POOL_TYPE, LOC_CODE, NEW_REQUEST, LAST_UPDATE)
VALUES ('400', '415230607', CURRENT_DATE + 49, 11, 11, 'CRO', '415', 'T', CURRENT_DATE);

INSERT INTO JUROR_MOD.POOL (OWNER, POOL_NO, RETURN_DATE, TOTAL_NO_REQUIRED,NO_REQUESTED, POOL_TYPE, LOC_CODE, NEW_REQUEST, LAST_UPDATE)
VALUES ('400', '415230608', CURRENT_DATE + 56, 14, 14, 'CRO', '415', 'T', CURRENT_DATE);

INSERT INTO JUROR_MOD.POOL (OWNER, POOL_NO, RETURN_DATE, TOTAL_NO_REQUIRED,NO_REQUESTED, POOL_TYPE, LOC_CODE, NEW_REQUEST, LAST_UPDATE)
VALUES ('400', '415230609', CURRENT_DATE + 63, 0, 0, 'CRO', '415', 'T', CURRENT_DATE);

INSERT INTO juror_mod.juror (juror_number, last_name, first_name, dob, address_line_1, address_line_4, postcode, responded) VALUES
('111111111', 'LNAMEFIVEFOURZERO', 'FNAMEFIVEFOURZERO', '1990-07-25', '540 STREET NAME', 'ANYTOWN', 'CH1 2AN', true),
('111111112', 'LNAMEFIVEFOURZERO', 'FNAMEFIVEFOURZERO', '1990-07-25', '540 STREET NAME', 'ANYTOWN', 'CH1 2AN', true),
('111111113', 'LNAMEFIVEFOURZERO', 'FNAMEFIVEFOURZERO', '1990-07-25', '540 STREET NAME', 'ANYTOWN', 'CH1 2AN', true),
('111111114', 'LNAMEFIVEFOURZERO', 'FNAMEFIVEFOURZERO', '1990-07-25', '540 STREET NAME', 'ANYTOWN', 'CH1 2AN', true),
('111111115', 'LNAMEFIVEFOURZERO', 'FNAMEFIVEFOURZERO', '1990-07-25', '540 STREET NAME', 'ANYTOWN', 'CH1 2AN', true),
('111111116', 'LNAMEFIVEFOURZERO', 'FNAMEFIVEFOURZERO', '1990-07-25', '540 STREET NAME', 'ANYTOWN', 'CH1 2AN', true),
('111111117', 'LNAMEFIVEFOURZERO', 'FNAMEFIVEFOURZERO', '1990-07-25', '540 STREET NAME', 'ANYTOWN', 'CH1 2AN', true),
('111111118', 'LNAMEFIVEFOURZERO', 'FNAMEFIVEFOURZERO', '1990-07-25', '540 STREET NAME', 'ANYTOWN', 'CH1 2AN', true),
('111111119', 'LNAMEFIVEFOURZERO', 'FNAMEFIVEFOURZERO', '1990-07-25', '540 STREET NAME', 'ANYTOWN', 'CH1 2AN', true),
('111111120', 'LNAMEFIVEFOURZERO', 'FNAMEFIVEFOURZERO', '1990-07-25', '540 STREET NAME', 'ANYTOWN', 'CH1 2AN', true),
('111111121', 'LNAMEFIVEFOURZERO', 'FNAMEFIVEFOURZERO', '1990-07-25', '540 STREET NAME', 'ANYTOWN', 'CH1 2AN', true),
('111111122', 'LNAMEFIVEFOURZERO', 'FNAMEFIVEFOURZERO', '1990-07-25', '540 STREET NAME', 'ANYTOWN', 'CH1 2AN', true),
('111111123', 'LNAMEFIVEFOURZERO', 'FNAMEFIVEFOURZERO', '1990-07-25', '540 STREET NAME', 'ANYTOWN', 'CH1 2AN', true),
('111111124', 'LNAMEFIVEFOURZERO', 'FNAMEFIVEFOURZERO', '1990-07-25', '540 STREET NAME', 'ANYTOWN', 'CH1 2AN', true),
('111111125', 'LNAMEFIVEFOURZERO', 'FNAMEFIVEFOURZERO', '1990-07-25', '540 STREET NAME', 'ANYTOWN', 'CH1 2AN', true),
('111111126', 'LNAMEFIVEFOURZERO', 'FNAMEFIVEFOURZERO', '1990-07-25', '540 STREET NAME', 'ANYTOWN', 'CH1 2AN', true),
('111111127', 'LNAMEFIVEFOURZERO', 'FNAMEFIVEFOURZERO', '1990-07-25', '540 STREET NAME', 'ANYTOWN', 'CH1 2AN', true),
('111111128', 'LNAMEFIVEFOURZERO', 'FNAMEFIVEFOURZERO', '1990-07-25', '540 STREET NAME', 'ANYTOWN', 'CH1 2AN', true),
('111111129', 'LNAMEFIVEFOURZERO', 'FNAMEFIVEFOURZERO', '1990-07-25', '540 STREET NAME', 'ANYTOWN', 'CH1 2AN', true),
('111111130', 'LNAMEFIVEFOURZERO', 'FNAMEFIVEFOURZERO', '1990-07-25', '540 STREET NAME', 'ANYTOWN', 'CH1 2AN', true),
('111111131', 'LNAMEFIVEFOURZERO', 'FNAMEFIVEFOURZERO', '1990-07-25', '540 STREET NAME', 'ANYTOWN', 'CH1 2AN', true),
('111111132', 'LNAMEFIVEFOURZERO', 'FNAMEFIVEFOURZERO', '1990-07-25', '540 STREET NAME', 'ANYTOWN', 'CH1 2AN', true),
('111111133', 'LNAMEFIVEFOURZERO', 'FNAMEFIVEFOURZERO', '1990-07-25', '540 STREET NAME', 'ANYTOWN', 'CH1 2AN', true),
('111111134', 'LNAMEFIVEFOURZERO', 'FNAMEFIVEFOURZERO', '1990-07-25', '540 STREET NAME', 'ANYTOWN', 'CH1 2AN', true),
('111111135', 'LNAMEFIVEFOURZERO', 'FNAMEFIVEFOURZERO', '1990-07-25', '540 STREET NAME', 'ANYTOWN', 'CH1 2AN', true),
('111111136', 'LNAMEFIVEFOURZERO', 'FNAMEFIVEFOURZERO', '1990-07-25', '540 STREET NAME', 'ANYTOWN', 'CH1 2AN', true),
('111111137', 'LNAMEFIVEFOURZERO', 'FNAMEFIVEFOURZERO', '1990-07-25', '540 STREET NAME', 'ANYTOWN', 'CH1 2AN', true),
('111111138', 'LNAMEFIVEFOURZERO', 'FNAMEFIVEFOURZERO', '1990-07-25', '540 STREET NAME', 'ANYTOWN', 'CH1 2AN', true),
('111111139', 'LNAMEFIVEFOURZERO', 'FNAMEFIVEFOURZERO', '1990-07-25', '540 STREET NAME', 'ANYTOWN', 'CH1 2AN', true),
('111111140', 'LNAMEFIVEFOURZERO', 'FNAMEFIVEFOURZERO', '1990-07-25', '540 STREET NAME', 'ANYTOWN', 'CH1 2AN', true),
('111111141', 'LNAMEFIVEFOURZERO', 'FNAMEFIVEFOURZERO', '1990-07-25', '540 STREET NAME', 'ANYTOWN', 'CH1 2AN', true),
('111111142', 'LNAMEFIVEFOURZERO', 'FNAMEFIVEFOURZERO', '1990-07-25', '540 STREET NAME', 'ANYTOWN', 'CH1 2AN', true),
('111111143', 'LNAMEFIVEFOURZERO', 'FNAMEFIVEFOURZERO', '1990-07-25', '540 STREET NAME', 'ANYTOWN', 'CH1 2AN', true),
('111111144', 'LNAMEFIVEFOURZERO', 'FNAMEFIVEFOURZERO', '1990-07-25', '540 STREET NAME', 'ANYTOWN', 'CH1 2AN', true),
('111111145', 'LNAMEFIVEFOURZERO', 'FNAMEFIVEFOURZERO', '1990-07-25', '540 STREET NAME', 'ANYTOWN', 'CH1 2AN', true),
('111111146', 'LNAMEFIVEFOURZERO', 'FNAMEFIVEFOURZERO', '1990-07-25', '540 STREET NAME', 'ANYTOWN', 'CH1 2AN', true),
('111111147', 'LNAMEFIVEFOURZERO', 'FNAMEFIVEFOURZERO', '1990-07-25', '540 STREET NAME', 'ANYTOWN', 'CH1 2AN', true),
('111111148', 'LNAMEFIVEFOURZERO', 'FNAMEFIVEFOURZERO', '1990-07-25', '540 STREET NAME', 'ANYTOWN', 'CH1 2AN', true),
('111111149', 'LNAMEFIVEFOURZERO', 'FNAMEFIVEFOURZERO', '1990-07-25', '540 STREET NAME', 'ANYTOWN', 'CH1 2AN', true),
('111111150', 'LNAMEFIVEFOURZERO', 'FNAMEFIVEFOURZERO', '1990-07-25', '540 STREET NAME', 'ANYTOWN', 'CH1 2AN', true),
('111111151', 'LNAMEFIVEFOURZERO', 'FNAMEFIVEFOURZERO', '1990-07-25', '540 STREET NAME', 'ANYTOWN', 'CH1 2AN', true),
('111111152', 'LNAMEFIVEFOURZERO', 'FNAMEFIVEFOURZERO', '1990-07-25', '540 STREET NAME', 'ANYTOWN', 'CH1 2AN', true),
('111111153', 'LNAMEFIVEFOURZERO', 'FNAMEFIVEFOURZERO', '1990-07-25', '540 STREET NAME', 'ANYTOWN', 'CH1 2AN', true),
('111111154', 'LNAMEFIVEFOURZERO', 'FNAMEFIVEFOURZERO', '1990-07-25', '540 STREET NAME', 'ANYTOWN', 'CH1 2AN', true),
('111111155', 'LNAMEFIVEFOURZERO', 'FNAMEFIVEFOURZERO', '1990-07-25', '540 STREET NAME', 'ANYTOWN', 'CH1 2AN', true),
('111111156', 'LNAMEFIVEFOURZERO', 'FNAMEFIVEFOURZERO', '1990-07-25', '540 STREET NAME', 'ANYTOWN', 'CH1 2AN', true),
('111111157', 'LNAMEFIVEFOURZERO', 'FNAMEFIVEFOURZERO', '1990-07-25', '540 STREET NAME', 'ANYTOWN', 'CH1 2AN', true),
('111111158', 'LNAMEFIVEFOURZERO', 'FNAMEFIVEFOURZERO', '1990-07-25', '540 STREET NAME', 'ANYTOWN', 'CH1 2AN', true),
('111111159', 'LNAMEFIVEFOURZERO', 'FNAMEFIVEFOURZERO', '1990-07-25', '540 STREET NAME', 'ANYTOWN', 'CH1 2AN', true),
('111111160', 'LNAMEFIVEFOURZERO', 'FNAMEFIVEFOURZERO', '1990-07-25', '540 STREET NAME', 'ANYTOWN', 'CH1 2AN', true),
('111111161', 'LNAMEFIVEFOURZERO', 'FNAMEFIVEFOURZERO', '1990-07-25', '540 STREET NAME', 'ANYTOWN', 'CH1 2AN', true),
('111111162', 'LNAMEFIVEFOURZERO', 'FNAMEFIVEFOURZERO', '1990-07-25', '540 STREET NAME', 'ANYTOWN', 'CH1 2AN', true),
('111111163', 'LNAMEFIVEFOURZERO', 'FNAMEFIVEFOURZERO', '1990-07-25', '540 STREET NAME', 'ANYTOWN', 'CH1 2AN', true),
('111111164', 'LNAMEFIVEFOURZERO', 'FNAMEFIVEFOURZERO', '1990-07-25', '540 STREET NAME', 'ANYTOWN', 'CH1 2AN', true),
('111111165', 'LNAMEFIVEFOURZERO', 'FNAMEFIVEFOURZERO', '1990-07-25', '540 STREET NAME', 'ANYTOWN', 'CH1 2AN', true),
('111111166', 'LNAMEFIVEFOURZERO', 'FNAMEFIVEFOURZERO', '1990-07-25', '540 STREET NAME', 'ANYTOWN', 'CH1 2AN', true),
('111111167', 'LNAMEFIVEFOURZERO', 'FNAMEFIVEFOURZERO', '1990-07-25', '540 STREET NAME', 'ANYTOWN', 'CH1 2AN', true),
('111111168', 'LNAMEFIVEFOURZERO', 'FNAMEFIVEFOURZERO', '1990-07-25', '540 STREET NAME', 'ANYTOWN', 'CH1 2AN', true),
('111111169', 'LNAMEFIVEFOURZERO', 'FNAMEFIVEFOURZERO', '1990-07-25', '540 STREET NAME', 'ANYTOWN', 'CH1 2AN', true),
('111111170', 'LNAMEFIVEFOURZERO', 'FNAMEFIVEFOURZERO', '1990-07-25', '540 STREET NAME', 'ANYTOWN', 'CH1 2AN', true),
('111111171', 'LNAMEFIVEFOURZERO', 'FNAMEFIVEFOURZERO', '1990-07-25', '540 STREET NAME', 'ANYTOWN', 'CH1 2AN', true),
('111111172', 'LNAMEFIVEFOURZERO', 'FNAMEFIVEFOURZERO', '1990-07-25', '540 STREET NAME', 'ANYTOWN', 'CH1 2AN', true),
('111111173', 'LNAMEFIVEFOURZERO', 'FNAMEFIVEFOURZERO', '1990-07-25', '540 STREET NAME', 'ANYTOWN', 'CH1 2AN', true),
('111111174', 'LNAMEFIVEFOURZERO', 'FNAMEFIVEFOURZERO', '1990-07-25', '540 STREET NAME', 'ANYTOWN', 'CH1 2AN', true),
('111111175', 'LNAMEFIVEFOURZERO', 'FNAMEFIVEFOURZERO', '1990-07-25', '540 STREET NAME', 'ANYTOWN', 'CH1 2AN', true),
('111111176', 'LNAMEFIVEFOURZERO', 'FNAMEFIVEFOURZERO', '1990-07-25', '540 STREET NAME', 'ANYTOWN', 'CH1 2AN', true),
('111111177', 'LNAMEFIVEFOURZERO', 'FNAMEFIVEFOURZERO', '1990-07-25', '540 STREET NAME', 'ANYTOWN', 'CH1 2AN', true),
('111111178', 'LNAMEFIVEFOURZERO', 'FNAMEFIVEFOURZERO', '1990-07-25', '540 STREET NAME', 'ANYTOWN', 'CH1 2AN', true),
('111111179', 'LNAMEFIVEFOURZERO', 'FNAMEFIVEFOURZERO', '1990-07-25', '540 STREET NAME', 'ANYTOWN', 'CH1 2AN', true),
('111111180', 'LNAMEFIVEFOURZERO', 'FNAMEFIVEFOURZERO', '1990-07-25', '540 STREET NAME', 'ANYTOWN', 'CH1 2AN', true),
('111111181', 'LNAMEFIVEFOURZERO', 'FNAMEFIVEFOURZERO', '1990-07-25', '540 STREET NAME', 'ANYTOWN', 'CH1 2AN', true),
('111111182', 'LNAMEFIVEFOURZERO', 'FNAMEFIVEFOURZERO', '1990-07-25', '540 STREET NAME', 'ANYTOWN', 'CH1 2AN', true),
('111111183', 'LNAMEFIVEFOURZERO', 'FNAMEFIVEFOURZERO', '1990-07-25', '540 STREET NAME', 'ANYTOWN', 'CH1 2AN', true),
('111111184', 'LNAMEFIVEFOURZERO', 'FNAMEFIVEFOURZERO', '1990-07-25', '540 STREET NAME', 'ANYTOWN', 'CH1 2AN', true),
('111111185', 'LNAMEFIVEFOURZERO', 'FNAMEFIVEFOURZERO', '1990-07-25', '540 STREET NAME', 'ANYTOWN', 'CH1 2AN', true),
('111111186', 'LNAMEFIVEFOURZERO', 'FNAMEFIVEFOURZERO', '1990-07-25', '540 STREET NAME', 'ANYTOWN', 'CH1 2AN', true),
('111111187', 'LNAMEFIVEFOURZERO', 'FNAMEFIVEFOURZERO', '1990-07-25', '540 STREET NAME', 'ANYTOWN', 'CH1 2AN', true),
('111111188', 'LNAMEFIVEFOURZERO', 'FNAMEFIVEFOURZERO', '1990-07-25', '540 STREET NAME', 'ANYTOWN', 'CH1 2AN', true),
('111111189', 'LNAMEFIVEFOURZERO', 'FNAMEFIVEFOURZERO', '1990-07-25', '540 STREET NAME', 'ANYTOWN', 'CH1 2AN', true),
('111111190', 'LNAMEFIVEFOURZERO', 'FNAMEFIVEFOURZERO', '1990-07-25', '540 STREET NAME', 'ANYTOWN', 'CH1 2AN', true),
('111111191', 'LNAMEFIVEFOURZERO', 'FNAMEFIVEFOURZERO', '1990-07-25', '540 STREET NAME', 'ANYTOWN', 'CH1 2AN', true),
('111111192', 'LNAMEFIVEFOURZERO', 'FNAMEFIVEFOURZERO', '1990-07-25', '540 STREET NAME', 'ANYTOWN', 'CH1 2AN', true),
('111111193', 'LNAMEFIVEFOURZERO', 'FNAMEFIVEFOURZERO', '1990-07-25', '540 STREET NAME', 'ANYTOWN', 'CH1 2AN', true),
('111111194', 'LNAMEFIVEFOURZERO', 'FNAMEFIVEFOURZERO', '1990-07-25', '540 STREET NAME', 'ANYTOWN', 'CH1 2AN', true),
('111111195', 'LNAMEFIVEFOURZERO', 'FNAMEFIVEFOURZERO', '1990-07-25', '540 STREET NAME', 'ANYTOWN', 'CH1 2AN', true),
('111111196', 'LNAMEFIVEFOURZERO', 'FNAMEFIVEFOURZERO', '1990-07-25', '540 STREET NAME', 'ANYTOWN', 'CH1 2AN', true),
('111111197', 'LNAMEFIVEFOURZERO', 'FNAMEFIVEFOURZERO', '1990-07-25', '540 STREET NAME', 'ANYTOWN', 'CH1 2AN', true),
('111111198', 'LNAMEFIVEFOURZERO', 'FNAMEFIVEFOURZERO', '1990-07-25', '540 STREET NAME', 'ANYTOWN', 'CH1 2AN', true),
('111111199', 'LNAMEFIVEFOURZERO', 'FNAMEFIVEFOURZERO', '1990-07-25', '540 STREET NAME', 'ANYTOWN', 'CH1 2AN', true),
('111111200', 'LNAMEFIVEFOURZERO', 'FNAMEFIVEFOURZERO', '1990-07-25', '540 STREET NAME', 'ANYTOWN', 'CH1 2AN', true),
('111111201', 'LNAMEFIVEFOURZERO', 'FNAMEFIVEFOURZERO', '1990-07-25', '540 STREET NAME', 'ANYTOWN', 'CH1 2AN', true),
('111111202', 'LNAMEFIVEFOURZERO', 'FNAMEFIVEFOURZERO', '1990-07-25', '540 STREET NAME', 'ANYTOWN', 'CH1 2AN', true),
('111111203', 'LNAMEFIVEFOURZERO', 'FNAMEFIVEFOURZERO', '1990-07-25', '540 STREET NAME', 'ANYTOWN', 'CH1 2AN', true),
('111111204', 'LNAMEFIVEFOURZERO', 'FNAMEFIVEFOURZERO', '1990-07-25', '540 STREET NAME', 'ANYTOWN', 'CH1 2AN', true),
('111111205', 'LNAMEFIVEFOURZERO', 'FNAMEFIVEFOURZERO', '1990-07-25', '540 STREET NAME', 'ANYTOWN', 'CH1 2AN', true),
('111111206', 'LNAMEFIVEFOURZERO', 'FNAMEFIVEFOURZERO', '1990-07-25', '540 STREET NAME', 'ANYTOWN', 'CH1 2AN', true),
('111111207', 'LNAMEFIVEFOURZERO', 'FNAMEFIVEFOURZERO', '1990-07-25', '540 STREET NAME', 'ANYTOWN', 'CH1 2AN', true),
('111111208', 'LNAMEFIVEFOURZERO', 'FNAMEFIVEFOURZERO', '1990-07-25', '540 STREET NAME', 'ANYTOWN', 'CH1 2AN', true),
('111111209', 'LNAMEFIVEFOURZERO', 'FNAMEFIVEFOURZERO', '1990-07-25', '540 STREET NAME', 'ANYTOWN', 'CH1 2AN', true),
('111111210', 'LNAMEFIVEFOURZERO', 'FNAMEFIVEFOURZERO', '1990-07-25', '540 STREET NAME', 'ANYTOWN', 'CH1 2AN', true),
('111111211', 'LNAMEFIVEFOURZERO', 'FNAMEFIVEFOURZERO', '1990-07-25', '540 STREET NAME', 'ANYTOWN', 'CH1 2AN', true),
('111111212', 'LNAMEFIVEFOURZERO', 'FNAMEFIVEFOURZERO', '1990-07-25', '540 STREET NAME', 'ANYTOWN', 'CH1 2AN', true),
('111111213', 'LNAMEFIVEFOURZERO', 'FNAMEFIVEFOURZERO', '1990-07-25', '540 STREET NAME', 'ANYTOWN', 'CH1 2AN', true),
('111111214', 'LNAMEFIVEFOURZERO', 'FNAMEFIVEFOURZERO', '1990-07-25', '540 STREET NAME', 'ANYTOWN', 'CH1 2AN', true),
('111111215', 'LNAMEFIVEFOURZERO', 'FNAMEFIVEFOURZERO', '1990-07-25', '540 STREET NAME', 'ANYTOWN', 'CH1 2AN', true),
('111111216', 'LNAMEFIVEFOURZERO', 'FNAMEFIVEFOURZERO', '1990-07-25', '540 STREET NAME', 'ANYTOWN', 'CH1 2AN', true),
('111111217', 'LNAMEFIVEFOURZERO', 'FNAMEFIVEFOURZERO', '1990-07-25', '540 STREET NAME', 'ANYTOWN', 'CH1 2AN', true),
('111111218', 'LNAMEFIVEFOURZERO', 'FNAMEFIVEFOURZERO', '1990-07-25', '540 STREET NAME', 'ANYTOWN', 'CH1 2AN', true),
('111111219', 'LNAMEFIVEFOURZERO', 'FNAMEFIVEFOURZERO', '1990-07-25', '540 STREET NAME', 'ANYTOWN', 'CH1 2AN', true),
('111111220', 'LNAMEFIVEFOURZERO', 'FNAMEFIVEFOURZERO', '1990-07-25', '540 STREET NAME', 'ANYTOWN', 'CH1 2AN', true),
('111111221', 'LNAMEFIVEFOURZERO', 'FNAMEFIVEFOURZERO', '1990-07-25', '540 STREET NAME', 'ANYTOWN', 'CH1 2AN', true),
('111111222', 'LNAMEFIVEFOURZERO', 'FNAMEFIVEFOURZERO', '1990-07-25', '540 STREET NAME', 'ANYTOWN', 'CH1 2AN', true),
('111111223', 'LNAMEFIVEFOURZERO', 'FNAMEFIVEFOURZERO', '1990-07-25', '540 STREET NAME', 'ANYTOWN', 'CH1 2AN', true),
('111111224', 'LNAMEFIVEFOURZERO', 'FNAMEFIVEFOURZERO', '1990-07-25', '540 STREET NAME', 'ANYTOWN', 'CH1 2AN', true),
('111111225', 'LNAMEFIVEFOURZERO', 'FNAMEFIVEFOURZERO', '1990-07-25', '540 STREET NAME', 'ANYTOWN', 'CH1 2AN', true),
('111111226', 'LNAMEFIVEFOURZERO', 'FNAMEFIVEFOURZERO', '1990-07-25', '540 STREET NAME', 'ANYTOWN', 'CH1 2AN', true),
('111111227', 'LNAMEFIVEFOURZERO', 'FNAMEFIVEFOURZERO', '1990-07-25', '540 STREET NAME', 'ANYTOWN', 'CH1 2AN', true),
('111111228', 'LNAMEFIVEFOURZERO', 'FNAMEFIVEFOURZERO', '1990-07-25', '540 STREET NAME', 'ANYTOWN', 'CH1 2AN', true),
('111111229', 'LNAMEFIVEFOURZERO', 'FNAMEFIVEFOURZERO', '1990-07-25', '540 STREET NAME', 'ANYTOWN', 'CH1 2AN', true),
('111111230', 'LNAMEFIVEFOURZERO', 'FNAMEFIVEFOURZERO', '1990-07-25', '540 STREET NAME', 'ANYTOWN', 'CH1 2AN', true),
('111111231', 'LNAMEFIVEFOURZERO', 'FNAMEFIVEFOURZERO', '1990-07-25', '540 STREET NAME', 'ANYTOWN', 'CH1 2AN', true),
('111111232', 'LNAMEFIVEFOURZERO', 'FNAMEFIVEFOURZERO', '1990-07-25', '540 STREET NAME', 'ANYTOWN', 'CH1 2AN', true),
('111111233', 'LNAMEFIVEFOURZERO', 'FNAMEFIVEFOURZERO', '1990-07-25', '540 STREET NAME', 'ANYTOWN', 'CH1 2AN', true),
('111111234', 'LNAMEFIVEFOURZERO', 'FNAMEFIVEFOURZERO', '1990-07-25', '540 STREET NAME', 'ANYTOWN', 'CH1 2AN', true),
('111111235', 'LNAMEFIVEFOURZERO', 'FNAMEFIVEFOURZERO', '1990-07-25', '540 STREET NAME', 'ANYTOWN', 'CH1 2AN', true),
('111111236', 'LNAMEFIVEFOURZERO', 'FNAMEFIVEFOURZERO', '1990-07-25', '540 STREET NAME', 'ANYTOWN', 'CH1 2AN', true),
('111111237', 'LNAMEFIVEFOURZERO', 'FNAMEFIVEFOURZERO', '1990-07-25', '540 STREET NAME', 'ANYTOWN', 'CH1 2AN', true),
('111111238', 'LNAMEFIVEFOURZERO', 'FNAMEFIVEFOURZERO', '1990-07-25', '540 STREET NAME', 'ANYTOWN', 'CH1 2AN', true),
('111111239', 'LNAMEFIVEFOURZERO', 'FNAMEFIVEFOURZERO', '1990-07-25', '540 STREET NAME', 'ANYTOWN', 'CH1 2AN', true),
('111111240', 'LNAMEFIVEFOURZERO', 'FNAMEFIVEFOURZERO', '1990-07-25', '540 STREET NAME', 'ANYTOWN', 'CH1 2AN', true),
('111111241', 'LNAMEFIVEFOURZERO', 'FNAMEFIVEFOURZERO', '1990-07-25', '540 STREET NAME', 'ANYTOWN', 'CH1 2AN', true),
('111111242', 'LNAMEFIVEFOURZERO', 'FNAMEFIVEFOURZERO', '1990-07-25', '540 STREET NAME', 'ANYTOWN', 'CH1 2AN', true),
('111111243', 'LNAMEFIVEFOURZERO', 'FNAMEFIVEFOURZERO', '1990-07-25', '540 STREET NAME', 'ANYTOWN', 'CH1 2AN', true),
('111111244', 'LNAMEFIVEFOURZERO', 'FNAMEFIVEFOURZERO', '1990-07-25', '540 STREET NAME', 'ANYTOWN', 'CH1 2AN', true),
('111111245', 'LNAMEFIVEFOURZERO', 'FNAMEFIVEFOURZERO', '1990-07-25', '540 STREET NAME', 'ANYTOWN', 'CH1 2AN', true),
('111111246', 'LNAMEFIVEFOURZERO', 'FNAMEFIVEFOURZERO', '1990-07-25', '540 STREET NAME', 'ANYTOWN', 'CH1 2AN', true),
('111111247', 'LNAMEFIVEFOURZERO', 'FNAMEFIVEFOURZERO', '1990-07-25', '540 STREET NAME', 'ANYTOWN', 'CH1 2AN', true),
('111111248', 'LNAMEFIVEFOURZERO', 'FNAMEFIVEFOURZERO', '1990-07-25', '540 STREET NAME', 'ANYTOWN', 'CH1 2AN', true),
('111111249', 'LNAMEFIVEFOURZERO', 'FNAMEFIVEFOURZERO', '1990-07-25', '540 STREET NAME', 'ANYTOWN', 'CH1 2AN', true),
('111111250', 'LNAMEFIVEFOURZERO', 'FNAMEFIVEFOURZERO', '1990-07-25', '540 STREET NAME', 'ANYTOWN', 'CH1 2AN', true),
('111111251', 'LNAMEFIVEFOURZERO', 'FNAMEFIVEFOURZERO', '1990-07-25', '540 STREET NAME', 'ANYTOWN', 'CH1 2AN', true),
('111111252', 'LNAMEFIVEFOURZERO', 'FNAMEFIVEFOURZERO', '1990-07-25', '540 STREET NAME', 'ANYTOWN', 'CH1 2AN', true),
('111111253', 'LNAMEFIVEFOURZERO', 'FNAMEFIVEFOURZERO', '1990-07-25', '540 STREET NAME', 'ANYTOWN', 'CH1 2AN', true),
('111111254', 'LNAMEFIVEFOURZERO', 'FNAMEFIVEFOURZERO', '1990-07-25', '540 STREET NAME', 'ANYTOWN', 'CH1 2AN', true),
('111111255', 'LNAMEFIVEFOURZERO', 'FNAMEFIVEFOURZERO', '1990-07-25', '540 STREET NAME', 'ANYTOWN', 'CH1 2AN', true),
('111111256', 'LNAMEFIVEFOURZERO', 'FNAMEFIVEFOURZERO', '1990-07-25', '540 STREET NAME', 'ANYTOWN', 'CH1 2AN', true),
('111111257', 'LNAMEFIVEFOURZERO', 'FNAMEFIVEFOURZERO', '1990-07-25', '540 STREET NAME', 'ANYTOWN', 'CH1 2AN', true),
('111111258', 'LNAMEFIVEFOURZERO', 'FNAMEFIVEFOURZERO', '1990-07-25', '540 STREET NAME', 'ANYTOWN', 'CH1 2AN', true),
('111111259', 'LNAMEFIVEFOURZERO', 'FNAMEFIVEFOURZERO', '1990-07-25', '540 STREET NAME', 'ANYTOWN', 'CH1 2AN', true),
('111111260', 'LNAMEFIVEFOURZERO', 'FNAMEFIVEFOURZERO', '1990-07-25', '540 STREET NAME', 'ANYTOWN', 'CH1 2AN', true),
('111111261', 'LNAMEFIVEFOURZERO', 'FNAMEFIVEFOURZERO', '1990-07-25', '540 STREET NAME', 'ANYTOWN', 'CH1 2AN', true),
('111111262', 'LNAMEFIVEFOURZERO', 'FNAMEFIVEFOURZERO', '1990-07-25', '540 STREET NAME', 'ANYTOWN', 'CH1 2AN', true),
('111111263', 'LNAMEFIVEFOURZERO', 'FNAMEFIVEFOURZERO', '1990-07-25', '540 STREET NAME', 'ANYTOWN', 'CH1 2AN', true),
('111111264', 'LNAMEFIVEFOURZERO', 'FNAMEFIVEFOURZERO', '1990-07-25', '540 STREET NAME', 'ANYTOWN', 'CH1 2AN', true),
('111111265', 'LNAMEFIVEFOURZERO', 'FNAMEFIVEFOURZERO', '1990-07-25', '540 STREET NAME', 'ANYTOWN', 'CH1 2AN', true),
('111111266', 'LNAMEFIVEFOURZERO', 'FNAMEFIVEFOURZERO', '1990-07-25', '540 STREET NAME', 'ANYTOWN', 'CH1 2AN', true),
('111111267', 'LNAMEFIVEFOURZERO', 'FNAMEFIVEFOURZERO', '1990-07-25', '540 STREET NAME', 'ANYTOWN', 'CH1 2AN', true),
('111111268', 'LNAMEFIVEFOURZERO', 'FNAMEFIVEFOURZERO', '1990-07-25', '540 STREET NAME', 'ANYTOWN', 'CH1 2AN', true),
('111111269', 'LNAMEFIVEFOURZERO', 'FNAMEFIVEFOURZERO', '1990-07-25', '540 STREET NAME', 'ANYTOWN', 'CH1 2AN', true),
('111111270', 'LNAMEFIVEFOURZERO', 'FNAMEFIVEFOURZERO', '1990-07-25', '540 STREET NAME', 'ANYTOWN', 'CH1 2AN', true);

INSERT INTO juror_mod.juror_pool (owner, juror_number, pool_number, status, is_active, "location") VALUES
('400', '111111111', '415230601', 2, true, '415'),
('400', '111111112', '415230601', 7, true, '415'),
('400', '111111113', '415230601', 7, true, '415'),
('400', '111111114', '415230601', 2, true, '415'),
('400', '111111115', '415230601', 1, true, '415'),
('400', '111111116', '415230601', 7, true, '415'),
('400', '111111117', '415230601', 7, true, '415'),
('400', '111111118', '415230601', 2, true, '415'),
('400', '111111119', '415230601', 2, true, '415'),
('400', '111111120', '415230601', 2, true, '415'),
('400', '111111121', '415230601', 1, true, '415'),
('400', '111111122', '415230601', 1, true, '415'),
('400', '111111123', '415230601', 7, true, '415'),
('400', '111111124', '415230601', 2, true, '415'),
('400', '111111125', '415230601', 2, true, '415'),
('400', '111111126', '415230601', 7, true, '415'),
('400', '111111127', '415230601', 2, true, '415'),
('400', '111111128', '415230601', 1, true, '415'),
('400', '111111129', '415230601', 2, true, '415'),
('400', '111111130', '415230601', 2, true, '415'),
('400', '111111131', '415230602', 2, true, '415'),
('400', '111111132', '415230602', 7, true, '415'),
('400', '111111133', '415230602', 1, true, '415'),
('400', '111111134', '415230602', 7, true, '415'),
('400', '111111135', '415230602', 2, true, '415'),
('400', '111111136', '415230602', 2, true, '415'),
('400', '111111137', '415230602', 2, true, '415'),
('400', '111111138', '415230602', 1, true, '415'),
('400', '111111139', '415230602', 7, true, '415'),
('400', '111111140', '415230602', 2, true, '415'),
('400', '111111141', '415230602', 1, true, '415'),
('400', '111111142', '415230602', 7, true, '415'),
('400', '111111143', '415230602', 7, true, '415'),
('400', '111111144', '415230602', 2, true, '415'),
('400', '111111145', '415230602', 7, true, '415'),
('400', '111111146', '415230602', 7, true, '415'),
('400', '111111147', '415230602', 2, true, '415'),
('400', '111111148', '415230602', 7, true, '415'),
('400', '111111149', '415230602', 2, true, '415'),
('400', '111111150', '415230602', 1, true, '415'),
('400', '111111151', '415230603', 1, true, '415'),
('400', '111111152', '415230603', 2, true, '415'),
('400', '111111153', '415230603', 2, true, '415'),
('400', '111111154', '415230603', 2, true, '415'),
('400', '111111155', '415230603', 1, true, '415'),
('400', '111111156', '415230603', 1, true, '415'),
('400', '111111157', '415230603', 2, true, '415'),
('400', '111111158', '415230603', 1, true, '415'),
('400', '111111159', '415230603', 7, true, '415'),
('400', '111111160', '415230603', 7, true, '415'),
('400', '111111161', '415230603', 7, true, '415'),
('400', '111111162', '415230603', 7, true, '415'),
('400', '111111163', '415230603', 7, true, '415'),
('400', '111111164', '415230603', 1, true, '415'),
('400', '111111165', '415230603', 1, true, '415'),
('400', '111111166', '415230603', 7, true, '415'),
('400', '111111167', '415230603', 7, true, '415'),
('400', '111111168', '415230603', 2, true, '415'),
('400', '111111169', '415230603', 7, true, '415'),
('400', '111111170', '415230603', 7, true, '415'),
('400', '111111171', '415230604', 7, true, '415'),
('400', '111111172', '415230604', 7, true, '415'),
('400', '111111173', '415230604', 2, true, '415'),
('400', '111111174', '415230604', 1, true, '415'),
('400', '111111175', '415230604', 1, true, '415'),
('400', '111111176', '415230604', 7, true, '415'),
('400', '111111177', '415230604', 2, true, '415'),
('400', '111111178', '415230604', 2, true, '415'),
('400', '111111179', '415230604', 7, true, '415'),
('400', '111111180', '415230604', 1, true, '415'),
('400', '111111181', '415230604', 7, true, '415'),
('400', '111111182', '415230604', 1, true, '415'),
('400', '111111183', '415230604', 1, true, '415'),
('400', '111111184', '415230604', 2, true, '415'),
('400', '111111185', '415230604', 1, true, '415'),
('400', '111111186', '415230604', 7, true, '415'),
('400', '111111187', '415230604', 7, true, '415'),
('400', '111111188', '415230604', 7, true, '415'),
('400', '111111189', '415230604', 2, true, '415'),
('400', '111111190', '415230604', 7, true, '415'),
('400', '111111191', '415230605', 2, true, '415'),
('400', '111111192', '415230605', 1, true, '415'),
('400', '111111193', '415230605', 1, true, '415'),
('400', '111111194', '415230605', 1, true, '415'),
('400', '111111195', '415230605', 7, true, '415'),
('400', '111111196', '415230605', 7, true, '415'),
('400', '111111197', '415230605', 1, true, '415'),
('400', '111111198', '415230605', 1, true, '415'),
('400', '111111199', '415230605', 2, true, '415'),
('400', '111111200', '415230605', 2, true, '415'),
('400', '111111201', '415230605', 1, true, '415'),
('400', '111111202', '415230605', 7, true, '415'),
('400', '111111203', '415230605', 1, true, '415'),
('400', '111111204', '415230605', 1, true, '415'),
('400', '111111205', '415230605', 2, true, '415'),
('400', '111111206', '415230605', 2, true, '415'),
('400', '111111207', '415230605', 2, true, '415'),
('400', '111111208', '415230605', 1, true, '415'),
('400', '111111209', '415230605', 7, true, '415'),
('400', '111111210', '415230605', 2, true, '415'),
('400', '111111211', '415230606', 7, true, '415'),
('400', '111111212', '415230606', 2, true, '415'),
('400', '111111213', '415230606', 2, true, '415'),
('400', '111111214', '415230606', 2, true, '415'),
('400', '111111215', '415230606', 1, true, '415'),
('400', '111111216', '415230606', 7, true, '415'),
('400', '111111217', '415230606', 2, true, '415'),
('400', '111111218', '415230606', 2, true, '415'),
('400', '111111219', '415230606', 2, true, '415'),
('400', '111111220', '415230606', 1, true, '415'),
('400', '111111221', '415230606', 7, true, '415'),
('400', '111111222', '415230606', 7, true, '415'),
('400', '111111223', '415230606', 1, true, '415'),
('400', '111111224', '415230606', 1, true, '415'),
('400', '111111225', '415230606', 1, true, '415'),
('400', '111111226', '415230606', 7, true, '415'),
('400', '111111227', '415230606', 2, true, '415'),
('400', '111111228', '415230606', 7, true, '415'),
('400', '111111229', '415230606', 7, true, '415'),
('400', '111111230', '415230606', 1, true, '415'),
('400', '111111231', '415230607', 2, true, '415'),
('400', '111111232', '415230607', 7, true, '415'),
('400', '111111233', '415230607', 7, true, '415'),
('400', '111111234', '415230607', 7, true, '415'),
('400', '111111235', '415230607', 1, true, '415'),
('400', '111111236', '415230607', 1, true, '415'),
('400', '111111237', '415230607', 7, true, '415'),
('400', '111111238', '415230607', 7, true, '415'),
('400', '111111239', '415230607', 2, true, '415'),
('400', '111111240', '415230607', 1, true, '415'),
('400', '111111241', '415230607', 2, true, '415'),
('400', '111111242', '415230607', 7, true, '415'),
('400', '111111243', '415230607', 7, true, '415'),
('400', '111111244', '415230607', 2, true, '415'),
('400', '111111245', '415230607', 1, true, '415'),
('400', '111111246', '415230607', 2, true, '415'),
('400', '111111247', '415230607', 7, true, '415'),
('400', '111111248', '415230607', 1, true, '415'),
('400', '111111249', '415230607', 1, true, '415'),
('400', '111111250', '415230607', 2, true, '415'),
('400', '111111251', '415230608', 2, true, '415'),
('400', '111111252', '415230608', 2, true, '415'),
('400', '111111253', '415230608', 1, true, '415'),
('400', '111111254', '415230608', 1, true, '415'),
('400', '111111255', '415230608', 1, true, '415'),
('400', '111111256', '415230608', 1, true, '415'),
('400', '111111257', '415230608', 7, true, '415'),
('400', '111111258', '415230608', 2, true, '415'),
('400', '111111259', '415230608', 1, true, '415'),
('400', '111111260', '415230608', 1, true, '415'),
('400', '111111261', '415230608', 2, true, '415'),
('400', '111111262', '415230608', 7, true, '415'),
('400', '111111263', '415230608', 7, true, '415'),
('400', '111111264', '415230608', 7, true, '415'),
('400', '111111265', '415230608', 1, true, '415'),
('400', '111111266', '415230608', 1, true, '415'),
('400', '111111267', '415230608', 1, true, '415'),
('400', '111111268', '415230608', 1, true, '415'),
('400', '111111269', '415230608', 2, true, '415'),
('400', '111111270', '415230608', 1, true, '415');