INSERT INTO JUROR_MOD.JUROR (JUROR_NUMBER, FIRST_NAME, LAST_NAME, DOB, postcode, h_email, h_phone, RESPONDED,
                             completion_date, address_line_1, address_line_4, welsh)
VALUES ('100000001', 'FNAME01', 'LNAME01', '2000-01-01', 'CH01 1AN', 'FNAME01.LNAME01@email.com', '07777000001', 'Y',
        null, '540 STREET NAME', 'ANYTOWN', true),
       ('100000002', 'FNAME02', 'LNAME02', '2000-01-02', 'CH02 1AN', 'FNAME02.LNAME02@email.com', '07777000002', 'Y',
        null, '540 STREET NAME', 'ANYTOWN', false),
       ('100000003', 'FNAME03', 'LNAME03', '2000-01-03', 'CH03 1AN', 'FNAME03.LNAME03@email.com', '07777000003', 'Y',
        null, '540 STREET NAME', 'ANYTOWN', false),
       ('100000004', 'FNAME04', 'LNAME04', '2000-01-04', 'CH04 1AN', 'FNAME04.LNAME04@email.com', '07777000004', 'Y',
        null, '540 STREET NAME', 'ANYTOWN', false),
       ('100000005', 'FNAME05', 'LNAME05', '2000-01-05', 'CH05 1AN', 'FNAME05.LNAME05@email.com', '07777000005', 'Y',
        null, '540 STREET NAME', 'ANYTOWN', true),
       ('100000006', 'FNAME06', 'LNAME06', '2000-01-06', 'CH06 1AN', 'FNAME06.LNAME06@email.com', '07777000006', 'Y',
        '2023-01-06', '540 STREET NAME', 'ANYTOWN', false),
       ('100000007', 'FNAME07', 'LNAME07', '2000-01-07', 'CH07 1AN', 'FNAME07.LNAME07@email.com', '07777000007', 'Y',
        null, '540 STREET NAME', 'ANYTOWN', false),
       ('100000008', 'FNAME08', 'LNAME08', '2000-01-08', 'CH08 1AN', 'FNAME08.LNAME08@email.com', '07777000008', 'Y',
        null, '540 STREET NAME', 'ANYTOWN', true),
       ('100000009', 'FNAME09', 'LNAME09', '2000-01-09', 'CH09 1AN', 'FNAME09.LNAME09@email.com', '07777000009', 'Y',
        null, '540 STREET NAME', 'ANYTOWN', false),
       ('100000010', 'FNAME10', 'LNAME10', '2000-01-10', 'CH10 1AN', 'FNAME10.LNAME10@email.com', '07777000010', 'Y',
        null, '540 STREET NAME', 'ANYTOWN', false),
       ('100000011', 'FNAME11', 'LNAME11', '2000-01-11', 'CH11 1AN', 'FNAME11.LNAME11@email.com', '07777000011', 'Y',
        null, '540 STREET NAME', 'ANYTOWN', false),
       ('100000012', 'FNAME12', 'LNAME12', '2000-01-12', 'CH12 1AN', 'FNAME12.LNAME12@email.com', '07777000012', 'Y',
        null, '540 STREET NAME', 'ANYTOWN', false),
       ('100000013', 'FNAME13', 'LNAME13', '2000-01-13', 'CH13 1AN', 'FNAME13.LNAME13@email.com', '07777000013', 'Y',
        null, '540 STREET NAME', 'ANYTOWN', false),
       ('100000014', 'FNAME14', 'LNAME14', '2000-01-14', 'CH14 1AN', 'FNAME14.LNAME14@email.com', '07777000014', 'Y',
        null, '540 STREET NAME', 'ANYTOWN', false),
       ('100000015', 'FNAME15', 'LNAME15', '2000-01-15', 'CH15 1AN', 'FNAME15.LNAME15@email.com', '07777000015', 'Y',
        '2023-01-15', '540 STREET NAME', 'ANYTOWN', false),
       ('100000016', 'FNAME16', 'LNAME16', '2000-01-16', 'CH16 1AN', 'FNAME16.LNAME16@email.com', '07777000016', 'Y',
        null, '540 STREET NAME', 'ANYTOWN', true),
       ('100000017', 'FNAME17', 'LNAME17', '2000-01-17', 'CH17 1AN', 'FNAME17.LNAME17@email.com', '07777000017', 'Y',
        null, '540 STREET NAME', 'ANYTOWN', false),
       ('100000018', 'FNAME18', 'LNAME18', '2000-01-18', 'CH18 1AN', 'FNAME18.LNAME18@email.com', '07777000018', 'Y',
        null, '540 STREET NAME', 'ANYTOWN', false),
       ('100000019', 'FNAME19', 'LNAME19', '2000-01-19', 'CH19 1AN', 'FNAME19.LNAME19@email.com', '07777000019', 'Y',
        null, '540 STREET NAME', 'ANYTOWN', false),
       ('100000020', 'FNAME20', 'LNAME20', '2000-01-20', 'CH20 1AN', 'FNAME20.LNAME20@email.com', '07777000020', 'Y',
        null, '540 STREET NAME', 'ANYTOWN', false),
       ('100000021', 'FNAME21', 'LNAME21', '2000-01-21', 'CH21 1AN', 'FNAME21.LNAME21@email.com', '07777000021', 'Y',
        null, '540 STREET NAME', 'ANYTOWN', false),
       ('100000022', 'FNAME22', 'LNAME22', '2000-01-22', 'CH22 1AN', 'FNAME22.LNAME22@email.com', '07777000022', 'Y',
        null, '540 STREET NAME', 'ANYTOWN', true),
       ('100000023', 'FNAME23', 'LNAME23', '2000-01-23', 'CH23 1AN', 'FNAME23.LNAME23@email.com', '07777000023', 'Y',
        null, '540 STREET NAME', 'ANYTOWN', false),
       ('100000024', 'FNAME24', 'LNAME24', '2000-01-24', 'CH24 1AN', 'FNAME24.LNAME24@email.com', '07777000024', 'Y',
        '2023-01-24', '540 STREET NAME', 'ANYTOWN', false),
       ('100000025', 'FNAME25', 'LNAME25', '2000-01-25', 'CH25 1AN', 'FNAME25.LNAME25@email.com', '07777000025', 'Y',
        null, '540 STREET NAME', 'ANYTOWN', false),
       ('100000026', 'FNAME26', 'LNAME26', '2000-01-26', 'CH26 1AN', 'FNAME26.LNAME26@email.com', '07777000026', 'Y',
        null, '540 STREET NAME', 'ANYTOWN', false),
       ('100000027', 'FNAME27', 'LNAME27', '2000-01-27', 'CH27 1AN', 'FNAME27.LNAME27@email.com', '07777000027', 'Y',
        null, '540 STREET NAME', 'ANYTOWN', false),
       ('100000028', 'FNAME28', 'LNAME28', '2000-01-28', 'CH28 1AN', 'FNAME28.LNAME28@email.com', '07777000028', 'Y',
        null, '540 STREET NAME', 'ANYTOWN', true),
       ('100000029', 'FNAME29', 'LNAME29', '2000-01-29', 'CH29 1AN', 'FNAME29.LNAME29@email.com', '07777000029', 'Y',
        null, '540 STREET NAME', 'ANYTOWN', false),
       ('100000030', 'FNAME30', 'LNAME30', '2000-01-30', 'CH30 1AN', 'FNAME30.LNAME30@email.com', '07777000030', 'Y',
        null, '540 STREET NAME', 'ANYTOWN', true);


INSERT INTO JUROR_MOD.POOL (OWNER, POOL_NO, RETURN_DATE, TOTAL_NO_REQUIRED, NO_REQUESTED, POOL_TYPE, LOC_CODE,
                            NEW_REQUEST, LAST_UPDATE, ADDITIONAL_SUMMONS, ATTEND_TIME)
VALUES ('415', '200000001', TIMESTAMP'2022-09-04 00:00:00.0', 5, 5, 'CRO', '415', 'Y', TIMESTAMP'2022-02-02 09:22:09.0',
        NULL, TIMESTAMP'2022-09-04 09:00:00.0'),
       ('415', '200000002', TIMESTAMP'2022-09-04 00:00:00.0', 5, 5, 'CRO', '415', 'Y', TIMESTAMP'2022-02-02 09:22:09.0',
        NULL, TIMESTAMP'2022-09-05 09:00:00.0'),
       ('415', '200000003', TIMESTAMP'2022-09-04 00:00:00.0', 5, 5, 'CRO', '415', 'Y', TIMESTAMP'2022-02-02 09:22:09.0',
        NULL, TIMESTAMP'2022-09-06 09:00:00.0'),
       ('415', '200000014', TIMESTAMP'2022-09-04 00:00:00.0', 5, 5, 'CRO', '415', 'Y', TIMESTAMP'2022-02-02 09:22:09.0',
        NULL, TIMESTAMP'2022-09-07 09:00:00.0'),
       ('415', '200000015', TIMESTAMP'2022-09-04 00:00:00.0', 5, 5, 'CRO', '415', 'Y', TIMESTAMP'2022-02-02 09:22:09.0',
        NULL, TIMESTAMP'2022-09-08 09:00:00.0');

INSERT INTO JUROR_MOD.JUROR_POOL (OWNER, JUROR_NUMBER, POOL_NUMBER, next_date, def_date, on_call, STATUS, IS_ACTIVE)
VALUES ('415', '100000001', '200000015', '2022-01-01', null, false, 2, TRUE),
       ('415', '100000002', '200000002', '2022-01-02', null, false, 12, TRUE),
       ('415', '100000003', '200000003', '2022-01-01', '2022-03-03', false, 7, TRUE),
       ('415', '100000004', '200000014', '2022-01-04', null, true, 4, TRUE),
       ('415', '100000005', '200000015', '2022-01-05', null, false, 3, TRUE),
       ('415', '100000006', '200000015', '2022-01-06', null, false, 13, TRUE),
       ('415', '100000007', '200000015', '2022-01-07', null, false, 10, TRUE),
       ('415', '100000008', '200000015', '2022-01-08', null, true, 6, TRUE),
       ('415', '100000009', '200000001', '2022-01-01', null, false, 5, TRUE),
       ('415', '100000010', '200000015', '2022-01-10', null, false, 2, TRUE),
       ('415', '100000011', '200000002', '2022-01-11', null, false, 12, TRUE),
       ('415', '100000012', '200000003', '2022-01-12', '2022-03-12', true, 7, TRUE),
       ('415', '100000013', '200000014', '2022-01-13', null, false, 4, TRUE),
       ('415', '100000014', '200000015', '2022-01-14', null, false, 3, TRUE),
       ('415', '100000015', '200000015', '2022-01-01', null, false, 13, TRUE),
       ('415', '100000016', '200000015', '2022-01-16', null, true, 10, TRUE),
       ('415', '100000017', '200000015', '2022-01-17', null, false, 6, TRUE),
       ('415', '100000018', '200000001', '2022-01-18', null, false, 5, TRUE),
       ('415', '100000019', '200000015', '2022-01-19', null, false, 2, TRUE),
       ('415', '100000020', '200000002', '2022-01-20', null, true, 12, TRUE),
       ('415', '100000021', '200000003', '2022-01-21', '2022-03-21', false, 7, TRUE),
       ('415', '100000022', '200000014', '2022-01-22', null, false, 4, TRUE),
       ('415', '100000023', '200000015', '2022-01-23', null, false, 3, TRUE),
       ('415', '100000024', '200000015', '2022-01-24', null, true, 13, TRUE),
       ('415', '100000025', '200000015', '2022-01-25', null, false, 10, TRUE),
       ('415', '100000026', '200000015', '2022-01-26', null, false, 6, TRUE),
       ('415', '100000027', '200000001', '2022-01-27', null, false, 5, TRUE),
       ('415', '100000028', '200000015', '2022-01-28', null, true, 2, TRUE),
       ('415', '100000029', '200000002', '2022-01-29', null, false, 12, TRUE),
       ('415', '100000030', '200000003', '2022-01-30', '2022-03-12', false, 7, TRUE);


-- Reset sequence numbers
SELECT setval('juror_mod.courtroom_id_seq', 65);
SELECT setval('juror_mod.judge_id_seq', 20);

-- Dummy test data
insert into juror_mod.judge (owner, code, description)
values ('415', '1234', 'Test judge'),
       ('415', '4321', 'Judge Test');

insert into juror_mod.courtroom (loc_code, room_number, description)
values ('415', '1', 'large room fits 100 people'),
       ('415', '2', 'large room fits 100 people');

insert into juror_mod.trial (trial_number, loc_code, description, judge, trial_type, trial_start_date, trial_end_date,
                             anonymous, courtroom)
values ('T100000000', '415', 'TEST DEFENDANT', 22, 'CIV', current_date, null, false, 67),
       ('T100000001', '415', 'TEST DEFENDANT', 21, 'CIV', current_date, null, false, 66);

INSERT INTO juror_mod.juror_trial
(loc_code, juror_number, trial_number, rand_number, date_selected, "result", completed, empanelled_date)
VALUES
    --Status = Panel (3) or Juror(4) and result is J

    ('415', '100000005', 'T100000000', 10, '2023-11-30 13:50:59.110', 'NU', false, null),--Not included as NU
    ('415', '100000014', 'T100000000', 5, '2023-11-30 13:50:58.821', 'R', false, null),--Not included as Returned
    ('415', '100000014', 'T100000001', 5, '2023-11-30 13:50:58.821', 'J', false, '2023-11-30'),--Included
    ('415', '100000004', 'T100000000', 10, '2023-11-30 13:50:59.110', 'J', false, '2023-11-30'),--Included
    ('415', '100000022', 'T100000000', 5, '2023-11-30 13:50:58.821', 'J', false, '2023-11-30'),--Included
    ('415', '100000015', 'T100000000', 10, '2023-11-30 13:50:59.110', 'J', false, '2023-11-30'),--Not included bad status
    ('415', '100000030', 'T100000000', 30, '2023-11-30 13:50:59.110', 'R', false, '2023-11-30');--Depends on message
