delete from juror_mod.juror_pool;
delete from juror_mod.contact_log;
delete from juror_mod.juror_history;
delete from juror_mod.juror_audit;
delete from juror_mod.juror;
delete from juror_mod.pool;

INSERT INTO JUROR_MOD.POOL (OWNER,POOL_NO,ATTEND_TIME,LAST_UPDATE,LOC_CODE,NEW_REQUEST,RETURN_DATE,POOL_TYPE,NO_REQUESTED,TOTAL_NO_REQUIRED,ADDITIONAL_SUMMONS)
VALUES ('400','415221201',NULL,TIMESTAMP'2022-10-02 09:22:09.0','415','N',TIMESTAMP'2022-12-04 00:00:00.0','CRO',50,50,NULL);

INSERT INTO JUROR_MOD.POOL (OWNER,POOL_NO,ATTEND_TIME,LAST_UPDATE,LOC_CODE,NEW_REQUEST,RETURN_DATE,POOL_TYPE,NO_REQUESTED,TOTAL_NO_REQUIRED,ADDITIONAL_SUMMONS)
VALUES ('400','415221202',NULL,TIMESTAMP'2022-10-02 09:22:09.0','415','N',TIMESTAMP'2022-12-04 00:00:00.0','CRO',50,50,NULL);

INSERT INTO JUROR_MOD.POOL (OWNER,POOL_NO,ATTEND_TIME,LAST_UPDATE,LOC_CODE,NEW_REQUEST,RETURN_DATE,POOL_TYPE,NO_REQUESTED,TOTAL_NO_REQUIRED,ADDITIONAL_SUMMONS)
VALUES ('400','416221203',NULL,TIMESTAMP'2022-12-20 12:16:01.0','416','N',TIMESTAMP'2022-12-04 00:00:00.0','CRO',59,50,NULL);

INSERT INTO JUROR_MOD.POOL (OWNER,POOL_NO,ATTEND_TIME,LAST_UPDATE,LOC_CODE,NEW_REQUEST,RETURN_DATE,POOL_TYPE,NO_REQUESTED,TOTAL_NO_REQUIRED,ADDITIONAL_SUMMONS)
VALUES ('415','767221204',NULL,TIMESTAMP'2022-10-02 09:22:09.0','767','N',TIMESTAMP'2022-12-04 00:00:00.0','CRO',50,50,NULL);

INSERT INTO JUROR_MOD.POOL (OWNER,POOL_NO,ATTEND_TIME,LAST_UPDATE,LOC_CODE,NEW_REQUEST,RETURN_DATE,POOL_TYPE,NO_REQUESTED,TOTAL_NO_REQUIRED,ADDITIONAL_SUMMONS)
VALUES ('400','462221207',NULL,TIMESTAMP'2022-10-02 09:22:09.0','462','N',TIMESTAMP'2022-11-04 00:00:00.0','CRO',50,50,NULL);

INSERT INTO JUROR_MOD.POOL (OWNER,POOL_NO,ATTEND_TIME,LAST_UPDATE,LOC_CODE,NEW_REQUEST,RETURN_DATE,POOL_TYPE,NO_REQUESTED,TOTAL_NO_REQUIRED,ADDITIONAL_SUMMONS)
VALUES ('400','415221211',NULL,TIMESTAMP'2022-10-02 09:22:09.0','415','N',TIMESTAMP'2022-12-14 00:00:00.0','CRO',50,50,NULL);

INSERT INTO JUROR_MOD.POOL (OWNER,POOL_NO,ATTEND_TIME,LAST_UPDATE,LOC_CODE,NEW_REQUEST,RETURN_DATE,POOL_TYPE,NO_REQUESTED,TOTAL_NO_REQUIRED,ADDITIONAL_SUMMONS)
VALUES ('400','415221212',NULL,TIMESTAMP'2022-10-02 09:22:09.0','415','N',TIMESTAMP'2022-12-04 00:00:00.0','CRO',50,50,NULL);

INSERT INTO JUROR_MOD.POOL (OWNER,POOL_NO,ATTEND_TIME,LAST_UPDATE,LOC_CODE,NEW_REQUEST,RETURN_DATE,POOL_TYPE,NO_REQUESTED,TOTAL_NO_REQUIRED,ADDITIONAL_SUMMONS)
VALUES ('400','415221213',NULL,TIMESTAMP'2022-10-02 09:22:09.0','415','N',TIMESTAMP'2022-12-04 00:00:00.0','CRO',50,50,NULL);

INSERT INTO JUROR_MOD.POOL (OWNER,POOL_NO,ATTEND_TIME,LAST_UPDATE,LOC_CODE,NEW_REQUEST,RETURN_DATE,POOL_TYPE,NO_REQUESTED,TOTAL_NO_REQUIRED,ADDITIONAL_SUMMONS)
VALUES ('400','415221214',NULL,TIMESTAMP'2022-10-02 09:22:09.0','415','N',TIMESTAMP'2022-12-04 00:00:00.0','CRO',50,50,NULL);

INSERT INTO JUROR_MOD.POOL (OWNER,POOL_NO,ATTEND_TIME,LAST_UPDATE,LOC_CODE,NEW_REQUEST,RETURN_DATE,POOL_TYPE,NO_REQUESTED,TOTAL_NO_REQUIRED,ADDITIONAL_SUMMONS)
VALUES ('400','415221215',NULL,TIMESTAMP'2022-10-02 09:22:09.0','415','N',TIMESTAMP'2022-12-04 00:00:00.0','CRO',50,50,NULL);

INSERT INTO JUROR_MOD.POOL (OWNER,POOL_NO,ATTEND_TIME,LAST_UPDATE,LOC_CODE,NEW_REQUEST,RETURN_DATE,POOL_TYPE,NO_REQUESTED,TOTAL_NO_REQUIRED,ADDITIONAL_SUMMONS)
VALUES ('400','415221216',NULL,TIMESTAMP'2022-10-02 09:22:09.0','415','N',TIMESTAMP'2022-12-04 00:00:00.0','CRO',50,50,NULL);

INSERT INTO JUROR_MOD.POOL (OWNER,POOL_NO,ATTEND_TIME,LAST_UPDATE,LOC_CODE,NEW_REQUEST,RETURN_DATE,POOL_TYPE,NO_REQUESTED,TOTAL_NO_REQUIRED,ADDITIONAL_SUMMONS)
VALUES ('400','415221217',NULL,TIMESTAMP'2022-10-02 09:22:09.0','415','N',TIMESTAMP'2022-12-04 00:00:00.0','CRO',50,50,NULL);

INSERT INTO JUROR_MOD.POOL (OWNER,POOL_NO,ATTEND_TIME,LAST_UPDATE,LOC_CODE,NEW_REQUEST,RETURN_DATE,POOL_TYPE,NO_REQUESTED,TOTAL_NO_REQUIRED,ADDITIONAL_SUMMONS)
VALUES ('400','415221218',NULL,TIMESTAMP'2022-10-02 09:22:09.0','415','N',TIMESTAMP'2022-12-04 00:00:00.0','CRO',50,50,NULL);

INSERT INTO JUROR_MOD.POOL (OWNER,POOL_NO,ATTEND_TIME,LAST_UPDATE,LOC_CODE,NEW_REQUEST,RETURN_DATE,POOL_TYPE,NO_REQUESTED,TOTAL_NO_REQUIRED,ADDITIONAL_SUMMONS)
VALUES ('400','415221219',NULL,TIMESTAMP'2022-10-02 09:22:09.0','415','N',TIMESTAMP'2022-12-04 00:00:00.0','CRO',50,50,NULL);

INSERT INTO JUROR_MOD.POOL (OWNER,POOL_NO,ATTEND_TIME,LAST_UPDATE,LOC_CODE,NEW_REQUEST,RETURN_DATE,POOL_TYPE,NO_REQUESTED,TOTAL_NO_REQUIRED,ADDITIONAL_SUMMONS)
VALUES ('400','415221220',NULL,TIMESTAMP'2022-10-02 09:22:09.0','415','N',TIMESTAMP'2022-12-04 00:00:00.0','CRO',50,50,NULL);

INSERT INTO JUROR_MOD.POOL (OWNER,POOL_NO,ATTEND_TIME,LAST_UPDATE,LOC_CODE,NEW_REQUEST,RETURN_DATE,POOL_TYPE,NO_REQUESTED,TOTAL_NO_REQUIRED,ADDITIONAL_SUMMONS)
VALUES ('400','415221221',NULL,TIMESTAMP'2022-10-02 09:22:09.0','415','N',TIMESTAMP'2022-12-04 00:00:00.0','CRO',50,50,NULL);

INSERT INTO JUROR_MOD.POOL (OWNER,POOL_NO,ATTEND_TIME,LAST_UPDATE,LOC_CODE,NEW_REQUEST,RETURN_DATE,POOL_TYPE,NO_REQUESTED,TOTAL_NO_REQUIRED,ADDITIONAL_SUMMONS)
VALUES ('400','415221222',NULL,TIMESTAMP'2022-10-02 09:22:09.0','415','N',TIMESTAMP'2022-12-04 00:00:00.0','CRO',50,50,NULL);

INSERT INTO JUROR_MOD.POOL (OWNER,POOL_NO,ATTEND_TIME,LAST_UPDATE,LOC_CODE,NEW_REQUEST,RETURN_DATE,POOL_TYPE,NO_REQUESTED,TOTAL_NO_REQUIRED,ADDITIONAL_SUMMONS)
VALUES ('400','415221223',NULL,TIMESTAMP'2022-10-02 09:22:09.0','415','N',TIMESTAMP'2022-12-04 00:00:00.0','CRO',50,50,NULL);

INSERT INTO JUROR_MOD.POOL (OWNER,POOL_NO,ATTEND_TIME,LAST_UPDATE,LOC_CODE,NEW_REQUEST,RETURN_DATE,POOL_TYPE,NO_REQUESTED,TOTAL_NO_REQUIRED,ADDITIONAL_SUMMONS)
VALUES ('400','415221224',NULL,TIMESTAMP'2022-10-02 09:22:09.0','415','N',TIMESTAMP'2022-12-04 00:00:00.0','CRO',50,50,NULL);

INSERT INTO JUROR_MOD.POOL (OWNER,POOL_NO,ATTEND_TIME,LAST_UPDATE,LOC_CODE,NEW_REQUEST,RETURN_DATE,POOL_TYPE,NO_REQUESTED,TOTAL_NO_REQUIRED,ADDITIONAL_SUMMONS)
VALUES ('400','415221225',NULL,TIMESTAMP'2022-10-02 09:22:09.0','415','N',TIMESTAMP'2022-12-04 00:00:00.0','CRO',50,50,NULL);

INSERT INTO JUROR_MOD.POOL (OWNER,POOL_NO,ATTEND_TIME,LAST_UPDATE,LOC_CODE,NEW_REQUEST,RETURN_DATE,POOL_TYPE,NO_REQUESTED,TOTAL_NO_REQUIRED,ADDITIONAL_SUMMONS)
VALUES ('400','415221226',NULL,TIMESTAMP'2022-10-02 09:22:09.0','415','N',TIMESTAMP'2022-12-04 00:00:00.0','CRO',50,50,NULL);

INSERT INTO JUROR_MOD.POOL (OWNER,POOL_NO,ATTEND_TIME,LAST_UPDATE,LOC_CODE,NEW_REQUEST,RETURN_DATE,POOL_TYPE,NO_REQUESTED,TOTAL_NO_REQUIRED,ADDITIONAL_SUMMONS)
VALUES ('400','415221227',NULL,TIMESTAMP'2022-10-02 09:22:09.0','415','N',TIMESTAMP'2022-12-04 00:00:00.0','CRO',50,50,NULL);

INSERT INTO JUROR_MOD.POOL (OWNER,POOL_NO,ATTEND_TIME,LAST_UPDATE,LOC_CODE,NEW_REQUEST,RETURN_DATE,POOL_TYPE,NO_REQUESTED,TOTAL_NO_REQUIRED,ADDITIONAL_SUMMONS)
VALUES ('400','415221228',NULL,TIMESTAMP'2022-10-02 09:22:09.0','415','N',TIMESTAMP'2022-12-04 00:00:00.0','CRO',50,50,NULL);

INSERT INTO JUROR_MOD.POOL (OWNER,POOL_NO,ATTEND_TIME,LAST_UPDATE,LOC_CODE,NEW_REQUEST,RETURN_DATE,POOL_TYPE,NO_REQUESTED,TOTAL_NO_REQUIRED,ADDITIONAL_SUMMONS)
VALUES ('400','415221229',NULL,TIMESTAMP'2022-10-02 09:22:09.0','415','N',TIMESTAMP'2022-12-04 00:00:00.0','CRO',50,50,NULL);

INSERT INTO JUROR_MOD.POOL (OWNER,POOL_NO,ATTEND_TIME,LAST_UPDATE,LOC_CODE,NEW_REQUEST,RETURN_DATE,POOL_TYPE,NO_REQUESTED,TOTAL_NO_REQUIRED,ADDITIONAL_SUMMONS)
VALUES ('400','415221230',NULL,TIMESTAMP'2022-10-02 09:22:09.0','415','N',TIMESTAMP'2022-12-04 00:00:00.0','CRO',50,50,NULL);

INSERT INTO JUROR_MOD.POOL (OWNER,POOL_NO,ATTEND_TIME,LAST_UPDATE,LOC_CODE,NEW_REQUEST,RETURN_DATE,POOL_TYPE,NO_REQUESTED,TOTAL_NO_REQUIRED,ADDITIONAL_SUMMONS)
VALUES ('400','415221231',NULL,TIMESTAMP'2022-10-02 09:22:09.0','415','N',TIMESTAMP'2022-12-04 00:00:00.0','CRO',50,50,NULL);

INSERT INTO JUROR_MOD.POOL (OWNER,POOL_NO,ATTEND_TIME,LAST_UPDATE,LOC_CODE,NEW_REQUEST,RETURN_DATE,POOL_TYPE,NO_REQUESTED,TOTAL_NO_REQUIRED,ADDITIONAL_SUMMONS)
VALUES ('400','415221232',NULL,TIMESTAMP'2022-10-02 09:22:09.0','415','N',TIMESTAMP'2022-12-04 00:00:00.0','CRO',50,50,NULL);

INSERT INTO JUROR_MOD.POOL (OWNER,POOL_NO,ATTEND_TIME,LAST_UPDATE,LOC_CODE,NEW_REQUEST,RETURN_DATE,POOL_TYPE,NO_REQUESTED,TOTAL_NO_REQUIRED,ADDITIONAL_SUMMONS)
VALUES ('400','415221233',NULL,TIMESTAMP'2022-10-02 09:22:09.0','415','N',TIMESTAMP'2022-12-04 00:00:00.0','CRO',50,50,NULL);

INSERT INTO JUROR_MOD.POOL (OWNER,POOL_NO,ATTEND_TIME,LAST_UPDATE,LOC_CODE,NEW_REQUEST,RETURN_DATE,POOL_TYPE,NO_REQUESTED,TOTAL_NO_REQUIRED,ADDITIONAL_SUMMONS)
VALUES ('400','415221234',NULL,TIMESTAMP'2022-10-02 09:22:09.0','415','N',TIMESTAMP'2022-12-04 00:00:00.0','CRO',50,50,NULL);

INSERT INTO JUROR_MOD.POOL (OWNER,POOL_NO,ATTEND_TIME,LAST_UPDATE,LOC_CODE,NEW_REQUEST,RETURN_DATE,POOL_TYPE,NO_REQUESTED,TOTAL_NO_REQUIRED,ADDITIONAL_SUMMONS)
VALUES ('400','415221235',NULL,TIMESTAMP'2022-10-02 09:22:09.0','415','N',TIMESTAMP'2022-12-04 00:00:00.0','CRO',50,50,NULL);

INSERT INTO JUROR_MOD.POOL (OWNER,POOL_NO,ATTEND_TIME,LAST_UPDATE,LOC_CODE,NEW_REQUEST,RETURN_DATE,POOL_TYPE,NO_REQUESTED,TOTAL_NO_REQUIRED,ADDITIONAL_SUMMONS)
VALUES ('417','417221204',NULL,TIMESTAMP'2022-10-02 09:22:09.0','417','N',TIMESTAMP'2022-12-04 00:00:00.0','CRO',50,50,NULL);

--newly created pool request, should not appear in list
INSERT INTO JUROR_MOD.POOL (OWNER,POOL_NO,ATTEND_TIME,LAST_UPDATE,LOC_CODE,NEW_REQUEST,RETURN_DATE,POOL_TYPE,NO_REQUESTED,TOTAL_NO_REQUIRED,ADDITIONAL_SUMMONS)
VALUES ('415','767221205',NULL,TIMESTAMP'2022-10-02 09:22:09.0','767','Y',TIMESTAMP'2022-12-04 00:00:00.0','CRO',50,50,NULL);

--pool request owned by Court, should not appear in Bureau list
INSERT INTO JUROR_MOD.POOL (OWNER,POOL_NO,ATTEND_TIME,LAST_UPDATE,LOC_CODE,NEW_REQUEST,RETURN_DATE,POOL_TYPE,NO_REQUESTED,TOTAL_NO_REQUIRED,ADDITIONAL_SUMMONS)
VALUES ('415','767221206',NULL,TIMESTAMP'2022-10-02 09:22:09.0','767','N',date_trunc('day', current_date -10),'CRO',50,50,NULL);

INSERT INTO JUROR_MOD.POOL (OWNER,POOL_NO,ATTEND_TIME,LAST_UPDATE,LOC_CODE,NEW_REQUEST,RETURN_DATE,POOL_TYPE,NO_REQUESTED,TOTAL_NO_REQUIRED,ADDITIONAL_SUMMONS)
VALUES ('415','415221306',NULL,TIMESTAMP'2022-10-02 09:22:09.0','415','N',date_trunc('day', current_date -10),'CRO',50,50,NULL);

INSERT INTO JUROR_MOD.POOL (OWNER,POOL_NO,ATTEND_TIME,LAST_UPDATE,LOC_CODE,NEW_REQUEST,RETURN_DATE,POOL_TYPE,NO_REQUESTED,TOTAL_NO_REQUIRED,ADDITIONAL_SUMMONS)
VALUES ('415','415221307',NULL,TIMESTAMP'2022-10-02 09:22:09.0','415','N',date_trunc('day', current_date -10),'CRO',50,50,NULL);

INSERT INTO juror_mod.juror (juror_number,poll_number,last_name,first_name,dob,address_line_1,address_line_4,postcode,
responded,user_edtq,no_def_pos,notifications,notes) VALUES
	 ('641600093','416','LNAMEFIVEFOURZERO','FNAMEFIVEFOURZERO',NULL,'542 STREET NAME','ANYTOWN','PO19 1SX','Y',NULL,NULL,0,NULL),
	 ('641600094','416','LNAMEFIVEFOURZERO','FNAMEFIVEFOURZERO',NULL,'542 STREET NAME','ANYTOWN','PO19 1SX','Y',NULL,NULL,0,NULL),
	 ('641500090','415','LNAMEFIVEFOURZERO','FNAMEFIVEFOURZERO',NULL,'542 STREET NAME','ANYTOWN','PO19 1SX','Y',NULL,NULL,0,NULL),
	 ('641500089','415','LNAMEFIVEFOURZERO','FNAMEFIVEFOURZERO',NULL,'542 STREET NAME','ANYTOWN','PO19 1SX','Y',NULL,NULL,0,NULL),
	 ('641500091','415','LNAMEFIVEFOURZERO','FNAMEFIVEFOURZERO',NULL,'542 STREET NAME','ANYTOWN','PO19 1SX','Y',NULL,NULL,0,NULL),
	 ('676700095','417','LNAMEFIVEFOURZERO','FNAMEFIVEFOURZERO',NULL,'542 STREET NAME','ANYTOWN','PO19 1SX','Y',NULL,NULL,0,NULL),
	 ('676700096','767','LNAMEFIVEFOURZERO','FNAMEFIVEFOURZERO',NULL,'542 STREET NAME','ANYTOWN','PO19 1SX','Y',NULL,NULL,0,NULL),
	 ('767700097','767','LNAMEFIVEFOURZERO','FNAMEFIVEFOURZERO',NULL,'542 STREET NAME','ANYTOWN','PO19 1SX','Y',NULL,NULL,0,NULL),
	 ('415700197','415','LNAMEFIVEFOURZERO','FNAMEFIVEFOURZERO',NULL,'542 STREET NAME','ANYTOWN','PO19 1SX','Y',NULL,NULL,0,NULL),
	 ('415700200','415','LNAMEFIVEFOURZERO','FNAMEFIVEFOURZERO',NULL,'542 STREET NAME','ANYTOWN','PO19 1SX','Y',NULL,NULL,0,NULL),
	 ('415700201','415','LNAMEFIVEFOURZERO','FNAMEFIVEFOURZERO',NULL,'542 STREET NAME','ANYTOWN','PO19 1SX','Y',NULL,NULL,0,NULL),
	 ('415700202','415','LNAMEFIVEFOURZERO','FNAMEFIVEFOURZERO',NULL,'542 STREET NAME','ANYTOWN','PO19 1SX','Y',NULL,NULL,0,NULL),
	 ('415700203','415','LNAMEFIVEFOURZERO','FNAMEFIVEFOURZERO',NULL,'542 STREET NAME','ANYTOWN','PO19 1SX','Y',NULL,NULL,0,NULL),
	 ('415700204','415','LNAMEFIVEFOURZERO','FNAMEFIVEFOURZERO',NULL,'542 STREET NAME','ANYTOWN','PO19 1SX','Y',NULL,NULL,0,NULL),
	 ('415700205','415','LNAMEFIVEFOURZERO','FNAMEFIVEFOURZERO',NULL,'542 STREET NAME','ANYTOWN','PO19 1SX','Y',NULL,NULL,0,NULL),
	 ('415700206','415','LNAMEFIVEFOURZERO','FNAMEFIVEFOURZERO',NULL,'542 STREET NAME','ANYTOWN','PO19 1SX','Y',NULL,NULL,0,NULL),
	 ('415700207','415','LNAMEFIVEFOURZERO','FNAMEFIVEFOURZERO',NULL,'542 STREET NAME','ANYTOWN','PO19 1SX','Y',NULL,NULL,0,NULL);

INSERT INTO juror_mod.juror_pool ("owner",juror_number,pool_number,user_edtq,status,is_active,pool_seq,"location",on_call) VALUES
	 ('416','641600093','416221203',NULL,2,'Y','0109','416','N'),
	 ('400','641600094','416221203',NULL,2,'Y','0109','416','N'),
	 ('400','641500090','415221201',NULL,2,'Y','0109','415','N'),
	 ('400','641500089','415221201',NULL,2,'Y','0109','415','N'),
	 ('400','641500091','415221202',NULL,2,'Y','0110','415','N'),
	 ('417','676700095','417221204',NULL,2,'Y','0110','767','N'),
	 ('415','676700096','767221206',NULL,2,'Y','0110','767','N'),
	 ('415','767700097','767221206',NULL,2,'Y','0110','767','N'),
	 ('415','415700197','415221306',NULL,2,'Y','0110','767','N'),
	 ('415','415700200','415221306',NULL,2,'Y','0110','767','N'),
	 ('415','415700201','415221306',NULL,2,'Y','0110','767','N'),
	 ('415','415700202','415221306',NULL,2,'Y','0110','767','N'),
	 ('415','415700203','415221306',NULL,2,'Y','0110','767','N'),
	 ('415','415700204','415221306',NULL,2,'Y','0110','767','N'),
	 ('415','415700205','415221306',NULL,2,'Y','0110','767','N'),
	 ('415','415700206','415221306',NULL,2,'Y','0110','767','N'),
	 ('415','415700207','415221306',NULL,2,'Y','0110','767','N'),
	 ('415','415700207','415221307',NULL,2,'Y','0110','767','N');