delete from juror_mod.pool_history;
delete from juror_mod.pool_comments;
DELETE FROM juror_mod.contact_log;
DELETE FROM juror_mod.juror_history;
DELETE FROM juror_mod.juror_audit;
delete from juror_mod.juror_pool;
delete from juror_mod.juror;
delete from juror_mod.pool;

INSERT INTO JUROR_MOD.POOL (OWNER, POOL_NO, ATTEND_TIME, LAST_UPDATE, LOC_CODE, NEW_REQUEST, RETURN_DATE,
                            POOL_TYPE, TOTAL_NO_REQUIRED, NO_REQUESTED, ADDITIONAL_SUMMONS)
VALUES ('400', '415221201', NULL, TIMESTAMP'2022-10-02 09:22:09.0', '415', 'N',
        TIMESTAMP'2022-12-04 00:00:00.0', 'CRO', 50, 50, NULL);
INSERT INTO JUROR_MOD.POOL (OWNER, POOL_NO, ATTEND_TIME, LAST_UPDATE, LOC_CODE, NEW_REQUEST, RETURN_DATE,
                            POOL_TYPE, TOTAL_NO_REQUIRED, NO_REQUESTED, ADDITIONAL_SUMMONS)
VALUES ('400', '415221202', NULL, TIMESTAMP'2022-10-02 09:22:09.0', '415', 'N',
        TIMESTAMP'2022-12-04 00:00:00.0', 'CRO', 50, 50, NULL);
INSERT INTO JUROR_MOD.POOL (OWNER, POOL_NO, ATTEND_TIME, LAST_UPDATE, LOC_CODE, NEW_REQUEST, RETURN_DATE,
                            POOL_TYPE, TOTAL_NO_REQUIRED, NO_REQUESTED, ADDITIONAL_SUMMONS)
VALUES ('400', '416221203', NULL, TIMESTAMP'2022-12-20 12:16:01.0', '416', 'N',
        TIMESTAMP'2022-12-04 00:00:00.0', 'CRO', 59, 59, NULL);

INSERT INTO JUROR_MOD.POOL (OWNER, POOL_NO, ATTEND_TIME, LAST_UPDATE, LOC_CODE, NEW_REQUEST, RETURN_DATE,
                            POOL_TYPE, TOTAL_NO_REQUIRED, NO_REQUESTED, ADDITIONAL_SUMMONS)
VALUES ('415', '767221204', NULL, TIMESTAMP'2022-10-02 09:22:09.0', '767', 'N',
        TIMESTAMP'2022-12-04 00:00:00.0', 'CRO', 50, 50, NULL);

INSERT INTO JUROR_MOD.POOL (OWNER, POOL_NO, ATTEND_TIME, LAST_UPDATE, LOC_CODE, NEW_REQUEST, RETURN_DATE,
                            POOL_TYPE, TOTAL_NO_REQUIRED, NO_REQUESTED, ADDITIONAL_SUMMONS)
VALUES ('400', '462221207', NULL, TIMESTAMP'2022-10-02 09:22:09.0', '462', 'N',
        TIMESTAMP'2022-12-04 00:00:00.0', 'CRO', 50, 50, NULL);

--newly created pool request,  should not appear in list
INSERT INTO JUROR_MOD.POOL (OWNER, POOL_NO, ATTEND_TIME, LAST_UPDATE, LOC_CODE, NEW_REQUEST, RETURN_DATE,
                            POOL_TYPE, TOTAL_NO_REQUIRED, NO_REQUESTED, ADDITIONAL_SUMMONS)
VALUES ('415', '767221205', NULL, TIMESTAMP'2022-10-02 09:22:09.0', '767', 'Y',
        TIMESTAMP'2022-12-04 00:00:00.0', 'CRO', 50, 50, NULL);

--pool request owned by Court,  should not appear in Bureau list
INSERT INTO JUROR_MOD.POOL (OWNER, POOL_NO, ATTEND_TIME, LAST_UPDATE, LOC_CODE, NEW_REQUEST, RETURN_DATE,
                            POOL_TYPE, TOTAL_NO_REQUIRED, NO_REQUESTED, ADDITIONAL_SUMMONS)
VALUES ('415', '767221206', NULL, TIMESTAMP'2022-10-02 09:22:09.0', '767', 'N',
        date_trunc('day', current_date - 10), 'CRO', 60, 50, NULL);

INSERT INTO JUROR_MOD.POOL (OWNER, POOL_NO, ATTEND_TIME, LAST_UPDATE, LOC_CODE, NEW_REQUEST, RETURN_DATE,
                            POOL_TYPE, TOTAL_NO_REQUIRED, NO_REQUESTED, ADDITIONAL_SUMMONS)
VALUES ('415', '415221306', NULL, TIMESTAMP'2022-10-02 09:22:09.0', '415', 'N',
        date_trunc('day', current_date - 10), 'CRO', 60, 50, NULL);

INSERT INTO JUROR_MOD.POOL (OWNER, POOL_NO, ATTEND_TIME, LAST_UPDATE, LOC_CODE, NEW_REQUEST, RETURN_DATE,
                            POOL_TYPE, TOTAL_NO_REQUIRED, NO_REQUESTED, ADDITIONAL_SUMMONS)
VALUES ('415', '415221307', NULL, TIMESTAMP'2022-10-02 09:22:09.0', '415', 'N',
        date_trunc('day', current_date - 10), 'CRO', 50, 50, NULL);

INSERT INTO JUROR_MOD.POOL (OWNER, POOL_NO, ATTEND_TIME, LAST_UPDATE, LOC_CODE, NEW_REQUEST, RETURN_DATE,
                            POOL_TYPE, TOTAL_NO_REQUIRED, NO_REQUESTED, ADDITIONAL_SUMMONS)
VALUES ('415', '415221308', NULL, TIMESTAMP'2022-10-02 09:22:09.0', '415', 'N',
        date_trunc('day', current_date - 10), 'CRO', 50, 50, NULL);

INSERT INTO JUROR_MOD.POOL (OWNER, POOL_NO, ATTEND_TIME, LAST_UPDATE, LOC_CODE, NEW_REQUEST, RETURN_DATE,
                            POOL_TYPE, TOTAL_NO_REQUIRED, NO_REQUESTED, ADDITIONAL_SUMMONS)
VALUES ('415', '415221309', NULL, TIMESTAMP'2022-10-02 09:22:09.0', '415', 'N',
        date_trunc('day', current_date - 10), 'CRO', 50, 50, NULL);

INSERT INTO JUROR_MOD.POOL (OWNER, POOL_NO, ATTEND_TIME, LAST_UPDATE, LOC_CODE, NEW_REQUEST, RETURN_DATE,
                            POOL_TYPE, TOTAL_NO_REQUIRED, NO_REQUESTED, ADDITIONAL_SUMMONS)
VALUES ('415', '415221310', NULL, TIMESTAMP'2022-10-02 09:22:09.0', '415', 'N',
        date_trunc('day', current_date - 10), 'CRO', 50, 50, NULL);

INSERT INTO JUROR_MOD.POOL (OWNER, POOL_NO, ATTEND_TIME, LAST_UPDATE, LOC_CODE, NEW_REQUEST, RETURN_DATE,
                            POOL_TYPE, TOTAL_NO_REQUIRED, NO_REQUESTED, ADDITIONAL_SUMMONS)
VALUES ('415', '415221311', NULL, TIMESTAMP'2022-10-02 09:22:09.0', '415', 'N',
        date_trunc('day', current_date - 10), 'CRO', 50, 50, NULL);

INSERT INTO JUROR_MOD.POOL (OWNER, POOL_NO, ATTEND_TIME, LAST_UPDATE, LOC_CODE, NEW_REQUEST, RETURN_DATE,
                            POOL_TYPE, TOTAL_NO_REQUIRED, NO_REQUESTED, ADDITIONAL_SUMMONS)
VALUES ('415', '415221312', NULL, TIMESTAMP'2022-10-02 09:22:09.0', '415', 'N',
        date_trunc('day', current_date - 10), 'CRO', 50, 50, NULL);

INSERT INTO JUROR_MOD.POOL (OWNER, POOL_NO, ATTEND_TIME, LAST_UPDATE, LOC_CODE, NEW_REQUEST, RETURN_DATE,
                            POOL_TYPE, TOTAL_NO_REQUIRED, NO_REQUESTED, ADDITIONAL_SUMMONS)
VALUES ('415', '415221313', NULL, TIMESTAMP'2022-10-02 09:22:09.0', '415', 'N',
        date_trunc('day', current_date - 10), 'CRO', 50, 50, NULL);

INSERT INTO JUROR_MOD.POOL (OWNER, POOL_NO, ATTEND_TIME, LAST_UPDATE, LOC_CODE, NEW_REQUEST, RETURN_DATE,
                            POOL_TYPE, TOTAL_NO_REQUIRED, NO_REQUESTED, ADDITIONAL_SUMMONS)
VALUES ('415', '415221314', NULL, TIMESTAMP'2022-10-02 09:22:09.0', '415', 'N',
        date_trunc('day', current_date - 10), 'CRO', 50, 50, NULL);

INSERT INTO JUROR_MOD.POOL (OWNER, POOL_NO, ATTEND_TIME, LAST_UPDATE, LOC_CODE, NEW_REQUEST, RETURN_DATE,
                            POOL_TYPE, TOTAL_NO_REQUIRED, NO_REQUESTED, ADDITIONAL_SUMMONS)
VALUES ('415', '415221315', NULL, TIMESTAMP'2022-10-02 09:22:09.0', '415', 'N',
        date_trunc('day', current_date - 10), 'CRO', 50, 50, NULL);

INSERT INTO JUROR_MOD.POOL (OWNER, POOL_NO, ATTEND_TIME, LAST_UPDATE, LOC_CODE, NEW_REQUEST, RETURN_DATE,
                            POOL_TYPE, TOTAL_NO_REQUIRED, NO_REQUESTED, ADDITIONAL_SUMMONS)
VALUES ('415', '415221316', NULL, TIMESTAMP'2022-10-02 09:22:09.0', '415', 'N',
        date_trunc('day', current_date - 10), 'CRO', 50, 50, NULL);

INSERT INTO JUROR_MOD.POOL (OWNER, POOL_NO, ATTEND_TIME, LAST_UPDATE, LOC_CODE, NEW_REQUEST, RETURN_DATE,
                            POOL_TYPE, TOTAL_NO_REQUIRED, NO_REQUESTED, ADDITIONAL_SUMMONS)
VALUES ('415', '415221317', NULL, TIMESTAMP'2022-10-02 09:22:09.0', '415', 'N',
        date_trunc('day', current_date - 10), 'CRO', 50, 50, NULL);

INSERT INTO JUROR_MOD.POOL (OWNER, POOL_NO, ATTEND_TIME, LAST_UPDATE, LOC_CODE, NEW_REQUEST, RETURN_DATE,
                            POOL_TYPE, TOTAL_NO_REQUIRED, NO_REQUESTED, ADDITIONAL_SUMMONS)
VALUES ('415', '415221318', NULL, TIMESTAMP'2022-10-02 09:22:09.0', '415', 'N',
        date_trunc('day', current_date - 10), 'CRO', 50, 50, NULL);

INSERT INTO JUROR_MOD.POOL (OWNER, POOL_NO, ATTEND_TIME, LAST_UPDATE, LOC_CODE, NEW_REQUEST, RETURN_DATE,
                            POOL_TYPE, TOTAL_NO_REQUIRED, NO_REQUESTED, ADDITIONAL_SUMMONS)
VALUES ('415', '415221319', NULL, TIMESTAMP'2022-10-02 09:22:09.0', '415', 'N',
        date_trunc('day', current_date - 10), 'CRO', 50, 50, NULL);

INSERT INTO JUROR_MOD.POOL (OWNER, POOL_NO, ATTEND_TIME, LAST_UPDATE, LOC_CODE, NEW_REQUEST, RETURN_DATE,
                            POOL_TYPE, TOTAL_NO_REQUIRED, NO_REQUESTED, ADDITIONAL_SUMMONS)
VALUES ('415', '415221320', NULL, TIMESTAMP'2022-10-02 09:22:09.0', '415', 'N',
        date_trunc('day', current_date - 10), 'CRO', 50, 50, NULL);

INSERT INTO JUROR_MOD.POOL (OWNER, POOL_NO, ATTEND_TIME, LAST_UPDATE, LOC_CODE, NEW_REQUEST, RETURN_DATE,
                            POOL_TYPE, TOTAL_NO_REQUIRED, NO_REQUESTED, ADDITIONAL_SUMMONS)
VALUES ('415', '415221321', NULL, TIMESTAMP'2022-10-02 09:22:09.0', '415', 'N',
        date_trunc('day', current_date - 10), 'CRO', 50, 50, NULL);

INSERT INTO JUROR_MOD.POOL (OWNER, POOL_NO, ATTEND_TIME, LAST_UPDATE, LOC_CODE, NEW_REQUEST, RETURN_DATE,
                            POOL_TYPE, TOTAL_NO_REQUIRED, NO_REQUESTED, ADDITIONAL_SUMMONS)
VALUES ('415', '415221322', NULL, TIMESTAMP'2022-10-02 09:22:09.0', '415', 'N',
        date_trunc('day', current_date - 10), 'CRO', 50, 50, NULL);

INSERT INTO JUROR_MOD.POOL (OWNER, POOL_NO, ATTEND_TIME, LAST_UPDATE, LOC_CODE, NEW_REQUEST, RETURN_DATE,
                            POOL_TYPE, TOTAL_NO_REQUIRED, NO_REQUESTED, ADDITIONAL_SUMMONS)
VALUES ('415', '415221323', NULL, TIMESTAMP'2022-10-02 09:22:09.0', '415', 'N',
        date_trunc('day', current_date - 10), 'CRO', 50, 50, NULL);

INSERT INTO JUROR_MOD.POOL (OWNER, POOL_NO, ATTEND_TIME, LAST_UPDATE, LOC_CODE, NEW_REQUEST, RETURN_DATE,
                            POOL_TYPE, TOTAL_NO_REQUIRED, NO_REQUESTED, ADDITIONAL_SUMMONS)
VALUES ('415', '415221324', NULL, TIMESTAMP'2022-10-02 09:22:09.0', '415', 'N',
        date_trunc('day', current_date - 10), 'CRO', 50, 50, NULL);

INSERT INTO JUROR_MOD.POOL (OWNER, POOL_NO, ATTEND_TIME, LAST_UPDATE, LOC_CODE, NEW_REQUEST, RETURN_DATE,
                            POOL_TYPE, TOTAL_NO_REQUIRED, NO_REQUESTED, ADDITIONAL_SUMMONS)
VALUES ('415', '415221325', NULL, TIMESTAMP'2022-10-02 09:22:09.0', '415', 'N',
        date_trunc('day', current_date - 10), 'CRO', 50, 50, NULL);

INSERT INTO JUROR_MOD.POOL (OWNER, POOL_NO, ATTEND_TIME, LAST_UPDATE, LOC_CODE, NEW_REQUEST, RETURN_DATE,
                            POOL_TYPE, TOTAL_NO_REQUIRED, NO_REQUESTED, ADDITIONAL_SUMMONS)
VALUES ('415', '415221326', NULL, TIMESTAMP'2022-10-02 09:22:09.0', '415', 'N',
        date_trunc('day', current_date - 10), 'CRO', 50, 50, NULL);

INSERT INTO JUROR_MOD.POOL (OWNER, POOL_NO, ATTEND_TIME, LAST_UPDATE, LOC_CODE, NEW_REQUEST, RETURN_DATE,
                            POOL_TYPE, TOTAL_NO_REQUIRED, NO_REQUESTED, ADDITIONAL_SUMMONS)
VALUES ('415', '415221327', NULL, TIMESTAMP'2022-10-02 09:22:09.0', '415', 'N',
        date_trunc('day', current_date - 10), 'CRO', 50, 50, NULL);

INSERT INTO JUROR_MOD.POOL (OWNER, POOL_NO, ATTEND_TIME, LAST_UPDATE, LOC_CODE, NEW_REQUEST, RETURN_DATE,
                            POOL_TYPE, TOTAL_NO_REQUIRED, NO_REQUESTED, ADDITIONAL_SUMMONS)
VALUES ('415', '415221328', NULL, TIMESTAMP'2022-10-02 09:22:09.0', '415', 'N',
        date_trunc('day', current_date - 10), 'CRO', 50, 50, NULL);

INSERT INTO JUROR_MOD.POOL (OWNER, POOL_NO, ATTEND_TIME, LAST_UPDATE, LOC_CODE, NEW_REQUEST, RETURN_DATE,
                            POOL_TYPE, TOTAL_NO_REQUIRED, NO_REQUESTED, ADDITIONAL_SUMMONS)
VALUES ('415', '415221329', NULL, TIMESTAMP'2022-10-02 09:22:09.0', '415', 'N',
        date_trunc('day', current_date - 10), 'CRO', 50, 50, NULL);

INSERT INTO JUROR_MOD.POOL (OWNER, POOL_NO, ATTEND_TIME, LAST_UPDATE, LOC_CODE, NEW_REQUEST, RETURN_DATE,
                            POOL_TYPE, TOTAL_NO_REQUIRED, NO_REQUESTED, ADDITIONAL_SUMMONS)
VALUES ('415', '415221330', NULL, TIMESTAMP'2022-10-02 09:22:09.0', '415', 'N',
        date_trunc('day', current_date - 8), 'CRO', 50, 50, NULL);

-- court only pool, future start date - should be displayed
INSERT INTO juror_mod.pool (owner, pool_no, loc_code, new_request, return_date, pool_type, total_no_required,
                            no_requested, nil_pool)
VALUES ('415', '415221331', '415', 'N', current_date + interval '1 week', 'CRO', 0, 0,
        false);

-- nil pool should not be displayed
INSERT INTO juror_mod.pool (owner, pool_no, loc_code, new_request, return_date, pool_type, total_no_required,
                            no_requested, nil_pool)
VALUES ('415', '415221332', '415', 'N', current_date + interval '1 week', 'CRO', 0, 0,
        true);

-- court only pool, past start date - should not be displayed
INSERT INTO juror_mod.pool (owner, pool_no, loc_code, new_request, return_date, pool_type, total_no_required,
                            no_requested, nil_pool)
VALUES ('415', '415221333', '415', 'N', current_date - interval '1 week', 'CRO', 0, 0,
        false);

INSERT INTO JUROR_MOD.POOL (OWNER, POOL_NO, ATTEND_TIME, LAST_UPDATE, LOC_CODE, NEW_REQUEST, RETURN_DATE,
                            POOL_TYPE, TOTAL_NO_REQUIRED, NO_REQUESTED, ADDITIONAL_SUMMONS)
VALUES ('416', '416221336', NULL, TIMESTAMP'2022-10-02 09:22:09.0', '416', 'N', date_trunc('day', current_date - 9),
            'CRO', 50, 40, NULL);

INSERT INTO JUROR_MOD.POOL (OWNER, POOL_NO, ATTEND_TIME, LAST_UPDATE, LOC_CODE, NEW_REQUEST, RETURN_DATE,
                            POOL_TYPE, TOTAL_NO_REQUIRED, NO_REQUESTED, ADDITIONAL_SUMMONS)
VALUES ('416', '416221337', NULL, TIMESTAMP'2022-10-02 09:22:09.0', '416', 'N', date_trunc('day', current_date - 60),
        'CRO', 40, 40, NULL);

INSERT INTO JUROR_MOD.POOL (OWNER, POOL_NO, ATTEND_TIME, LAST_UPDATE, LOC_CODE, NEW_REQUEST, RETURN_DATE,
                            POOL_TYPE, TOTAL_NO_REQUIRED, NO_REQUESTED, ADDITIONAL_SUMMONS)
VALUES ('417', '417221204', NULL, TIMESTAMP'2022-10-02 09:22:09.0', '417', 'N', date_trunc('day', current_date - 60),
        'CRO', 40, 40, NULL);


INSERT INTO juror_mod.juror (juror_number, poll_number, last_name, first_name, dob, address_line_1, address_line_2,
                             postcode, responded,
                             user_edtq, no_def_pos, notifications, notes)
VALUES ('641600093', '416', 'LNAMEFIVEFOURZERO', 'FNAMEFIVEFOURZERO', NULL, '542 STREET NAME', 'ANYTOWN', 'PO19 1SX',
        'Y', NULL, NULL, 0, NULL),
       ('641600094', '416', 'LNAMEFIVEFOURZERO', 'FNAMEFIVEFOURZERO', NULL, '542 STREET NAME', 'ANYTOWN', 'PO19 1SX',
        'Y', NULL, NULL, 0, NULL),
       ('641500090', '415', 'LNAMEFIVEFOURZERO', 'FNAMEFIVEFOURZERO', NULL, '542 STREET NAME', 'ANYTOWN', 'PO19 1SX',
        'Y', NULL, NULL, 0, NULL),
       ('641500089', '415', 'LNAMEFIVEFOURZERO', 'FNAMEFIVEFOURZERO', NULL, '542 STREET NAME', 'ANYTOWN', 'PO19 1SX',
        'Y', NULL, NULL, 0, NULL),
       ('641500091', '415', 'LNAMEFIVEFOURZERO', 'FNAMEFIVEFOURZERO', NULL, '542 STREET NAME', 'ANYTOWN', 'PO19 1SX',
        'Y', NULL, NULL, 0, NULL),
       ('676700095', '767', 'LNAMEFIVEFOURZERO', 'FNAMEFIVEFOURZERO', NULL, '542 STREET NAME', 'ANYTOWN', 'PO19 1SX',
        'Y', NULL, NULL, 0, NULL),
       ('676700096', '767', 'LNAMEFIVEFOURZERO', 'FNAMEFIVEFOURZERO', NULL, '542 STREET NAME', 'ANYTOWN', 'PO19 1SX',
        'Y', NULL, NULL, 0, NULL),
       ('767700097', '767', 'LNAMEFIVEFOURZERO', 'FNAMEFIVEFOURZERO', NULL, '542 STREET NAME', 'ANYTOWN', 'PO19 1SX',
        'Y', NULL, NULL, 0, NULL),
       ('415700197', '415', 'LNAMEFIVEFOURZERO', 'FNAMEFIVEFOURZERO', NULL, '542 STREET NAME', 'ANYTOWN', 'PO19 1SX',
        'Y', NULL, NULL, 0, NULL),
       ('415700200', '415', 'LNAMEFIVEFOURZERO', 'FNAMEFIVEFOURZERO', NULL, '542 STREET NAME', 'ANYTOWN', 'PO19 1SX',
        'Y', NULL, NULL, 0, NULL),
       ('415700201', '415', 'LNAMEFIVEFOURZERO', 'FNAMEFIVEFOURZERO', NULL, '542 STREET NAME', 'ANYTOWN', 'PO19 1SX',
        'Y', NULL, NULL, 0, NULL),
       ('415700202', '415', 'LNAMEFIVEFOURZERO', 'FNAMEFIVEFOURZERO', NULL, '542 STREET NAME', 'ANYTOWN', 'PO19 1SX',
        'Y', NULL, NULL, 0, NULL),
       ('415700203', '415', 'LNAMEFIVEFOURZERO', 'FNAMEFIVEFOURZERO', NULL, '542 STREET NAME', 'ANYTOWN', 'PO19 1SX',
        'Y', NULL, NULL, 0, NULL),
       ('415700204', '415', 'LNAMEFIVEFOURZERO', 'FNAMEFIVEFOURZERO', NULL, '542 STREET NAME', 'ANYTOWN', 'PO19 1SX',
        'Y', NULL, NULL, 0, NULL),
       ('415700205', '415', 'LNAMEFIVEFOURZERO', 'FNAMEFIVEFOURZERO', NULL, '542 STREET NAME', 'ANYTOWN', 'PO19 1SX',
        'Y', NULL, NULL, 0, NULL),
       ('415700206', '415', 'LNAMEFIVEFOURZERO', 'FNAMEFIVEFOURZERO', NULL, '542 STREET NAME', 'ANYTOWN', 'PO19 1SX',
        'Y', NULL, NULL, 0, NULL),
       ('415700207', '415', 'LNAMEFIVEFOURZERO', 'FNAMEFIVEFOURZERO', NULL, '542 STREET NAME', 'ANYTOWN', 'PO19 1SX',
        'Y', NULL, NULL, 0, NULL),
       ('416700207', '416', 'LNAMEFIVEFOURZERO', 'FNAMEFIVEFOURZERO', NULL, '542 STREET NAME', 'ANYTOWN', 'PO19 1SX',
        'Y', NULL, NULL, 0, NULL);

INSERT INTO juror_mod.juror_pool ("owner", juror_number, pool_number, user_edtq, status, is_active, pool_seq,
                                  "location", on_call)
VALUES ('416', '641600093', '416221203', NULL, 2, true, '0109', '416', 'N'),
       ('400', '641600094', '416221203', NULL, 2, true, '0109', '416', 'N'),
       ('400', '641500090', '415221201', NULL, 2, true, '0109', '415', 'N'),
       ('400', '641500089', '415221201', NULL, 2, true, '0109', '415', 'N'),
       ('400', '641500091', '415221202', NULL, 2, true, '0110', '415', 'N'),
       ('417', '676700095', '417221204', NULL, 2, true, '0110', '767', 'N'),
       ('415', '676700096', '767221206', NULL, 2, true, '0110', '767', 'N'),
       ('415', '767700097', '767221206', NULL, 2, true, '0110', '767', 'N'),
       ('415', '415700197', '415221306', NULL, 2, true, '0110', '767', 'N'),
       ('415', '415700200', '415221306', NULL, 2, true, '0110', '767', 'N'),
       ('415', '415700201', '415221306', NULL, 2, true, '0110', '767', 'N'),
       ('415', '415700202', '415221306', NULL, 2, true, '0110', '767', 'N'),
       ('415', '415700203', '415221306', NULL, 2, true, '0110', '767', 'N'),
       ('415', '415700204', '415221306', NULL, 2, true, '0110', '767', 'N'),
       ('415', '415700205', '415221306', NULL, 2, true, '0110', '767', 'N'),
       ('415', '415700206', '415221306', NULL, 2, true, '0110', '767', 'N'),
       ('415', '415700207', '415221306', NULL, 2, true, '0110', '767', 'N'),
       ('415', '415700207', '415221307', NULL, 2, true, '0110', '767', 'N'),
       ('415', '415700207', '415221308', NULL, 2, true, '0110', '767', 'N'),
       ('415', '415700207', '415221309', NULL, 2, true, '0110', '767', 'N'),
       ('415', '415700207', '415221310', NULL, 2, true, '0110', '767', 'N'),
       ('415', '415700207', '415221311', NULL, 2, true, '0110', '767', 'N'),
       ('415', '415700207', '415221312', NULL, 2, true, '0110', '767', 'N'),
       ('415', '415700207', '415221313', NULL, 2, true, '0110', '767', 'N'),
       ('415', '415700207', '415221314', NULL, 2, true, '0110', '767', 'N'),
       ('415', '415700207', '415221315', NULL, 2, true, '0110', '767', 'N'),
       ('415', '415700207', '415221316', NULL, 2, true, '0110', '767', 'N'),
       ('415', '415700207', '415221317', NULL, 2, true, '0110', '767', 'N'),
       ('415', '415700207', '415221318', NULL, 2, true, '0110', '767', 'N'),
       ('415', '415700207', '415221319', NULL, 2, true, '0110', '767', 'N'),
       ('415', '415700207', '415221320', NULL, 2, true, '0110', '767', 'N'),
       ('415', '415700207', '415221321', NULL, 2, true, '0110', '767', 'N'),
       ('415', '415700207', '415221322', NULL, 2, true, '0110', '767', 'N'),
       ('415', '415700207', '415221323', NULL, 2, true, '0110', '767', 'N'),
       ('415', '415700207', '415221324', NULL, 2, true, '0110', '767', 'N'),
       ('415', '415700207', '415221325', NULL, 2, true, '0110', '767', 'N'),
       ('415', '415700207', '415221326', NULL, 2, true, '0110', '767', 'N'),
       ('415', '415700207', '415221327', NULL, 2, true, '0110', '767', 'N'),
       ('415', '415700207', '415221328', NULL, 2, true, '0110', '767', 'N'),
       ('415', '415700207', '415221329', NULL, 2, true, '0110', '767', 'N'),
       ('415', '415700207', '415221330', NULL, 2, true, '0110', '767', 'N'),
       ('416', '416700207', '416221336', NULL, 2, true, '0110', '767', 'N'),
       ('416', '416700207', '416221337', NULL, 2, true, '0110', '767', 'N');
