INSERT INTO juror_mod.pool (pool_no,"owner",return_date,no_requested,pool_type,loc_code,new_request,last_update,additional_summons,attend_time,nil_pool,total_no_required,date_created) VALUES
    ('555','400','2022-05-03',5,'CRO','448','N',NULL,NULL,NULL,false,5,NULL);
INSERT INTO juror_mod.juror (juror_number,poll_number,title,last_name,first_name,dob,address_line_1,address_line_2,address_line_3,address_line_4,address_line_5,postcode,h_phone,w_phone,w_ph_local,responded,date_excused,excusal_code,acc_exc,date_disq,disq_code,user_edtq,notes,no_def_pos,perm_disqual,reasonable_adj_code,reasonable_adj_msg,smart_card_number,completion_date,sort_code,bank_acct_name,bank_acct_no,bldg_soc_roll_no,welsh,police_check,last_update,summons_file,m_phone,h_email,contact_preference,notifications,date_created,optic_reference,pending_title,pending_first_name,pending_last_name,mileage,financial_loss,travel_time,bureau_transfer_date,claiming_subsistence_allowance,service_comp_comms_status,login_attempts,is_locked) VALUES
                                                                                                                                                                                                                                                                                                                                                                                                                                                                                                                                                                                                                                                                                                                                                                        ('644892530','21112','DR','CASTILLO','JANE','1984-07-24 00:00:00','4 Knutson Trail','Scotland','Aberdeen','United Kingdom',NULL,'AB3 9RY','44(703)209-6993','44(109)549-5625',NULL,false,NULL,NULL,NULL,NULL,NULL,NULL,NULL,NULL,false,NULL,NULL,NULL,NULL,NULL,NULL,NULL,NULL,false,'NOT_CHECKED','2024-03-12 14:55:31',NULL,'44(145)525-2390','jcastillo0@ed.gov',0,0,'2024-03-12 14:55:31',NULL,NULL,NULL,NULL,NULL,NULL,NULL,NULL,false,NULL,0,false),
                                                                                                                                                                                                                                                                                                                                                                                                                                                                                                                                                                                                                                                                                                                                                                        ('683462643','21112','MR','SMITH','ROBERT','1984-07-24 00:00:00','4 Knutson Trail','Scotland','Aberdeen','United Kingdom',NULL,'AB3 9RY','44(703)209-6993','44(109)549-5625',NULL,false,NULL,NULL,NULL,NULL,NULL,NULL,NULL,NULL,false,NULL,NULL,NULL,NULL,NULL,NULL,NULL,NULL,false,'NOT_CHECKED','2024-03-12 14:55:31',NULL,'44(145)525-2390',NULL,0,0,'2024-03-12 14:55:31',NULL,NULL,NULL,NULL,NULL,NULL,NULL,NULL,false,NULL,0,false);
INSERT INTO juror_mod.juror_pool (juror_number,pool_number,"owner",user_edtq,is_active,status,times_sel,def_date,"location",no_attendances,no_attended,no_fta,no_awol,pool_seq,edit_tag,next_date,on_call,smart_card,was_deferred,deferral_code,id_checked,postpone,paid_cash,scan_code,last_update,reminder_sent,transfer_date,date_created) VALUES
                                                                                                                                                                                                                                                                                                                                                  ('644892530','555','400',NULL,true,1,NULL,NULL,NULL,NULL,NULL,NULL,NULL,NULL,NULL,'2024-04-16',false,NULL,false,NULL,NULL,false,false,NULL,'2024-03-12 14:55:31',false,NULL,NULL),
                                                                                                                                                                                                                                                                                                                                                  ('683462643','555','400',NULL,true,1,NULL,NULL,NULL,NULL,NULL,NULL,NULL,NULL,NULL,'2024-04-16',false,NULL,false,NULL,NULL,false,false,NULL,'2024-03-12 14:55:31',false,NULL,NULL);
INSERT INTO juror_mod.juror_response (juror_number,date_received,title,first_name,last_name,address_line_1,address_line_2,address_line_3,address_line_4,address_line_5,postcode,processing_status,date_of_birth,phone_number,alt_phone_number,email,residency,residency_detail,mental_health_act,mental_health_capacity,mental_health_act_details,bail,bail_details,convictions,convictions_details,deferral,deferral_reason,deferral_date,reasonable_adjustments_arrangements,excusal,excusal_reason,processing_complete,signed,"version",thirdparty_fname,thirdparty_lname,relationship,main_phone,other_phone,email_address,thirdparty_reason,thirdparty_other_reason,juror_phone_details,juror_email_details,staff_login,staff_assignment_date,urgent,completed_at,welsh,reply_type) VALUES
                                                                                                                                                                                                                                                                                                                                                                                                                                                                                                                                                                                                                                                                                                                                                                                                          ('644892530','2024-03-12 00:00:00','DR','JANE','DOE','4 Knutson Trail','Scotland','Aberdeen','United Kingdom',NULL,'AB3 9RY','TODO','1984-07-24','44(703)209-6993','44(109)549-5625','jcastillo0@ed.gov',true,NULL,false,NULL,NULL,false,NULL,false,NULL,NULL,NULL,NULL,NULL,NULL,NULL,false,NULL,2,NULL,NULL,NULL,NULL,NULL,NULL,NULL,NULL,false,false,NULL,NULL,false,NULL,false,'Digital'),
                                                                                                                                                                                                                                                                                                                                                                                                                                                                                                                                                                                                                                                                                                                                                                                                          ('683462643','2024-03-12 00:00:00','MR','ROBERT','SMYTHE','4 Knutson Trail','Scotland','Aberdeen','United Kingdom',NULL,'AB3 9RY','TODO','1984-07-24','44(703)209-6993','44(109)549-5625','rsmith@byob.com',true,NULL,false,NULL,NULL,false,NULL,false,NULL,NULL,NULL,NULL,NULL,NULL,NULL,false,NULL,2,NULL,NULL,NULL,NULL,NULL,NULL,NULL,NULL,false,false,NULL,NULL,false,NULL,false,'Digital');
INSERT INTO juror_mod.juror_reasonable_adjustment (juror_number,reasonable_adjustment,reasonable_adjustment_detail) VALUES
                                                                                                                        ('644892530','V','Photosensitive epilepsy'),
                                                                                                                        ('683462643','V','Photosensitive epilepsy');
INSERT INTO juror_mod.juror_response_cjs_employment (juror_number,cjs_employer,cjs_employer_details) VALUES
                                                                                                         ('644892530','Police','I am a police special.'),
                                                                                                         ('683462643','Police','I am a police special.');


INSERT INTO juror_mod.contact_log (juror_number,user_id,notes,last_update,start_call,end_call,enquiry_type,repeat_enquiry) VALUES
                                                                                                                               ('683462643','BUREAUGUY1','Really long call','2024-03-12 14:55:31','2024-03-10 00:00:00',NULL,'IN',NULL),
                                                                                                                               ('644892530','BUREAULADY9','Really, really long call','2024-03-12 14:55:31','2024-03-02 00:00:00',NULL,'IN',NULL);

-- team member with login enabled
INSERT INTO juror_mod.users (created_by, updated_by,username,email, name, active,team_id)
VALUES ('testlogin','testlogin','testlogin','testlogin@email.gov.uk','Test Login',true,1);

insert into juror_mod.user_courts (username, loc_code)
values ('testlogin', '400');
--