--staff
INSERT INTO juror_mod.users (created_by,updated_by,username,email, name, active,team_id,user_type)
VALUES ('jmcbob','jmcbob','jmcbob','jmcbob@email.gov.uk','Joe McBob',true,1,'BUREAU'),
       ('jmcbob','jmcbob','smcbob','smcbob@email.gov.uk','Sarah McBob',true,2,'BUREAU');

insert into juror_mod.user_courts (username, loc_code)
values ('jmcbob', '400'),
       ('smcbob', '400');

INSERT INTO juror_mod.user_roles (username, role)
VALUES ('smcbob', 'MANAGER');


INSERT INTO juror_mod.pool (pool_no,"owner",return_date,no_requested,pool_type,loc_code,new_request,last_update,additional_summons,attend_time,nil_pool,total_no_required,date_created) VALUES
                                                                                                                                                                                            ('222','448','2022-05-03',5,'CRO','448','N',NULL,NULL,NULL,false,5,NULL),
                                                                                                                                                                                            ('555','448','2022-05-03',5,'CRO','448','N',NULL,NULL,NULL,false,5,NULL);
INSERT INTO juror_mod.juror (juror_number,poll_number,title,last_name,first_name,dob,address_line_1,address_line_2,address_line_3,address_line_4,address_line_5,postcode,h_phone,w_phone,w_ph_local,responded,date_excused,excusal_code,acc_exc,date_disq,disq_code,user_edtq,notes,no_def_pos,perm_disqual,reasonable_adj_code,reasonable_adj_msg,smart_card_number,completion_date,sort_code,bank_acct_name,bank_acct_no,bldg_soc_roll_no,welsh,last_update,summons_file,m_phone,h_email,contact_preference,notifications,date_created,optic_reference,pending_title,pending_first_name,pending_last_name,mileage,financial_loss,travel_time,bureau_transfer_date,claiming_subsistence_allowance,service_comp_comms_status,login_attempts,is_locked) VALUES
('586856851','19917','MR','LNAME','FNAME','1987-05-08 00:00:00','Address line 1','England','Town','United Kingdom',NULL,'T40 8DR','0123456789','0987654321',NULL,false,NULL,NULL,NULL,NULL,NULL,NULL,NULL,NULL,false,NULL,NULL,NULL,NULL,NULL,NULL,NULL,NULL,false,'2024-03-12 11:46:51',NULL,'0987654321','cLNAME1@yellowpages.com',0,0,'2024-03-12 11:46:51',NULL,NULL,NULL,NULL,NULL,NULL,NULL,NULL,false,NULL,0,false),
('586856852','19917','MR','LNAME','FNAME','1987-05-08 00:00:00','Address line 1','England','Town','United Kingdom',NULL,'T40 8DR','0123456789','0987654321',NULL,false,NULL,NULL,NULL,NULL,NULL,NULL,NULL,NULL,false,NULL,NULL,NULL,NULL,NULL,NULL,NULL,NULL,false,'2024-03-12 11:46:51',NULL,'0987654321','cLNAME1@yellowpages.com',0,0,'2024-03-12 11:46:51',NULL,NULL,NULL,NULL,NULL,NULL,NULL,NULL,false,NULL,0,false),
('586856853','19917','MR','LNAME','FNAME','1987-05-08 00:00:00','Address line 1','England','Town','United Kingdom',NULL,'T40 8DR','0123456789','0987654321',NULL,false,NULL,NULL,NULL,NULL,NULL,NULL,NULL,NULL,false,NULL,NULL,NULL,NULL,NULL,NULL,NULL,NULL,false,'2024-03-12 11:46:51',NULL,'0987654321','cLNAME1@yellowpages.com',0,0,'2024-03-12 11:46:51',NULL,NULL,NULL,NULL,NULL,NULL,NULL,NULL,false,NULL,0,false),
('586856854','19917','MR','LNAME','FNAME','1987-05-08 00:00:00','Address line 1','England','Town','United Kingdom',NULL,'T40 8DR','0123456789','0987654321',NULL,false,NULL,NULL,NULL,NULL,NULL,NULL,NULL,NULL,false,NULL,NULL,NULL,NULL,NULL,NULL,NULL,NULL,false,'2024-03-12 11:46:51',NULL,'0987654321','cLNAME1@yellowpages.com',0,0,'2024-03-12 11:46:51',NULL,NULL,NULL,NULL,NULL,NULL,NULL,NULL,false,NULL,0,false),
('586856855','19917','MR','LNAME','FNAME','1987-05-08 00:00:00','Address line 1','England','Town','United Kingdom',NULL,'T40 8DR','0123456789','0987654321',NULL,false,NULL,NULL,NULL,NULL,NULL,NULL,NULL,NULL,false,NULL,NULL,NULL,NULL,NULL,NULL,NULL,NULL,false,'2024-03-12 11:46:51',NULL,'0987654321','cLNAME1@yellowpages.com',0,0,'2024-03-12 11:46:51',NULL,NULL,NULL,NULL,NULL,NULL,NULL,NULL,false,NULL,0,false),
('586856856','19917','MR','LNAME','FNAME','1987-05-08 00:00:00','Address line 1','England','Town','United Kingdom',NULL,'T40 8DR','0123456789','0987654321',NULL,false,NULL,NULL,NULL,NULL,NULL,NULL,NULL,NULL,false,NULL,NULL,NULL,NULL,NULL,NULL,NULL,NULL,false,'2024-03-12 11:46:51',NULL,'0987654321','cLNAME1@yellowpages.com',0,0,'2024-03-12 11:46:51',NULL,NULL,NULL,NULL,NULL,NULL,NULL,NULL,false,NULL,0,false),
('586856857','19917','MR','LNAME','FNAME','1987-05-08 00:00:00','Address line 1','England','Town','United Kingdom',NULL,'T40 8DR','0123456789','0987654321',NULL,false,NULL,NULL,NULL,NULL,NULL,NULL,NULL,NULL,false,NULL,NULL,NULL,NULL,NULL,NULL,NULL,NULL,false,'2024-03-12 11:46:51',NULL,'0987654321','cLNAME1@yellowpages.com',0,0,'2024-03-12 11:46:51',NULL,NULL,NULL,NULL,NULL,NULL,NULL,NULL,false,NULL,0,false),
('686856851','19917','MR','LNAME','FNAME','1987-05-08 00:00:00','Address line 1','England','Town','United Kingdom',NULL,'T40 8DR','0123456789','0987654321',NULL,false,NULL,NULL,NULL,NULL,NULL,NULL,NULL,NULL,false,NULL,NULL,NULL,NULL,NULL,NULL,NULL,NULL,false,'2024-03-12 11:46:51',NULL,'0987654321','cLNAME1@yellowpages.com',0,0,'2024-03-12 11:46:51',NULL,NULL,NULL,NULL,NULL,NULL,NULL,NULL,false,NULL,0,false),
('686856852','19917','MR','LNAME','FNAME','1987-05-08 00:00:00','Address line 1','England','Town','United Kingdom',NULL,'T40 8DR','0123456789','0987654321',NULL,false,NULL,NULL,NULL,NULL,NULL,NULL,NULL,NULL,false,NULL,NULL,NULL,NULL,NULL,NULL,NULL,NULL,false,'2024-03-12 11:46:51',NULL,'0987654321','cLNAME1@yellowpages.com',0,0,'2024-03-12 11:46:51',NULL,NULL,NULL,NULL,NULL,NULL,NULL,NULL,false,NULL,0,false),
('686856853','19917','MR','LNAME','FNAME','1987-05-08 00:00:00','Address line 1','England','Town','United Kingdom',NULL,'T40 8DR','0123456789','0987654321',NULL,false,NULL,NULL,NULL,NULL,NULL,NULL,NULL,NULL,false,NULL,NULL,NULL,NULL,NULL,NULL,NULL,NULL,false,'2024-03-12 11:46:51',NULL,'0987654321','cLNAME1@yellowpages.com',0,0,'2024-03-12 11:46:51',NULL,NULL,NULL,NULL,NULL,NULL,NULL,NULL,false,NULL,0,false),
('686856854','19917','MR','LNAME','FNAME','1987-05-08 00:00:00','Address line 1','England','Town','United Kingdom',NULL,'T40 8DR','0123456789','0987654321',NULL,false,NULL,NULL,NULL,NULL,NULL,NULL,NULL,NULL,false,NULL,NULL,NULL,NULL,NULL,NULL,NULL,NULL,false,'2024-03-12 11:46:51',NULL,'0987654321','cLNAME1@yellowpages.com',0,0,'2024-03-12 11:46:51',NULL,NULL,NULL,NULL,NULL,NULL,NULL,NULL,false,NULL,0,false),
('686856855','19917','MR','LNAME','FNAME','1987-05-08 00:00:00','Address line 1','England','Town','United Kingdom',NULL,'T40 8DR','0123456789','0987654321',NULL,false,NULL,NULL,NULL,NULL,NULL,NULL,NULL,NULL,false,NULL,NULL,NULL,NULL,NULL,NULL,NULL,NULL,false,'2024-03-12 11:46:51',NULL,'0987654321','cLNAME1@yellowpages.com',0,0,'2024-03-12 11:46:51',NULL,NULL,NULL,NULL,NULL,NULL,NULL,NULL,false,NULL,0,false),
('686856856','19917','MR','LNAME','FNAME','1987-05-08 00:00:00','Address line 1','England','Town','United Kingdom',NULL,'T40 8DR','0123456789','0987654321',NULL,false,NULL,NULL,NULL,NULL,NULL,NULL,NULL,NULL,false,NULL,NULL,NULL,NULL,NULL,NULL,NULL,NULL,false,'2024-03-12 11:46:51',NULL,'0987654321','cLNAME1@yellowpages.com',0,0,'2024-03-12 11:46:51',NULL,NULL,NULL,NULL,NULL,NULL,NULL,NULL,false,NULL,0,false),
('686856857','19917','MR','LNAME','FNAME','1987-05-08 00:00:00','Address line 1','England','Town','United Kingdom',NULL,'T40 8DR','0123456789','0987654321',NULL,false,NULL,NULL,NULL,NULL,NULL,NULL,NULL,NULL,false,NULL,NULL,NULL,NULL,NULL,NULL,NULL,NULL,false,'2024-03-12 11:46:51',NULL,'0987654321','cLNAME1@yellowpages.com',0,0,'2024-03-12 11:46:51',NULL,NULL,NULL,NULL,NULL,NULL,NULL,NULL,false,NULL,0,false);



INSERT INTO juror_mod.juror_pool (juror_number,pool_number,"owner",user_edtq,is_active,status,times_sel,def_date,"location",no_attendances,no_attended,no_fta,no_awol,pool_seq,edit_tag,next_date,on_call,smart_card,was_deferred,deferral_code,id_checked,postpone,paid_cash,scan_code,last_update,reminder_sent,transfer_date,date_created) VALUES
('586856851','222','400',NULL,true,1,NULL,NULL,NULL,NULL,NULL,NULL,NULL,NULL,NULL,NULL,false,NULL,false,NULL,NULL,false,false,NULL,'2024-03-12 11:46:51',false,NULL,NULL),
('586856852','222','400',NULL,true,1,NULL,NULL,NULL,NULL,NULL,NULL,NULL,NULL,NULL,NULL,false,NULL,false,NULL,NULL,false,false,NULL,'2024-03-12 11:46:51',false,NULL,NULL),
('586856853','222','400',NULL,true,1,NULL,NULL,NULL,NULL,NULL,NULL,NULL,NULL,NULL,NULL,false,NULL,false,NULL,NULL,false,false,NULL,'2024-03-12 11:46:51',false,NULL,NULL),
('586856854','222','400',NULL,true,1,NULL,NULL,NULL,NULL,NULL,NULL,NULL,NULL,NULL,NULL,false,NULL,false,NULL,NULL,false,false,NULL,'2024-03-12 11:46:51',false,NULL,NULL),
('586856855','222','400',NULL,true,1,NULL,NULL,NULL,NULL,NULL,NULL,NULL,NULL,NULL,NULL,false,NULL,false,NULL,NULL,false,false,NULL,'2024-03-12 11:46:51',false,NULL,NULL),
('586856856','222','400',NULL,true,1,NULL,NULL,NULL,NULL,NULL,NULL,NULL,NULL,NULL,NULL,false,NULL,false,NULL,NULL,false,false,NULL,'2024-03-12 11:46:51',false,NULL,NULL),
('586856857','222','400',NULL,true,1,NULL,NULL,NULL,NULL,NULL,NULL,NULL,NULL,NULL,NULL,false,NULL,false,NULL,NULL,false,false,NULL,'2024-03-12 11:46:51',false,NULL,NULL),
('686856851','222','400',NULL,true,1,NULL,NULL,NULL,NULL,NULL,NULL,NULL,NULL,NULL,NULL,false,NULL,false,NULL,NULL,false,false,NULL,'2024-03-12 11:46:51',false,NULL,NULL),
('686856852','222','400',NULL,true,1,NULL,NULL,NULL,NULL,NULL,NULL,NULL,NULL,NULL,NULL,false,NULL,false,NULL,NULL,false,false,NULL,'2024-03-12 11:46:51',false,NULL,NULL),
('686856853','222','400',NULL,true,1,NULL,NULL,NULL,NULL,NULL,NULL,NULL,NULL,NULL,NULL,false,NULL,false,NULL,NULL,false,false,NULL,'2024-03-12 11:46:51',false,NULL,NULL),
('686856854','222','400',NULL,true,1,NULL,NULL,NULL,NULL,NULL,NULL,NULL,NULL,NULL,NULL,false,NULL,false,NULL,NULL,false,false,NULL,'2024-03-12 11:46:51',false,NULL,NULL),
('686856855','222','400',NULL,true,1,NULL,NULL,NULL,NULL,NULL,NULL,NULL,NULL,NULL,NULL,false,NULL,false,NULL,NULL,false,false,NULL,'2024-03-12 11:46:51',false,NULL,NULL),
('686856856','222','400',NULL,true,1,NULL,NULL,NULL,NULL,NULL,NULL,NULL,NULL,NULL,NULL,false,NULL,false,NULL,NULL,false,false,NULL,'2024-03-12 11:46:51',false,NULL,NULL),
('686856857','222','400',NULL,true,1,NULL,NULL,NULL,NULL,NULL,NULL,NULL,NULL,NULL,NULL,false,NULL,false,NULL,NULL,false,false,NULL,'2024-03-12 11:46:51',false,NULL,NULL);


INSERT INTO juror_response (juror_number,date_received,title,first_name,last_name,address_line_1,address_line_2,address_line_3,address_line_4,address_line_5,postcode,processing_status,date_of_birth,phone_number,alt_phone_number,email,residency,residency_detail,mental_health_act,mental_health_capacity,mental_health_act_details,bail,bail_details,convictions,convictions_details,deferral,deferral_reason,deferral_date,reasonable_adjustments_arrangements,excusal,excusal_reason,processing_complete,signed,"version",thirdparty_fname,thirdparty_lname,relationship,main_phone,other_phone,email_address,thirdparty_reason,thirdparty_other_reason,juror_phone_details,juror_email_details,staff_login,staff_assignment_date,urgent,completed_at,welsh,reply_type) VALUES
	 ('586856851','2024-03-12 00:00:00.000','MRS','FNAME','LNAME','Address line 1','England','Town','United Kingdom',NULL,'T40 8DR','TODO','1987-05-08','0123456789','0987654321','cLNAME1@yellowpages.com',true,NULL,false,NULL,NULL,false,NULL,false,NULL,NULL,NULL,NULL,NULL,NULL,NULL,false,NULL,0,NULL,NULL,NULL,NULL,NULL,NULL,NULL,NULL,false,false,'smcbob','2024-03-11 00:00:00.000',false,NULL,false,'Paper'),
	 ('586856852','2024-03-12 00:00:00.000','MRS','FNAME','LNAME','Address line 1','England','Town','United Kingdom',NULL,'T40 8DR','TODO','1987-05-08','0123456789','0987654321','cLNAME1@yellowpages.com',true,NULL,false,NULL,NULL,false,NULL,false,NULL,NULL,NULL,NULL,NULL,NULL,NULL,false,NULL,0,NULL,NULL,NULL,NULL,NULL,NULL,NULL,NULL,false,false,'smcbob','2024-03-11 00:00:00.000',false,NULL,false,'Paper'),
	 ('586856853','2024-03-12 00:00:00.000','MRS','FNAME','LNAME','Address line 1','England','Town','United Kingdom',NULL,'T40 8DR','TODO','1987-05-08','0123456789','0987654321','cLNAME1@yellowpages.com',true,NULL,false,NULL,NULL,false,NULL,false,NULL,NULL,NULL,NULL,NULL,NULL,NULL,false,NULL,0,NULL,NULL,NULL,NULL,NULL,NULL,NULL,NULL,false,false,'smcbob','2024-03-11 00:00:00.000',true,NULL,false,'Paper'),
	 ('586856854','2024-03-12 00:00:00.000','MRS','FNAME','LNAME','Address line 1','England','Town','United Kingdom',NULL,'T40 8DR','TODO','1987-05-08','0123456789','0987654321','cLNAME1@yellowpages.com',true,NULL,false,NULL,NULL,false,NULL,false,NULL,NULL,NULL,NULL,NULL,NULL,NULL,false,NULL,0,NULL,NULL,NULL,NULL,NULL,NULL,NULL,NULL,false,false,'smcbob','2024-03-11 00:00:00.000',false,NULL,false,'Paper'),
	 ('586856855','2024-03-12 00:00:00.000','MRS','FNAME','LNAME','Address line 1','England','Town','United Kingdom',NULL,'T40 8DR','AWAITING_COURT_REPLY','1987-05-08','0123456789','0987654321','cLNAME1@yellowpages.com',true,NULL,false,NULL,NULL,false,NULL,false,NULL,NULL,NULL,NULL,NULL,NULL,NULL,false,NULL,0,NULL,NULL,NULL,NULL,NULL,NULL,NULL,NULL,false,false,'smcbob','2024-03-11 00:00:00.000',false,NULL,false,'Paper'),
	 ('586856856','2024-03-12 00:00:00.000','MRS','FNAME','LNAME','Address line 1','England','Town','United Kingdom',NULL,'T40 8DR','TODO','1987-05-08','0123456789','0987654321','cLNAME1@yellowpages.com',true,NULL,false,NULL,NULL,false,NULL,false,NULL,NULL,NULL,NULL,NULL,NULL,NULL,true,NULL,0,NULL,NULL,NULL,NULL,NULL,NULL,NULL,NULL,false,false,'smcbob','2024-03-11 00:00:00.000',false,NULL,false,'Paper'),
	 ('586856857','2024-03-12 00:00:00.000','MRS','FNAME','LNAME','Address line 1','England','Town','United Kingdom',NULL,'T40 8DR','CLOSED','1987-05-08','0123456789','0987654321','cLNAME1@yellowpages.com',true,NULL,false,NULL,NULL,false,NULL,false,NULL,NULL,NULL,NULL,NULL,NULL,NULL,false,NULL,0,NULL,NULL,NULL,NULL,NULL,NULL,NULL,NULL,false,false,'smcbob','2024-03-11 00:00:00.000',false,NULL,false,'Paper'),
	 ('686856851','2024-03-12 00:00:00.000','MRS','FNAME','LNAME','Address line 1','England','Town','United Kingdom',NULL,'T40 8DR','TODO','1987-05-08','0123456789','0987654321','cLNAME1@yellowpages.com',true,NULL,false,NULL,NULL,false,NULL,false,NULL,NULL,NULL,NULL,NULL,NULL,NULL,false,NULL,0,NULL,NULL,NULL,NULL,NULL,NULL,NULL,NULL,false,false,'smcbob','2024-03-11 00:00:00.000',false,NULL,false,'Digital'),
	 ('686856852','2024-03-12 00:00:00.000','MRS','FNAME','LNAME','Address line 1','England','Town','United Kingdom',NULL,'T40 8DR','TODO','1987-05-08','0123456789','0987654321','cLNAME1@yellowpages.com',true,NULL,false,NULL,NULL,false,NULL,false,NULL,NULL,NULL,NULL,NULL,NULL,NULL,false,NULL,0,NULL,NULL,NULL,NULL,NULL,NULL,NULL,NULL,false,false,'smcbob','2024-03-11 00:00:00.000',false,NULL,false,'Digital'),
	 ('686856853','2024-03-12 00:00:00.000','MRS','FNAME','LNAME','Address line 1','England','Town','United Kingdom',NULL,'T40 8DR','TODO','1987-05-08','0123456789','0987654321','cLNAME1@yellowpages.com',true,NULL,false,NULL,NULL,false,NULL,false,NULL,NULL,NULL,NULL,NULL,NULL,NULL,false,NULL,0,NULL,NULL,NULL,NULL,NULL,NULL,NULL,NULL,false,false,'smcbob','2024-03-11 00:00:00.000',true,NULL,false,'Digital'),
	 ('686856854','2024-03-12 00:00:00.000','MRS','FNAME','LNAME','Address line 1','England','Town','United Kingdom',NULL,'T40 8DR','TODO','1987-05-08','0123456789','0987654321','cLNAME1@yellowpages.com',true,NULL,false,NULL,NULL,false,NULL,false,NULL,NULL,NULL,NULL,NULL,NULL,NULL,false,NULL,0,NULL,NULL,NULL,NULL,NULL,NULL,NULL,NULL,false,false,'smcbob','2024-03-11 00:00:00.000',false,NULL,false,'Digital'),
	 ('686856855','2024-03-12 00:00:00.000','MRS','FNAME','LNAME','Address line 1','England','Town','United Kingdom',NULL,'T40 8DR','AWAITING_COURT_REPLY','1987-05-08','0123456789','0987654321','cLNAME1@yellowpages.com',true,NULL,false,NULL,NULL,false,NULL,false,NULL,NULL,NULL,NULL,NULL,NULL,NULL,false,NULL,0,NULL,NULL,NULL,NULL,NULL,NULL,NULL,NULL,false,false,'smcbob','2024-03-11 00:00:00.000',false,NULL,false,'Digital'),
	 ('686856856','2024-03-12 00:00:00.000','MRS','FNAME','LNAME','Address line 1','England','Town','United Kingdom',NULL,'T40 8DR','TODO','1987-05-08','0123456789','0987654321','cLNAME1@yellowpages.com',true,NULL,false,NULL,NULL,false,NULL,false,NULL,NULL,NULL,NULL,NULL,NULL,NULL,true,NULL,0,NULL,NULL,NULL,NULL,NULL,NULL,NULL,NULL,false,false,'smcbob','2024-03-11 00:00:00.000',false,NULL,false,'Digital'),
	 ('686856857','2024-03-12 00:00:00.000','MRS','FNAME','LNAME','Address line 1','England','Town','United Kingdom',NULL,'T40 8DR','CLOSED','1987-05-08','0123456789','0987654321','cLNAME1@yellowpages.com',true,NULL,false,NULL,NULL,false,NULL,false,NULL,NULL,NULL,NULL,NULL,NULL,NULL,false,NULL,0,NULL,NULL,NULL,NULL,NULL,NULL,NULL,NULL,false,false,'smcbob','2024-03-11 00:00:00.000',false,NULL,false,'Digital');