-- sql for the information request letter tests

INSERT INTO juror_mod.pool (pool_no,"owner",return_date,no_requested,pool_type,loc_code,new_request,last_update,additional_summons,attend_time,nil_pool,total_no_required,date_created) VALUES
	 ('415240801','400','2024-08-05',15,'CRO','415','N','2024-06-03 12:00:23',NULL,'2024-08-05 09:00:00',false,15,'2024-06-03 12:00:10.932656'),
	 ('415240802','400','2024-08-05',2,'CRO','415','Y','2024-06-03 12:01:14',NULL,'2024-08-05 09:00:00',false,2,'2024-06-03 12:01:14.249361'),
	 ('415240803','400','2024-08-27',5,'CRO','415','N','2024-06-03 12:02:08',NULL,'2024-08-27 09:00:00',false,5,'2024-06-03 12:01:56.739064'),
	 ('415240804','400','2024-08-27',5,'CRO','415','N','2024-06-03 12:02:08',NULL,'2024-08-27 09:00:00',false,5,'2024-06-03 12:01:56.739064'),
	 ('416240801','416','2024-08-06',10,'CRO','416','T','2024-06-04 11:42:42',NULL,'2024-08-06 09:00:00',false,10,'2024-06-04 11:42:31.266804');

INSERT INTO juror_mod.juror (juror_number,poll_number,title,last_name,first_name,dob,address_line_1,address_line_2,address_line_3,address_line_4,address_line_5,postcode,h_phone,w_phone,w_ph_local,responded,date_excused,excusal_code,acc_exc,date_disq,disq_code,user_edtq,notes,no_def_pos,perm_disqual,reasonable_adj_code,reasonable_adj_msg,smart_card_number,completion_date,sort_code,bank_acct_name,bank_acct_no,bldg_soc_roll_no,welsh,police_check,last_update,summons_file,m_phone,h_email,contact_preference,notifications,date_created,optic_reference,pending_title,pending_first_name,pending_last_name,mileage,financial_loss,travel_time,bureau_transfer_date,claiming_subsistence_allowance,service_comp_comms_status,login_attempts,is_locked,police_check_last_update) VALUES
	 ('641500210','210',NULL,'LNAMEONEZEROT','FNAMEONEZERO',NULL,'10 STREET NAME','ANYTOWN',NULL,NULL,NULL,'CH2 2AB',NULL,NULL,NULL,false,NULL,NULL,NULL,NULL,NULL,NULL,NULL,NULL,NULL,NULL,NULL,NULL,NULL,NULL,NULL,NULL,NULL,NULL,'NOT_CHECKED','2024-06-03 15:33:11',NULL,NULL,NULL,NULL,0,'2024-06-03 15:33:11.303836',NULL,NULL,NULL,NULL,NULL,NULL,NULL,NULL,false,NULL,0,false,NULL),
	 ('641500212','212',NULL,'LNAMEONETWOT','FNAMEONETWO',NULL,'12 STREET NAME','ANYTOWN',NULL,NULL,NULL,'CH2 2AB',NULL,NULL,NULL,false,NULL,NULL,NULL,NULL,NULL,NULL,NULL,NULL,NULL,NULL,NULL,NULL,NULL,NULL,NULL,NULL,NULL,NULL,'NOT_CHECKED','2024-06-03 15:33:11',NULL,NULL,NULL,NULL,0,'2024-06-03 15:33:11.306567',NULL,NULL,NULL,NULL,NULL,NULL,NULL,NULL,false,NULL,0,false,NULL),
	 ('641500213','213',NULL,'LNAMEONETHREET','FNAMEONETHREE',NULL,'13 STREET NAME','ANYTOWN',NULL,NULL,NULL,'CH2 2AB',NULL,NULL,NULL,false,NULL,NULL,NULL,NULL,NULL,NULL,NULL,NULL,NULL,NULL,NULL,NULL,NULL,NULL,NULL,NULL,NULL,NULL,'NOT_CHECKED','2024-06-03 15:33:11',NULL,NULL,NULL,NULL,0,'2024-06-03 15:33:11.312215',NULL,NULL,NULL,NULL,NULL,NULL,NULL,NULL,false,NULL,0,false,NULL),
	 ('641500223','223',NULL,'LNAMETWOTHREET','FNAMETWOTHREE','2006-04-17 00:00:00','23 STREET NAME','ANYTOWN',NULL,NULL,NULL,'CH1 2AN',NULL,NULL,NULL,false,NULL,NULL,NULL,NULL,NULL,NULL,NULL,NULL,NULL,NULL,NULL,NULL,NULL,NULL,NULL,NULL,NULL,NULL,'NOT_CHECKED','2024-06-03 15:33:11',NULL,NULL,NULL,NULL,0,'2024-06-03 15:33:11.307836',NULL,NULL,NULL,NULL,NULL,NULL,NULL,NULL,false,NULL,0,false,NULL),
	 ('641500316','316',NULL,'LNAMEONESIXTR','FNAMEONESIX',NULL,'16 STREET NAME','ANYTOWN',NULL,NULL,NULL,'CH1 2AN',NULL,NULL,NULL,false,NULL,NULL,NULL,NULL,NULL,NULL,NULL,NULL,NULL,NULL,NULL,NULL,NULL,NULL,NULL,NULL,NULL,NULL,'NOT_CHECKED','2024-06-03 15:33:11',NULL,NULL,NULL,NULL,0,'2024-06-03 15:33:11.314842',NULL,NULL,NULL,NULL,NULL,NULL,NULL,NULL,false,NULL,0,false,NULL),
	 ('641600054','54',NULL,'LNAMEFIVEFOUR','FNAMEFIVEFOUR','1967-10-10 00:00:00','54 STREET NAME','ANYTOWN','','Chester','','PO19 1SX',NULL,NULL,NULL,true,NULL,NULL,NULL,NULL,NULL,NULL,NULL,NULL,NULL,NULL,NULL,NULL,NULL,NULL,NULL,NULL,NULL,NULL,'NOT_CHECKED','2024-06-04 11:57:37',NULL,NULL,'',NULL,0,'2024-06-04 11:42:42.311',NULL,NULL,NULL,NULL,NULL,NULL,NULL,'2024-06-04',false,NULL,0,false,NULL),
	 ('641600058','57',NULL,'LNAMEFIVESEVEN','FNAMEFIVESEVEN','1975-01-01 00:00:00','57 STREET NAME','ANYTOWN','','Chester','','PO19 1SX',NULL,NULL,NULL,true,'2024-06-04 00:00:00','G',NULL,NULL,NULL,'MODTESTBUREAU',NULL,NULL,NULL,NULL,NULL,NULL,NULL,NULL,NULL,NULL,NULL,NULL,'NOT_CHECKED','2024-06-04 11:58:19',NULL,NULL,'',NULL,0,'2024-06-04 11:42:42.31',NULL,NULL,NULL,NULL,NULL,NULL,NULL,'2024-06-04',false,NULL,0,false,NULL);
INSERT INTO juror_mod.juror (juror_number,poll_number,title,last_name,first_name,dob,address_line_1,address_line_2,address_line_3,address_line_4,address_line_5,postcode,h_phone,w_phone,w_ph_local,responded,date_excused,excusal_code,acc_exc,date_disq,disq_code,user_edtq,notes,no_def_pos,perm_disqual,reasonable_adj_code,reasonable_adj_msg,smart_card_number,completion_date,sort_code,bank_acct_name,bank_acct_no,bldg_soc_roll_no,welsh,police_check,last_update,summons_file,m_phone,h_email,contact_preference,notifications,date_created,optic_reference,pending_title,pending_first_name,pending_last_name,mileage,financial_loss,travel_time,bureau_transfer_date,claiming_subsistence_allowance,service_comp_comms_status,login_attempts,is_locked,police_check_last_update) VALUES
	 ('641500017','17',NULL,'LNAMEONESEVEN','FNAMEONESEVEN',NULL,'17 STREET NAME','ANYTOWN',NULL,NULL,NULL,'CH3 2AR',NULL,NULL,NULL,false,NULL,NULL,NULL,NULL,NULL,NULL,NULL,NULL,NULL,NULL,NULL,NULL,NULL,NULL,NULL,NULL,NULL,false,'NOT_CHECKED','2024-06-12 09:09:15',NULL,NULL,NULL,NULL,0,'2024-06-03 12:00:23.0761',NULL,NULL,NULL,NULL,NULL,NULL,NULL,NULL,false,NULL,0,false,NULL),
	 ('641500211','211',NULL,'LNAMEONEONET','FNAMEONEONE',NULL,'11 STREET NAME','ANYTOWN',NULL,NULL,NULL,'CH2 2AB',NULL,NULL,NULL,false,NULL,NULL,NULL,NULL,NULL,NULL,NULL,NULL,NULL,NULL,NULL,NULL,NULL,NULL,NULL,NULL,NULL,false,'NOT_CHECKED','2024-06-12 09:43:16',NULL,NULL,NULL,NULL,0,'2024-06-03 15:33:11.30902',NULL,NULL,NULL,NULL,NULL,NULL,NULL,NULL,false,NULL,0,false,NULL),
	 ('641500216','216',NULL,'LNAMEONESIXT','FNAMEONESIX',NULL,'16 STREET NAME','ANYTOWN',NULL,NULL,NULL,'CH1 2AN',NULL,NULL,NULL,false,NULL,NULL,NULL,NULL,NULL,NULL,NULL,NULL,NULL,NULL,NULL,NULL,NULL,NULL,NULL,NULL,NULL,false,'NOT_CHECKED','2024-06-11 13:57:15',NULL,NULL,NULL,NULL,0,'2024-06-03 15:33:11.314842',NULL,NULL,NULL,NULL,NULL,NULL,NULL,NULL,false,NULL,0,false,NULL);

INSERT INTO juror_mod.juror_pool (juror_number,pool_number,"owner",user_edtq,is_active,status,times_sel,def_date,"location",no_attendances,no_attended,no_fta,no_awol,pool_seq,edit_tag,next_date,on_call,smart_card,was_deferred,deferral_code,id_checked,postpone,paid_cash,scan_code,last_update,reminder_sent,transfer_date,date_created) VALUES
	 ('641500017','415240801','400','ADMINUSER',true,1,NULL,NULL,NULL,NULL,NULL,NULL,NULL,'0015',NULL,'2024-08-05',false,NULL,NULL,NULL,NULL,NULL,NULL,NULL,'2024-06-04 11:14:27.130294',true,NULL,'2024-06-03 12:00:23.127317'),
	 ('641500212','415240801','400','ADMINUSER',true,1,NULL,NULL,NULL,NULL,NULL,NULL,NULL,'0019',NULL,'2024-08-05',false,NULL,NULL,NULL,NULL,NULL,NULL,NULL,'2024-06-03 15:33:11.348805',NULL,NULL,'2024-06-03 15:33:11.348805'),
	 ('641500211','415240801','400','ADMINUSER',true,1,NULL,NULL,NULL,NULL,NULL,NULL,NULL,'0023',NULL,'2024-08-05',false,NULL,NULL,NULL,NULL,NULL,NULL,NULL,'2024-06-03 15:33:11.357346',NULL,NULL,'2024-06-03 15:33:11.357346'),
	 ('641500216','415240801','400','ADMINUSER',true,1,NULL,NULL,NULL,NULL,NULL,NULL,NULL,'0025',NULL,'2024-08-05',false,NULL,NULL,NULL,NULL,NULL,NULL,NULL,'2024-06-03 15:33:11.361174',NULL,NULL,'2024-06-03 15:33:11.361174'),
	 ('641500316','415240801','400','ADMINUSER',true,2,NULL,'2024-08-20',NULL,NULL,NULL,NULL,NULL,'0005',NULL,NULL,false,NULL,true,NULL,NULL,NULL,NULL,NULL,'2024-06-03 15:57:45.605066',true,NULL,'2024-06-03 12:00:23.10279'),
	 ('641500316','415240804','400','ADMINUSER',false,7,NULL,'2024-08-20',NULL,NULL,NULL,NULL,NULL,'0005',NULL,NULL,false,NULL,NULL,'M',NULL,NULL,NULL,NULL,'2024-06-03 15:57:45.605066',NULL,NULL,'2024-06-03 12:00:23.10279'),
	 ('641500223','415240802','400','ADMINUSER',true,1,NULL,NULL,NULL,NULL,NULL,NULL,NULL,'0020',NULL,'2024-08-05',false,NULL,NULL,NULL,NULL,NULL,NULL,NULL,'2024-06-11 13:55:51.432707',true,NULL,'2024-06-03 15:33:11.351721');

INSERT INTO juror_mod.bulk_print_data (juror_no,creation_date,form_type,detail_rec,extracted_flag,digital_comms) VALUES
	 ('641500017',current_date - 1,'5227','14 JUNE 2024      THE CROWN COURT AT CHESTER                                 JURY CENTRAL SUMMONING BUREAU           THE COURT SERVICE                  FREEPOST LON 19669                 POCOCK STREET                      LONDON                                                                                                   SE1 0YG   0845 3555567            PART 2 SECTION D                                                                                                                                                                                                            FNAMEONESEVEN       LNAMEONESEVEN       17 STREET NAME                     ANYTOWN                                                                                                                                                                        CH3 2AR   641500017JURY MANAGER                  ',false,false),
	 ('641500211',current_date - 2,'5227C','14 JUNE 2024      THE CROWN COURT AT CHESTER                                JURY CENTRAL SUMMONING BUREAU           THE COURT SERVICE                  FREEPOST LON 19669                 POCOCK STREET                      LONDON                                                                                                   SE1 0YG   0845 3555567            PART 2 SECTION D                                                                                                                                                                                                            FNAMEONEONE         LNAMEONEONET        11 STREET NAME                     ANYTOWN                                                                                                                                                                        CH2 2AB   641500211JURY MANAGER                  ',false,false),
	 ('641500216','2024-06-10','5227','10 JUNE 2024      THE CROWN COURT AT CHESTER                                 JURY CENTRAL SUMMONING BUREAU           THE COURT SERVICE                  FREEPOST LON 19669                 POCOCK STREET                      LONDON                                                                                                   SE1 0YG   0845 3555567            PART 2 SECTION D                                                                                                                                                                                                            FNAMEONESIX         LNAMEONESIXT        16 STREET NAME                     ANYTOWN                                                                                                                                                                        CH1 2AN   641500216JURY MANAGER                  ',true,false),
	 ('641500223','2024-06-11','5228','13 SEPT 2024      THE CROWN COURT AT CHESTER                                 JURY CENTRAL SUMMONING BUREAU           THE COURT SERVICE                  FREEPOST LON 19669                 POCOCK STREET                      LONDON                                                                                                   SE1 0YG   0845 3555567                      FNAMETWOTHREE       LNAMETWOTHREET      23 STREET NAME                     ANYTOWN                                                                                                                                                                        CH1 2AN   641500223JURY MANAGER                  ',false,false),
	 ('641500216',current_date - 1,'5227','13 JUNE 2024      THE CROWN COURT AT CHESTER                             JURY CENTRAL SUMMONING BUREAU           THE COURT SERVICE                  FREEPOST LON 19669                 POCOCK STREET                      LONDON                                                                                                   SE1 0YG   0845 3555567            PART 2 SECTION D                                                                                                                                                                                                            FNAMEONESIX         LNAMEONESIXT        16 STREET NAME                     ANYTOWN                                                                                                                                                                        CH1 2AN   641500216JURY MANAGER                  ',true,false);