
ALTER SEQUENCE juror_mod.judge_id_seq
RESTART WITH 1;
ALTER SEQUENCE juror_mod.courtroom_id_seq
RESTART WITH 1;

INSERT INTO juror_mod.pool (pool_no,"owner",return_date,no_requested,pool_type,loc_code,new_request,last_update,additional_summons,attend_time,nil_pool,total_no_required,date_created) VALUES
	 ('415231101','415','2024-05-08',0,NULL,'415','T',NULL,NULL,NULL,false,5,NULL),
	 ('415231102','415','2024-05-03',0,NULL,'415','T',NULL,NULL,NULL,false,5,NULL),
	 ('415231103','415','2024-04-28',0,NULL,'415','T',NULL,NULL,NULL,false,5,NULL),
	 ('415231104','415','2024-04-23',0,NULL,'415','T',NULL,NULL,NULL,false,5,NULL),
	 ('415231105','415','2024-04-23',0,NULL,'415','T',NULL,NULL,NULL,false,5,NULL),
	 ('415231106','415','2024-04-18',0,NULL,'415','T',NULL,NULL,NULL,false,5,NULL);

INSERT INTO juror_mod.juror (juror_number,poll_number,title,last_name,first_name,dob,address_line_1,address_line_2,address_line_3,address_line_4,address_line_5,postcode,h_phone,w_phone,w_ph_local,responded,date_excused,excusal_code,acc_exc,date_disq,disq_code,user_edtq,notes,no_def_pos,perm_disqual,reasonable_adj_code,reasonable_adj_msg,smart_card_number,completion_date,sort_code,bank_acct_name,bank_acct_no,bldg_soc_roll_no,welsh,police_check,last_update,summons_file,m_phone,h_email,contact_preference,notifications,date_created,optic_reference,pending_title,pending_first_name,pending_last_name,mileage,financial_loss,travel_time,bureau_transfer_date,claiming_subsistence_allowance,service_comp_comms_status,login_attempts,is_locked) VALUES
	 ('415000001',NULL,NULL,'LNAME1','FNAME1',NULL,'ADDRESS LINE 1',NULL,NULL,'ADDRESS LINE 4',NULL,'CH1 2AB',NULL,NULL,NULL,true,NULL,NULL,NULL,NULL,NULL,NULL,NULL,NULL,NULL,NULL,NULL,NULL,NULL,NULL,NULL,NULL,NULL,NULL,'ELIGIBLE',NULL,NULL,NULL,NULL,0,0,NULL,NULL,NULL,NULL,NULL,NULL,NULL,NULL,NULL,false,NULL,0,false),
	 ('415000002',NULL,NULL,'LNAME2','FNAME2',NULL,'ADDRESS LINE 1',NULL,NULL,'ADDRESS LINE 4',NULL,'CH1 2AB',NULL,NULL,NULL,true,NULL,NULL,NULL,NULL,NULL,NULL,NULL,NULL,NULL,NULL,NULL,NULL,NULL,NULL,NULL,NULL,NULL,NULL,'ELIGIBLE',NULL,NULL,NULL,NULL,0,0,NULL,NULL,NULL,NULL,NULL,NULL,NULL,NULL,NULL,false,NULL,0,false),
	 ('415000003',NULL,NULL,'LNAME3','FNAME3',NULL,'ADDRESS LINE 1',NULL,NULL,'ADDRESS LINE 4',NULL,'CH1 2AB',NULL,NULL,NULL,true,NULL,NULL,NULL,NULL,NULL,NULL,NULL,NULL,NULL,NULL,NULL,NULL,NULL,NULL,NULL,NULL,NULL,NULL,'ELIGIBLE',NULL,NULL,NULL,NULL,0,0,NULL,NULL,NULL,NULL,NULL,NULL,NULL,NULL,NULL,false,NULL,0,false),
	 ('415000004',NULL,NULL,'LNAME4','FNAME4',NULL,'ADDRESS LINE 1',NULL,NULL,'ADDRESS LINE 4',NULL,'CH1 2AB',NULL,NULL,NULL,true,NULL,NULL,NULL,NULL,NULL,NULL,NULL,NULL,NULL,NULL,NULL,NULL,NULL,NULL,NULL,NULL,NULL,NULL,'ELIGIBLE',NULL,NULL,NULL,NULL,0,0,NULL,NULL,NULL,NULL,NULL,NULL,NULL,NULL,NULL,false,NULL,0,false),
	 ('415000005',NULL,NULL,'LNAME5','FNAME5',NULL,'ADDRESS LINE 1',NULL,NULL,'ADDRESS LINE 4',NULL,'CH1 2AB',NULL,NULL,NULL,true,NULL,NULL,NULL,NULL,NULL,NULL,NULL,NULL,NULL,NULL,NULL,NULL,NULL,NULL,NULL,NULL,NULL,NULL,'ELIGIBLE',NULL,NULL,NULL,NULL,0,0,NULL,NULL,NULL,NULL,NULL,NULL,NULL,NULL,NULL,false,NULL,0,false),
	 ('415000006',NULL,NULL,'LNAME6','FNAME6',NULL,'ADDRESS LINE 1',NULL,NULL,'ADDRESS LINE 4',NULL,'CH1 2AB',NULL,NULL,NULL,true,NULL,NULL,NULL,NULL,NULL,NULL,NULL,NULL,NULL,NULL,NULL,NULL,NULL,NULL,NULL,NULL,NULL,NULL,'ELIGIBLE',NULL,NULL,NULL,NULL,0,0,NULL,NULL,NULL,NULL,NULL,NULL,NULL,NULL,NULL,false,NULL,0,false),
	 ('415000007',NULL,NULL,'LNAME7','FNAME7',NULL,'ADDRESS LINE 1',NULL,NULL,'ADDRESS LINE 4',NULL,'CH1 2AB',NULL,NULL,NULL,true,NULL,NULL,NULL,NULL,NULL,NULL,NULL,NULL,NULL,NULL,NULL,NULL,NULL,NULL,NULL,NULL,NULL,NULL,'ELIGIBLE',NULL,NULL,NULL,NULL,0,0,NULL,NULL,NULL,NULL,NULL,NULL,NULL,NULL,NULL,false,NULL,0,false),
	 ('415000008',NULL,NULL,'LNAME8','FNAME8',NULL,'ADDRESS LINE 1',NULL,NULL,'ADDRESS LINE 4',NULL,'CH1 2AB',NULL,NULL,NULL,true,NULL,NULL,NULL,NULL,NULL,NULL,NULL,NULL,NULL,NULL,NULL,NULL,NULL,NULL,NULL,NULL,NULL,NULL,'ELIGIBLE',NULL,NULL,NULL,NULL,0,0,NULL,NULL,NULL,NULL,NULL,NULL,NULL,NULL,NULL,false,NULL,0,false),
	 ('415000009',NULL,NULL,'LNAME9','FNAME9',NULL,'ADDRESS LINE 1',NULL,NULL,'ADDRESS LINE 4',NULL,'CH1 2AB',NULL,NULL,NULL,true,NULL,NULL,NULL,NULL,NULL,NULL,NULL,NULL,NULL,NULL,NULL,NULL,NULL,NULL,NULL,NULL,NULL,NULL,'ELIGIBLE',NULL,NULL,NULL,NULL,0,0,NULL,NULL,NULL,NULL,NULL,NULL,NULL,NULL,NULL,false,NULL,0,false),
	 ('415000010',NULL,NULL,'LNAME10','FNAME10',NULL,'ADDRESS LINE 1',NULL,NULL,'ADDRESS LINE 4',NULL,'CH1 2AB',NULL,NULL,NULL,true,NULL,NULL,NULL,NULL,NULL,NULL,NULL,NULL,NULL,NULL,NULL,NULL,NULL,NULL,NULL,NULL,NULL,NULL,'ELIGIBLE',NULL,NULL,NULL,NULL,0,0,NULL,NULL,NULL,NULL,NULL,NULL,NULL,NULL,NULL,false,NULL,0,false),
	 ('415000011',NULL,NULL,'LNAME11','FNAME11',NULL,'ADDRESS LINE 1',NULL,NULL,'ADDRESS LINE 4',NULL,'CH1 2AB',NULL,NULL,NULL,true,NULL,NULL,NULL,NULL,NULL,NULL,NULL,NULL,NULL,NULL,NULL,NULL,NULL,NULL,NULL,NULL,NULL,NULL,'ELIGIBLE',NULL,NULL,NULL,NULL,0,0,NULL,NULL,NULL,NULL,NULL,NULL,NULL,NULL,NULL,false,NULL,0,false),
	 ('415000012',NULL,NULL,'LNAME12','FNAME12',NULL,'ADDRESS LINE 1',NULL,NULL,'ADDRESS LINE 4',NULL,'CH1 2AB',NULL,NULL,NULL,true,NULL,NULL,NULL,NULL,NULL,NULL,NULL,NULL,NULL,NULL,NULL,NULL,NULL,NULL,NULL,NULL,NULL,NULL,'ELIGIBLE',NULL,NULL,NULL,NULL,0,0,NULL,NULL,NULL,NULL,NULL,NULL,NULL,NULL,NULL,false,NULL,0,false),
	 ('415000013',NULL,NULL,'LNAME13','FNAME13',NULL,'ADDRESS LINE 1',NULL,NULL,'ADDRESS LINE 4',NULL,'CH1 2AB',NULL,NULL,NULL,true,NULL,NULL,NULL,NULL,NULL,NULL,NULL,NULL,NULL,NULL,NULL,NULL,NULL,NULL,NULL,NULL,NULL,NULL,'ELIGIBLE',NULL,NULL,NULL,NULL,0,0,NULL,NULL,NULL,NULL,NULL,NULL,NULL,NULL,NULL,false,NULL,0,false),
	 ('415000014',NULL,NULL,'LNAME14','FNAME14',NULL,'ADDRESS LINE 1',NULL,NULL,'ADDRESS LINE 4',NULL,'CH1 2AB',NULL,NULL,NULL,true,NULL,NULL,NULL,NULL,NULL,NULL,NULL,NULL,NULL,NULL,NULL,NULL,NULL,NULL,NULL,NULL,NULL,NULL,'ELIGIBLE',NULL,NULL,NULL,NULL,0,0,NULL,NULL,NULL,NULL,NULL,NULL,NULL,NULL,NULL,false,NULL,0,false),
	 ('415000015',NULL,NULL,'LNAME15','FNAME15',NULL,'ADDRESS LINE 1',NULL,NULL,'ADDRESS LINE 4',NULL,'CH1 2AB',NULL,NULL,NULL,true,NULL,NULL,NULL,NULL,NULL,NULL,NULL,NULL,NULL,NULL,NULL,NULL,NULL,NULL,NULL,NULL,NULL,NULL,'ELIGIBLE',NULL,NULL,NULL,NULL,0,0,NULL,NULL,NULL,NULL,NULL,NULL,NULL,NULL,NULL,false,NULL,0,false),
	 ('415000016',NULL,NULL,'LNAME16','FNAME16',NULL,'ADDRESS LINE 1',NULL,NULL,'ADDRESS LINE 4',NULL,'CH1 2AB',NULL,NULL,NULL,true,NULL,NULL,NULL,NULL,NULL,NULL,NULL,NULL,NULL,NULL,NULL,NULL,NULL,NULL,NULL,NULL,NULL,NULL,'ELIGIBLE',NULL,NULL,NULL,NULL,0,0,NULL,NULL,NULL,NULL,NULL,NULL,NULL,NULL,NULL,false,NULL,0,false),
	 ('415000017',NULL,NULL,'LNAME17','FNAME17',NULL,'ADDRESS LINE 1',NULL,NULL,'ADDRESS LINE 4',NULL,'CH1 2AB',NULL,NULL,NULL,true,NULL,NULL,NULL,NULL,NULL,NULL,NULL,NULL,NULL,NULL,NULL,NULL,NULL,NULL,NULL,NULL,NULL,NULL,'ELIGIBLE',NULL,NULL,NULL,NULL,0,0,NULL,NULL,NULL,NULL,NULL,NULL,NULL,NULL,NULL,false,NULL,0,false),
	 ('415000018',NULL,NULL,'LNAME18','FNAME18',NULL,'ADDRESS LINE 1',NULL,NULL,'ADDRESS LINE 4',NULL,'CH1 2AB',NULL,NULL,NULL,true,NULL,NULL,NULL,NULL,NULL,NULL,NULL,NULL,NULL,NULL,NULL,NULL,NULL,NULL,NULL,NULL,NULL,NULL,'ELIGIBLE',NULL,NULL,NULL,NULL,0,0,NULL,NULL,NULL,NULL,NULL,NULL,NULL,NULL,NULL,false,NULL,0,false),
	 ('415000020',NULL,NULL,'LNAME20','FNAME20',NULL,'ADDRESS LINE 1',NULL,NULL,'ADDRESS LINE 4',NULL,'CH1 2AB',NULL,NULL,NULL,true,NULL,NULL,NULL,NULL,NULL,NULL,NULL,NULL,NULL,NULL,NULL,NULL,NULL,NULL,NULL,NULL,NULL,NULL,'ELIGIBLE',NULL,NULL,NULL,NULL,0,0,NULL,NULL,NULL,NULL,NULL,NULL,NULL,NULL,NULL,false,NULL,0,false),
	 ('415000021',NULL,NULL,'LNAME21','FNAME21',NULL,'ADDRESS LINE 1',NULL,NULL,'ADDRESS LINE 4',NULL,'CH1 2AB',NULL,NULL,NULL,true,NULL,NULL,NULL,NULL,NULL,NULL,NULL,NULL,NULL,NULL,NULL,NULL,NULL,NULL,NULL,NULL,NULL,NULL,'ELIGIBLE',NULL,NULL,NULL,NULL,0,0,NULL,NULL,NULL,NULL,NULL,NULL,NULL,NULL,NULL,false,NULL,0,false),
	 ('415000022',NULL,NULL,'LNAME22','FNAME22',NULL,'ADDRESS LINE 1',NULL,NULL,'ADDRESS LINE 4',NULL,'CH1 2AB',NULL,NULL,NULL,true,NULL,NULL,NULL,NULL,NULL,NULL,NULL,NULL,NULL,NULL,NULL,NULL,NULL,NULL,NULL,NULL,NULL,NULL,'NOT_CHECKED',NULL,NULL,NULL,NULL,0,0,NULL,NULL,NULL,NULL,NULL,NULL,NULL,NULL,NULL,false,NULL,0,false),
	 ('415000023',NULL,NULL,'LNAME23','FNAME23',NULL,'ADDRESS LINE 1',NULL,NULL,'ADDRESS LINE 4',NULL,'CH1 2AB',NULL,NULL,NULL,true,NULL,NULL,NULL,NULL,NULL,NULL,NULL,NULL,NULL,NULL,NULL,NULL,NULL,NULL,NULL,NULL,NULL,NULL,'NOT_CHECKED',NULL,NULL,NULL,NULL,0,0,NULL,NULL,NULL,NULL,NULL,NULL,NULL,NULL,NULL,false,NULL,0,false),
	 ('415000024',NULL,NULL,'LNAME24','FNAME24',NULL,'ADDRESS LINE 1',NULL,NULL,'ADDRESS LINE 4',NULL,'CH1 2AB',NULL,NULL,NULL,true,NULL,NULL,NULL,NULL,NULL,NULL,NULL,NULL,NULL,NULL,NULL,NULL,NULL,NULL,NULL,NULL,NULL,NULL,'NOT_CHECKED',NULL,NULL,NULL,NULL,0,0,NULL,NULL,NULL,NULL,NULL,NULL,NULL,NULL,NULL,false,NULL,0,false),
	 ('415000025',NULL,NULL,'LNAME25','FNAME25',NULL,'ADDRESS LINE 1',NULL,NULL,'ADDRESS LINE 4',NULL,'CH1 2AB',NULL,NULL,NULL,true,NULL,NULL,NULL,NULL,NULL,NULL,NULL,NULL,NULL,NULL,NULL,NULL,NULL,NULL,NULL,NULL,NULL,NULL,'NOT_CHECKED',NULL,NULL,NULL,NULL,0,0,NULL,NULL,NULL,NULL,NULL,NULL,NULL,NULL,NULL,false,NULL,0,false),
	 ('415000026',NULL,NULL,'LNAME26','FNAME26',NULL,'ADDRESS LINE 1',NULL,NULL,'ADDRESS LINE 4',NULL,'CH1 2AB',NULL,NULL,NULL,true,NULL,NULL,NULL,NULL,NULL,NULL,NULL,NULL,NULL,NULL,NULL,NULL,NULL,NULL,NULL,NULL,NULL,NULL,'NOT_CHECKED',NULL,NULL,NULL,NULL,0,0,NULL,NULL,NULL,NULL,NULL,NULL,NULL,NULL,NULL,false,NULL,0,false),
	 ('415000027',NULL,NULL,'LNAME27','FNAME27',NULL,'ADDRESS LINE 1',NULL,NULL,'ADDRESS LINE 4',NULL,'CH1 2AB',NULL,NULL,NULL,true,NULL,NULL,NULL,NULL,NULL,NULL,NULL,NULL,NULL,NULL,NULL,NULL,NULL,NULL,NULL,NULL,NULL,NULL,'NOT_CHECKED',NULL,NULL,NULL,NULL,0,0,NULL,NULL,NULL,NULL,NULL,NULL,NULL,NULL,NULL,false,NULL,0,false),
	 ('415000028',NULL,NULL,'LNAME28','FNAME28',NULL,'ADDRESS LINE 1',NULL,NULL,'ADDRESS LINE 4',NULL,'CH1 2AB',NULL,NULL,NULL,true,NULL,NULL,NULL,NULL,NULL,NULL,NULL,NULL,NULL,NULL,NULL,NULL,NULL,NULL,NULL,NULL,NULL,NULL,'NOT_CHECKED',NULL,NULL,NULL,NULL,0,0,NULL,NULL,NULL,NULL,NULL,NULL,NULL,NULL,NULL,false,NULL,0,false),
	 ('415000029',NULL,NULL,'LNAME29','FNAME29',NULL,'ADDRESS LINE 1',NULL,NULL,'ADDRESS LINE 4',NULL,'CH1 2AB',NULL,NULL,NULL,true,NULL,NULL,NULL,NULL,NULL,NULL,NULL,NULL,NULL,NULL,NULL,NULL,NULL,NULL,NULL,NULL,NULL,NULL,'NOT_CHECKED',NULL,NULL,NULL,NULL,0,0,NULL,NULL,NULL,NULL,NULL,NULL,NULL,NULL,NULL,false,NULL,0,false),
	 ('415000030',NULL,NULL,'LNAME30','FNAME30',NULL,'ADDRESS LINE 1',NULL,NULL,'ADDRESS LINE 4',NULL,'CH1 2AB',NULL,NULL,NULL,true,NULL,NULL,NULL,NULL,NULL,NULL,NULL,NULL,NULL,NULL,NULL,NULL,NULL,NULL,NULL,NULL,NULL,NULL,'NOT_CHECKED',NULL,NULL,NULL,NULL,0,0,NULL,NULL,NULL,NULL,NULL,NULL,NULL,NULL,NULL,false,NULL,0,false),
	 ('415000031',NULL,NULL,'LNAME31','FNAME31',NULL,'ADDRESS LINE 1',NULL,NULL,'ADDRESS LINE 4',NULL,'CH1 2AB',NULL,NULL,NULL,true,NULL,NULL,NULL,NULL,NULL,NULL,NULL,NULL,NULL,NULL,NULL,NULL,NULL,NULL,NULL,NULL,NULL,NULL,'NOT_CHECKED',NULL,NULL,NULL,NULL,0,0,NULL,NULL,NULL,NULL,NULL,NULL,NULL,NULL,NULL,false,NULL,0,false),
	 ('415000032',NULL,NULL,'LNAME32','FNAME32',NULL,'ADDRESS LINE 1',NULL,NULL,'ADDRESS LINE 4',NULL,'CH1 2AB',NULL,NULL,NULL,true,NULL,NULL,NULL,NULL,NULL,NULL,NULL,NULL,NULL,NULL,NULL,NULL,NULL,NULL,NULL,NULL,NULL,NULL,'NOT_CHECKED',NULL,NULL,NULL,NULL,0,0,NULL,NULL,NULL,NULL,NULL,NULL,NULL,NULL,NULL,false,NULL,0,false);


INSERT INTO juror_mod.juror_pool (juror_number,pool_number,"owner",user_edtq,is_active,status,times_sel,def_date,"location") VALUES
	 ('415000001','415231101','415',NULL,true,3,NULL,NULL,'415'),
	 ('415000002','415231101','415',NULL,true,3,NULL,NULL,'415'),
	 ('415000003','415231101','415',NULL,true,3,NULL,NULL,'415'),
	 ('415000004','415231102','415',NULL,true,3,NULL,NULL,'415'),
	 ('415000005','415231102','415',NULL,true,3,NULL,NULL,'415'),
	 ('415000006','415231102','415',NULL,true,3,NULL,NULL,'415'),
	 ('415000007','415231102','415',NULL,true,3,NULL,NULL,'415'),
	 ('415000008','415231102','415',NULL,true,3,NULL,NULL,'415'),
	 ('415000009','415231103','415',NULL,true,3,NULL,NULL,'415'),
	 ('415000010','415231103','415',NULL,true,3,NULL,NULL,'415'),
	 ('415000011','415231103','415',NULL,true,3,NULL,NULL,'415'),
	 ('415000012','415231103','415',NULL,true,3,NULL,NULL,'415'),
	 ('415000013','415231103','415',NULL,true,3,NULL,NULL,'415'),
	 ('415000014','415231104','415',NULL,true,4,NULL,NULL,'415'),
	 ('415000015','415231104','415',NULL,true,4,NULL,NULL,'415'),
	 ('415000016','415231104','415',NULL,true,4,NULL,NULL,'415'),
	 ('415000017','415231104','415',NULL,true,4,NULL,NULL,'415'),
	 ('415000018','415231104','415',NULL,true,1,NULL,NULL,'415'),
	 ('415000020','415231105','415',NULL,true,4,NULL,NULL,'415'),
	 ('415000021','415231105','415',NULL,true,4,NULL,NULL,'415'),
	 ('415000022','415231106','415',NULL,true,2,NULL,NULL,'415'),
	 ('415000023','415231106','415',NULL,true,2,NULL,NULL,'415'),
	 ('415000024','415231105','415',NULL,true,5,NULL,NULL,'415'),
	 ('415000025','415231105','415',NULL,true,6,NULL,NULL,'415'),
	 ('415000026','415231106','415',NULL,true,7,NULL,NULL,'415'),
	 ('415000027','415231106','415',NULL,true,8,NULL,NULL,'415'),
	 ('415000028','415231106','415',NULL,true,9,NULL,NULL,'415'),
	 ('415000029','415231106','415',NULL,true,10,NULL,NULL,'415'),
	 ('415000030','415231106','415',NULL,true,11,NULL,NULL,'415'),
	 ('415000031','415231106','415',NULL,true,12,NULL,NULL,'415'),
	 ('415000032','415231106','415',NULL,true,13,NULL,NULL,'415');


INSERT INTO juror_mod.appearance (attendance_date,juror_number,loc_code,time_in,time_out,trial_number,non_attendance,no_show,misc_description,pay_cash,last_updated_by,created_by,public_transport_total_due,public_transport_total_paid,hired_vehicle_total_due,hired_vehicle_total_paid,motorcycle_total_due,motorcycle_total_paid,car_total_due,car_total_paid,pedal_cycle_total_due,pedal_cycle_total_paid,childcare_total_due,childcare_total_paid,parking_total_due,parking_total_paid,misc_total_due,misc_total_paid,smart_card_due,is_draft_expense,f_audit,sat_on_jury,pool_number,appearance_stage,loss_of_earnings_due,loss_of_earnings_paid,subsistence_due,subsistence_paid,attendance_type,smart_card_paid,travel_time,travel_jurors_taken_by_car,travel_by_car,travel_jurors_taken_by_motorcycle,travel_by_motorcycle,travel_by_bicycle,miles_traveled,food_and_drink_claim_type,"version",expense_rates_id,attendance_audit_number) VALUES
	 ('2024-05-08','415000001','415','09:00:00.5603',NULL,NULL,false,NULL,NULL,false,NULL,NULL,NULL,NULL,NULL,NULL,NULL,NULL,NULL,NULL,NULL,NULL,NULL,NULL,NULL,NULL,NULL,NULL,NULL,true,NULL,NULL,'415231101',NULL,NULL,NULL,NULL,NULL,NULL,NULL,NULL,NULL,NULL,NULL,NULL,NULL,NULL,NULL,1,NULL,NULL),
	 ('2024-05-08','415000002','415','09:00:00.5603',NULL,NULL,false,NULL,NULL,false,NULL,NULL,NULL,NULL,NULL,NULL,NULL,NULL,NULL,NULL,NULL,NULL,NULL,NULL,NULL,NULL,NULL,NULL,NULL,true,NULL,NULL,'415231101',NULL,NULL,NULL,NULL,NULL,NULL,NULL,NULL,NULL,NULL,NULL,NULL,NULL,NULL,NULL,1,NULL,NULL),
	 ('2024-05-08','415000003','415','09:00:00.5603',NULL,NULL,false,NULL,NULL,false,NULL,NULL,NULL,NULL,NULL,NULL,NULL,NULL,NULL,NULL,NULL,NULL,NULL,NULL,NULL,NULL,NULL,NULL,NULL,true,NULL,NULL,'415231101',NULL,NULL,NULL,NULL,NULL,NULL,NULL,NULL,NULL,NULL,NULL,NULL,NULL,NULL,NULL,1,NULL,NULL),
	 ('2024-05-08','415000004','415','09:00:00.5603',NULL,NULL,false,NULL,NULL,false,NULL,NULL,NULL,NULL,NULL,NULL,NULL,NULL,NULL,NULL,NULL,NULL,NULL,NULL,NULL,NULL,NULL,NULL,NULL,true,NULL,NULL,'415231102',NULL,NULL,NULL,NULL,NULL,NULL,NULL,NULL,NULL,NULL,NULL,NULL,NULL,NULL,NULL,1,NULL,NULL),
	 ('2024-05-08','415000005','415','09:00:00.5603',NULL,NULL,false,NULL,NULL,false,NULL,NULL,NULL,NULL,NULL,NULL,NULL,NULL,NULL,NULL,NULL,NULL,NULL,NULL,NULL,NULL,NULL,NULL,NULL,true,NULL,NULL,'415231102',NULL,NULL,NULL,NULL,NULL,NULL,NULL,NULL,NULL,NULL,NULL,NULL,NULL,NULL,NULL,1,NULL,NULL),
	 ('2024-05-08','415000006','415','09:00:00.5603','16:00:00.5603',NULL,false,NULL,NULL,false,NULL,NULL,NULL,NULL,NULL,NULL,NULL,NULL,NULL,NULL,NULL,NULL,NULL,NULL,NULL,NULL,NULL,NULL,NULL,true,NULL,NULL,'415231102',NULL,NULL,NULL,NULL,NULL,NULL,NULL,NULL,NULL,NULL,NULL,NULL,NULL,NULL,NULL,1,NULL,NULL),
	 ('2024-05-08','415000007','415','09:00:00.5603','16:00:00.5603',NULL,false,NULL,NULL,false,NULL,NULL,NULL,NULL,NULL,NULL,NULL,NULL,NULL,NULL,NULL,NULL,NULL,NULL,NULL,NULL,NULL,NULL,NULL,true,NULL,NULL,'415231102',NULL,NULL,NULL,NULL,NULL,NULL,NULL,NULL,NULL,NULL,NULL,NULL,NULL,NULL,NULL,1,NULL,NULL),
	 ('2024-05-08','415000008','415','09:00:00.5603','16:00:00.5603',NULL,false,NULL,NULL,false,NULL,NULL,NULL,NULL,NULL,NULL,NULL,NULL,NULL,NULL,NULL,NULL,NULL,NULL,NULL,NULL,NULL,NULL,NULL,true,NULL,NULL,'415231102',NULL,NULL,NULL,NULL,NULL,NULL,NULL,NULL,NULL,NULL,NULL,NULL,NULL,NULL,NULL,1,NULL,NULL),
	 ('2024-05-08','415000009','415','09:00:00.5603','16:00:00.5603',NULL,false,NULL,NULL,false,NULL,NULL,NULL,NULL,NULL,NULL,NULL,NULL,NULL,NULL,NULL,NULL,NULL,NULL,NULL,NULL,NULL,NULL,NULL,true,NULL,NULL,'415231103',NULL,NULL,NULL,NULL,NULL,NULL,NULL,NULL,NULL,NULL,NULL,NULL,NULL,NULL,NULL,1,NULL,NULL),
	 ('2024-05-08','415000010','415','09:00:00.5603','16:00:00.5603',NULL,false,NULL,NULL,false,NULL,NULL,NULL,NULL,NULL,NULL,NULL,NULL,NULL,NULL,NULL,NULL,NULL,NULL,NULL,NULL,NULL,NULL,NULL,true,NULL,NULL,'415231103',NULL,NULL,NULL,NULL,NULL,NULL,NULL,NULL,NULL,NULL,NULL,NULL,NULL,NULL,NULL,1,NULL,NULL),
	 ('2024-05-08','415000011','415','09:00:00.5603','16:00:00.5603',NULL,false,NULL,NULL,false,NULL,NULL,NULL,NULL,NULL,NULL,NULL,NULL,NULL,NULL,NULL,NULL,NULL,NULL,NULL,NULL,NULL,NULL,NULL,true,NULL,NULL,'415231103',NULL,NULL,NULL,NULL,NULL,NULL,NULL,NULL,NULL,NULL,NULL,NULL,NULL,NULL,NULL,1,NULL,NULL),
	 ('2024-05-08','415000012','415','09:00:00.5603','16:00:00.5603',NULL,false,NULL,NULL,false,NULL,NULL,NULL,NULL,NULL,NULL,NULL,NULL,NULL,NULL,NULL,NULL,NULL,NULL,NULL,NULL,NULL,NULL,NULL,true,NULL,NULL,'415231103',NULL,NULL,NULL,NULL,NULL,NULL,NULL,NULL,NULL,NULL,NULL,NULL,NULL,NULL,NULL,1,NULL,NULL),
	 ('2024-05-08','415000013','415','09:00:00.5603','16:00:00.5603',NULL,false,NULL,NULL,false,NULL,NULL,NULL,NULL,NULL,NULL,NULL,NULL,NULL,NULL,NULL,NULL,NULL,NULL,NULL,NULL,NULL,NULL,NULL,true,NULL,NULL,'415231103',NULL,NULL,NULL,NULL,NULL,NULL,NULL,NULL,NULL,NULL,NULL,NULL,NULL,NULL,NULL,1,NULL,NULL),
	 ('2024-04-25','415000020','415','09:00:00.5603','16:00:00.5603',NULL,false,NULL,NULL,false,NULL,NULL,NULL,NULL,NULL,NULL,NULL,NULL,NULL,NULL,NULL,NULL,NULL,NULL,NULL,NULL,NULL,NULL,NULL,true,NULL,NULL,'415231105',NULL,NULL,NULL,NULL,NULL,NULL,NULL,NULL,NULL,NULL,NULL,NULL,NULL,NULL,NULL,1,NULL,NULL),
	 ('2024-04-25','415000021','415','09:00:00.5603','16:00:00.5603',NULL,false,NULL,NULL,false,NULL,NULL,NULL,NULL,NULL,NULL,NULL,NULL,NULL,NULL,NULL,NULL,NULL,NULL,NULL,NULL,NULL,NULL,NULL,true,NULL,NULL,'415231105',NULL,NULL,NULL,NULL,NULL,NULL,NULL,NULL,NULL,NULL,NULL,NULL,NULL,NULL,NULL,1,NULL,NULL),
	 ('2024-05-09','415000001','415','09:00:00.5603',NULL,NULL,false,NULL,NULL,false,NULL,NULL,NULL,NULL,NULL,NULL,NULL,NULL,NULL,NULL,NULL,NULL,NULL,NULL,NULL,NULL,NULL,NULL,NULL,true,NULL,NULL,'415231101',NULL,NULL,NULL,NULL,NULL,NULL,NULL,NULL,NULL,NULL,NULL,NULL,NULL,NULL,NULL,1,NULL,NULL),
	 ('2024-05-09','415000002','415','09:00:00.5603',NULL,NULL,false,NULL,NULL,false,NULL,NULL,NULL,NULL,NULL,NULL,NULL,NULL,NULL,NULL,NULL,NULL,NULL,NULL,NULL,NULL,NULL,NULL,NULL,true,NULL,NULL,'415231101',NULL,NULL,NULL,NULL,NULL,NULL,NULL,NULL,NULL,NULL,NULL,NULL,NULL,NULL,NULL,1,NULL,NULL),
	 ('2024-05-09','415000003','415','09:00:00.5603',NULL,NULL,false,NULL,NULL,false,NULL,NULL,NULL,NULL,NULL,NULL,NULL,NULL,NULL,NULL,NULL,NULL,NULL,NULL,NULL,NULL,NULL,NULL,NULL,true,NULL,NULL,'415231101',NULL,NULL,NULL,NULL,NULL,NULL,NULL,NULL,NULL,NULL,NULL,NULL,NULL,NULL,NULL,1,NULL,NULL),
	 ('2024-05-09','415000004','415','09:00:00.5603',NULL,NULL,false,NULL,NULL,false,NULL,NULL,NULL,NULL,NULL,NULL,NULL,NULL,NULL,NULL,NULL,NULL,NULL,NULL,NULL,NULL,NULL,NULL,NULL,true,NULL,NULL,'415231102',NULL,NULL,NULL,NULL,NULL,NULL,NULL,NULL,NULL,NULL,NULL,NULL,NULL,NULL,NULL,1,NULL,NULL),
	 ('2024-05-09','415000005','415','09:00:00.5603',NULL,NULL,false,NULL,NULL,false,NULL,NULL,NULL,NULL,NULL,NULL,NULL,NULL,NULL,NULL,NULL,NULL,NULL,NULL,NULL,NULL,NULL,NULL,NULL,true,NULL,NULL,'415231102',NULL,NULL,NULL,NULL,NULL,NULL,NULL,NULL,NULL,NULL,NULL,NULL,NULL,NULL,NULL,1,NULL,NULL),
	 ('2024-05-09','415000006','415','09:00:00.5603','16:00:00.5603',NULL,false,NULL,NULL,false,NULL,NULL,NULL,NULL,NULL,NULL,NULL,NULL,NULL,NULL,NULL,NULL,NULL,NULL,NULL,NULL,NULL,NULL,NULL,true,NULL,NULL,'415231102',NULL,NULL,NULL,NULL,NULL,NULL,NULL,NULL,NULL,NULL,NULL,NULL,NULL,NULL,NULL,1,NULL,NULL),
	 ('2024-05-09','415000007','415','09:00:00.5603','16:00:00.5603',NULL,false,NULL,NULL,false,NULL,NULL,NULL,NULL,NULL,NULL,NULL,NULL,NULL,NULL,NULL,NULL,NULL,NULL,NULL,NULL,NULL,NULL,NULL,true,NULL,NULL,'415231102',NULL,NULL,NULL,NULL,NULL,NULL,NULL,NULL,NULL,NULL,NULL,NULL,NULL,NULL,NULL,1,NULL,NULL),
	 ('2024-05-09','415000008','415','09:00:00.5603','16:00:00.5603',NULL,false,NULL,NULL,false,NULL,NULL,NULL,NULL,NULL,NULL,NULL,NULL,NULL,NULL,NULL,NULL,NULL,NULL,NULL,NULL,NULL,NULL,NULL,true,NULL,NULL,'415231102',NULL,NULL,NULL,NULL,NULL,NULL,NULL,NULL,NULL,NULL,NULL,NULL,NULL,NULL,NULL,1,NULL,NULL),
	 ('2024-05-09','415000009','415','09:00:00.5603','16:00:00.5603',NULL,false,NULL,NULL,false,NULL,NULL,NULL,NULL,NULL,NULL,NULL,NULL,NULL,NULL,NULL,NULL,NULL,NULL,NULL,NULL,NULL,NULL,NULL,true,NULL,NULL,'415231103',NULL,NULL,NULL,NULL,NULL,NULL,NULL,NULL,NULL,NULL,NULL,NULL,NULL,NULL,NULL,1,NULL,NULL),
	 ('2024-05-09','415000010','415','09:00:00.5603','16:00:00.5603',NULL,false,NULL,NULL,false,NULL,NULL,NULL,NULL,NULL,NULL,NULL,NULL,NULL,NULL,NULL,NULL,NULL,NULL,NULL,NULL,NULL,NULL,NULL,true,NULL,NULL,'415231103',NULL,NULL,NULL,NULL,NULL,NULL,NULL,NULL,NULL,NULL,NULL,NULL,NULL,NULL,NULL,1,NULL,NULL),
	 ('2024-05-09','415000011','415','09:00:00.5603','16:00:00.5603',NULL,false,NULL,NULL,false,NULL,NULL,NULL,NULL,NULL,NULL,NULL,NULL,NULL,NULL,NULL,NULL,NULL,NULL,NULL,NULL,NULL,NULL,NULL,true,NULL,NULL,'415231103',NULL,NULL,NULL,NULL,NULL,NULL,NULL,NULL,NULL,NULL,NULL,NULL,NULL,NULL,NULL,1,NULL,NULL),
	 ('2024-05-09','415000012','415','09:00:00.5603','16:00:00.5603',NULL,false,NULL,NULL,false,NULL,NULL,NULL,NULL,NULL,NULL,NULL,NULL,NULL,NULL,NULL,NULL,NULL,NULL,NULL,NULL,NULL,NULL,NULL,true,NULL,NULL,'415231103',NULL,NULL,NULL,NULL,NULL,NULL,NULL,NULL,NULL,NULL,NULL,NULL,NULL,NULL,NULL,1,NULL,NULL),
	 ('2024-05-09','415000013','415','09:00:00.5603','16:00:00.5603',NULL,false,NULL,NULL,false,NULL,NULL,NULL,NULL,NULL,NULL,NULL,NULL,NULL,NULL,NULL,NULL,NULL,NULL,NULL,NULL,NULL,NULL,NULL,true,NULL,NULL,'415231103',NULL,NULL,NULL,NULL,NULL,NULL,NULL,NULL,NULL,NULL,NULL,NULL,NULL,NULL,NULL,1,NULL,NULL),
	 ('2024-04-26','415000020','415','09:00:00.5603','16:00:00.5603',NULL,false,NULL,NULL,false,NULL,NULL,NULL,NULL,NULL,NULL,NULL,NULL,NULL,NULL,NULL,NULL,NULL,NULL,NULL,NULL,NULL,NULL,NULL,true,NULL,NULL,'415231105',NULL,NULL,NULL,NULL,NULL,NULL,NULL,NULL,NULL,NULL,NULL,NULL,NULL,NULL,NULL,1,NULL,NULL),
	 ('2024-04-26','415000021','415','09:00:00.5603','16:00:00.5603',NULL,false,NULL,NULL,false,NULL,NULL,NULL,NULL,NULL,NULL,NULL,NULL,NULL,NULL,NULL,NULL,NULL,NULL,NULL,NULL,NULL,NULL,NULL,true,NULL,NULL,'415231105',NULL,NULL,NULL,NULL,NULL,NULL,NULL,NULL,NULL,NULL,NULL,NULL,NULL,NULL,NULL,1,NULL,NULL),
	 ('2024-05-10','415000001','415','09:00:00.5603',NULL,NULL,false,NULL,NULL,false,NULL,NULL,NULL,NULL,NULL,NULL,NULL,NULL,NULL,NULL,NULL,NULL,NULL,NULL,NULL,NULL,NULL,NULL,NULL,true,NULL,NULL,'415231101',NULL,NULL,NULL,NULL,NULL,NULL,NULL,NULL,NULL,NULL,NULL,NULL,NULL,NULL,NULL,1,NULL,NULL),
	 ('2024-05-10','415000002','415','09:00:00.5603',NULL,NULL,false,NULL,NULL,false,NULL,NULL,NULL,NULL,NULL,NULL,NULL,NULL,NULL,NULL,NULL,NULL,NULL,NULL,NULL,NULL,NULL,NULL,NULL,true,NULL,NULL,'415231101',NULL,NULL,NULL,NULL,NULL,NULL,NULL,NULL,NULL,NULL,NULL,NULL,NULL,NULL,NULL,1,NULL,NULL),
	 ('2024-05-10','415000003','415','09:00:00.5603',NULL,NULL,false,NULL,NULL,false,NULL,NULL,NULL,NULL,NULL,NULL,NULL,NULL,NULL,NULL,NULL,NULL,NULL,NULL,NULL,NULL,NULL,NULL,NULL,true,NULL,NULL,'415231101',NULL,NULL,NULL,NULL,NULL,NULL,NULL,NULL,NULL,NULL,NULL,NULL,NULL,NULL,NULL,1,NULL,NULL),
	 ('2024-05-10','415000004','415','09:00:00.5603',NULL,NULL,false,NULL,NULL,false,NULL,NULL,NULL,NULL,NULL,NULL,NULL,NULL,NULL,NULL,NULL,NULL,NULL,NULL,NULL,NULL,NULL,NULL,NULL,true,NULL,NULL,'415231102',NULL,NULL,NULL,NULL,NULL,NULL,NULL,NULL,NULL,NULL,NULL,NULL,NULL,NULL,NULL,1,NULL,NULL),
	 ('2024-05-10','415000005','415','09:00:00.5603',NULL,NULL,false,NULL,NULL,false,NULL,NULL,NULL,NULL,NULL,NULL,NULL,NULL,NULL,NULL,NULL,NULL,NULL,NULL,NULL,NULL,NULL,NULL,NULL,true,NULL,NULL,'415231102',NULL,NULL,NULL,NULL,NULL,NULL,NULL,NULL,NULL,NULL,NULL,NULL,NULL,NULL,NULL,1,NULL,NULL),
	 ('2024-05-10','415000006','415','09:00:00.5603','16:00:00.5603',NULL,false,NULL,NULL,false,NULL,NULL,NULL,NULL,NULL,NULL,NULL,NULL,NULL,NULL,NULL,NULL,NULL,NULL,NULL,NULL,NULL,NULL,NULL,true,NULL,NULL,'415231102',NULL,NULL,NULL,NULL,NULL,NULL,NULL,NULL,NULL,NULL,NULL,NULL,NULL,NULL,NULL,1,NULL,NULL),
	 ('2024-05-10','415000007','415','09:00:00.5603','16:00:00.5603',NULL,false,NULL,NULL,false,NULL,NULL,NULL,NULL,NULL,NULL,NULL,NULL,NULL,NULL,NULL,NULL,NULL,NULL,NULL,NULL,NULL,NULL,NULL,true,NULL,NULL,'415231102',NULL,NULL,NULL,NULL,NULL,NULL,NULL,NULL,NULL,NULL,NULL,NULL,NULL,NULL,NULL,1,NULL,NULL),
	 ('2024-05-10','415000008','415','09:00:00.5603','16:00:00.5603',NULL,false,NULL,NULL,false,NULL,NULL,NULL,NULL,NULL,NULL,NULL,NULL,NULL,NULL,NULL,NULL,NULL,NULL,NULL,NULL,NULL,NULL,NULL,true,NULL,NULL,'415231102',NULL,NULL,NULL,NULL,NULL,NULL,NULL,NULL,NULL,NULL,NULL,NULL,NULL,NULL,NULL,1,NULL,NULL),
	 ('2024-05-10','415000009','415','09:00:00.5603','16:00:00.5603',NULL,false,NULL,NULL,false,NULL,NULL,NULL,NULL,NULL,NULL,NULL,NULL,NULL,NULL,NULL,NULL,NULL,NULL,NULL,NULL,NULL,NULL,NULL,true,NULL,NULL,'415231103',NULL,NULL,NULL,NULL,NULL,NULL,NULL,NULL,NULL,NULL,NULL,NULL,NULL,NULL,NULL,1,NULL,NULL),
	 ('2024-05-10','415000010','415','09:00:00.5603','16:00:00.5603',NULL,false,NULL,NULL,false,NULL,NULL,NULL,NULL,NULL,NULL,NULL,NULL,NULL,NULL,NULL,NULL,NULL,NULL,NULL,NULL,NULL,NULL,NULL,true,NULL,NULL,'415231103',NULL,NULL,NULL,NULL,NULL,NULL,NULL,NULL,NULL,NULL,NULL,NULL,NULL,NULL,NULL,1,NULL,NULL),
	 ('2024-05-10','415000011','415','09:00:00.5603','16:00:00.5603',NULL,false,NULL,NULL,false,NULL,NULL,NULL,NULL,NULL,NULL,NULL,NULL,NULL,NULL,NULL,NULL,NULL,NULL,NULL,NULL,NULL,NULL,NULL,true,NULL,NULL,'415231103',NULL,NULL,NULL,NULL,NULL,NULL,NULL,NULL,NULL,NULL,NULL,NULL,NULL,NULL,NULL,1,NULL,NULL),
	 ('2024-05-10','415000012','415','09:00:00.5603','16:00:00.5603',NULL,false,NULL,NULL,false,NULL,NULL,NULL,NULL,NULL,NULL,NULL,NULL,NULL,NULL,NULL,NULL,NULL,NULL,NULL,NULL,NULL,NULL,NULL,true,NULL,NULL,'415231103',NULL,NULL,NULL,NULL,NULL,NULL,NULL,NULL,NULL,NULL,NULL,NULL,NULL,NULL,NULL,1,NULL,NULL),
	 ('2024-05-10','415000013','415','09:00:00.5603','16:00:00.5603',NULL,false,NULL,NULL,false,NULL,NULL,NULL,NULL,NULL,NULL,NULL,NULL,NULL,NULL,NULL,NULL,NULL,NULL,NULL,NULL,NULL,NULL,NULL,true,NULL,NULL,'415231103',NULL,NULL,NULL,NULL,NULL,NULL,NULL,NULL,NULL,NULL,NULL,NULL,NULL,NULL,NULL,1,NULL,NULL),
	 ('2024-05-11','415000001','415','09:00:00.5603',NULL,NULL,false,NULL,NULL,false,NULL,NULL,NULL,NULL,NULL,NULL,NULL,NULL,NULL,NULL,NULL,NULL,NULL,NULL,NULL,NULL,NULL,NULL,NULL,true,NULL,NULL,'415231101',NULL,NULL,NULL,NULL,NULL,NULL,NULL,NULL,NULL,NULL,NULL,NULL,NULL,NULL,NULL,1,NULL,NULL),
	 ('2024-05-11','415000002','415','09:00:00.5603',NULL,NULL,false,NULL,NULL,false,NULL,NULL,NULL,NULL,NULL,NULL,NULL,NULL,NULL,NULL,NULL,NULL,NULL,NULL,NULL,NULL,NULL,NULL,NULL,true,NULL,NULL,'415231101',NULL,NULL,NULL,NULL,NULL,NULL,NULL,NULL,NULL,NULL,NULL,NULL,NULL,NULL,NULL,1,NULL,NULL),
	 ('2024-05-11','415000003','415','09:00:00.5603',NULL,NULL,false,NULL,NULL,false,NULL,NULL,NULL,NULL,NULL,NULL,NULL,NULL,NULL,NULL,NULL,NULL,NULL,NULL,NULL,NULL,NULL,NULL,NULL,true,NULL,NULL,'415231101',NULL,NULL,NULL,NULL,NULL,NULL,NULL,NULL,NULL,NULL,NULL,NULL,NULL,NULL,NULL,1,NULL,NULL),
	 ('2024-05-11','415000004','415','09:00:00.5603',NULL,NULL,false,NULL,NULL,false,NULL,NULL,NULL,NULL,NULL,NULL,NULL,NULL,NULL,NULL,NULL,NULL,NULL,NULL,NULL,NULL,NULL,NULL,NULL,true,NULL,NULL,'415231102',NULL,NULL,NULL,NULL,NULL,NULL,NULL,NULL,NULL,NULL,NULL,NULL,NULL,NULL,NULL,1,NULL,NULL),
	 ('2024-05-11','415000005','415','09:00:00.5603',NULL,NULL,false,NULL,NULL,false,NULL,NULL,NULL,NULL,NULL,NULL,NULL,NULL,NULL,NULL,NULL,NULL,NULL,NULL,NULL,NULL,NULL,NULL,NULL,true,NULL,NULL,'415231102',NULL,NULL,NULL,NULL,NULL,NULL,NULL,NULL,NULL,NULL,NULL,NULL,NULL,NULL,NULL,1,NULL,NULL),
	 ('2024-05-11','415000006','415','09:00:00.5603','16:00:00.5603',NULL,false,NULL,NULL,false,NULL,NULL,NULL,NULL,NULL,NULL,NULL,NULL,NULL,NULL,NULL,NULL,NULL,NULL,NULL,NULL,NULL,NULL,NULL,true,NULL,NULL,'415231102',NULL,NULL,NULL,NULL,NULL,NULL,NULL,NULL,NULL,NULL,NULL,NULL,NULL,NULL,NULL,1,NULL,NULL),
	 ('2024-05-11','415000007','415','09:00:00.5603','16:00:00.5603',NULL,false,NULL,NULL,false,NULL,NULL,NULL,NULL,NULL,NULL,NULL,NULL,NULL,NULL,NULL,NULL,NULL,NULL,NULL,NULL,NULL,NULL,NULL,true,NULL,NULL,'415231102',NULL,NULL,NULL,NULL,NULL,NULL,NULL,NULL,NULL,NULL,NULL,NULL,NULL,NULL,NULL,1,NULL,NULL),
	 ('2024-05-11','415000008','415','09:00:00.5603','16:00:00.5603',NULL,false,NULL,NULL,false,NULL,NULL,NULL,NULL,NULL,NULL,NULL,NULL,NULL,NULL,NULL,NULL,NULL,NULL,NULL,NULL,NULL,NULL,NULL,true,NULL,NULL,'415231102',NULL,NULL,NULL,NULL,NULL,NULL,NULL,NULL,NULL,NULL,NULL,NULL,NULL,NULL,NULL,1,NULL,NULL),
	 ('2024-05-11','415000009','415','09:00:00.5603','16:00:00.5603',NULL,false,NULL,NULL,false,NULL,NULL,NULL,NULL,NULL,NULL,NULL,NULL,NULL,NULL,NULL,NULL,NULL,NULL,NULL,NULL,NULL,NULL,NULL,true,NULL,NULL,'415231103',NULL,NULL,NULL,NULL,NULL,NULL,NULL,NULL,NULL,NULL,NULL,NULL,NULL,NULL,NULL,1,NULL,NULL),
	 ('2024-05-11','415000010','415','09:00:00.5603','16:00:00.5603',NULL,false,NULL,NULL,false,NULL,NULL,NULL,NULL,NULL,NULL,NULL,NULL,NULL,NULL,NULL,NULL,NULL,NULL,NULL,NULL,NULL,NULL,NULL,true,NULL,NULL,'415231103',NULL,NULL,NULL,NULL,NULL,NULL,NULL,NULL,NULL,NULL,NULL,NULL,NULL,NULL,NULL,1,NULL,NULL),
	 ('2024-05-11','415000011','415','09:00:00.5603','16:00:00.5603',NULL,false,NULL,NULL,false,NULL,NULL,NULL,NULL,NULL,NULL,NULL,NULL,NULL,NULL,NULL,NULL,NULL,NULL,NULL,NULL,NULL,NULL,NULL,true,NULL,NULL,'415231103',NULL,NULL,NULL,NULL,NULL,NULL,NULL,NULL,NULL,NULL,NULL,NULL,NULL,NULL,NULL,1,NULL,NULL),
	 ('2024-05-11','415000012','415','09:00:00.5603','16:00:00.5603',NULL,false,NULL,NULL,false,NULL,NULL,NULL,NULL,NULL,NULL,NULL,NULL,NULL,NULL,NULL,NULL,NULL,NULL,NULL,NULL,NULL,NULL,NULL,true,NULL,NULL,'415231103',NULL,NULL,NULL,NULL,NULL,NULL,NULL,NULL,NULL,NULL,NULL,NULL,NULL,NULL,NULL,1,NULL,NULL),
	 ('2024-05-11','415000013','415','09:00:00.5603','16:00:00.5603',NULL,false,NULL,NULL,false,NULL,NULL,NULL,NULL,NULL,NULL,NULL,NULL,NULL,NULL,NULL,NULL,NULL,NULL,NULL,NULL,NULL,NULL,NULL,true,NULL,NULL,'415231103',NULL,NULL,NULL,NULL,NULL,NULL,NULL,NULL,NULL,NULL,NULL,NULL,NULL,NULL,NULL,1,NULL,NULL),
	 ('2024-04-27','415000020','415','09:00:00.5603','16:00:00.5603',NULL,false,NULL,NULL,false,NULL,NULL,NULL,NULL,NULL,NULL,NULL,NULL,NULL,NULL,NULL,NULL,NULL,NULL,NULL,NULL,NULL,NULL,NULL,true,NULL,NULL,'415231105',NULL,NULL,NULL,NULL,NULL,NULL,NULL,NULL,NULL,NULL,NULL,NULL,NULL,NULL,NULL,1,NULL,NULL),
	 ('2024-04-27','415000021','415','09:00:00.5603','16:00:00.5603',NULL,false,NULL,NULL,false,NULL,NULL,NULL,NULL,NULL,NULL,NULL,NULL,NULL,NULL,NULL,NULL,NULL,NULL,NULL,NULL,NULL,NULL,NULL,true,NULL,NULL,'415231105',NULL,NULL,NULL,NULL,NULL,NULL,NULL,NULL,NULL,NULL,NULL,NULL,NULL,NULL,NULL,1,NULL,NULL),
	 ('2024-04-28','415000020','415','09:00:00.5603','16:00:00.5603',NULL,false,NULL,NULL,false,NULL,NULL,NULL,NULL,NULL,NULL,NULL,NULL,NULL,NULL,NULL,NULL,NULL,NULL,NULL,NULL,NULL,NULL,NULL,true,NULL,NULL,'415231105',NULL,NULL,NULL,NULL,NULL,NULL,NULL,NULL,NULL,NULL,NULL,NULL,NULL,NULL,NULL,1,NULL,NULL),
	 ('2024-04-28','415000021','415','09:00:00.5603','16:00:00.5603',NULL,false,NULL,NULL,false,NULL,NULL,NULL,NULL,NULL,NULL,NULL,NULL,NULL,NULL,NULL,NULL,NULL,NULL,NULL,NULL,NULL,NULL,NULL,true,NULL,NULL,'415231105',NULL,NULL,NULL,NULL,NULL,NULL,NULL,NULL,NULL,NULL,NULL,NULL,NULL,NULL,NULL,1,NULL,NULL),
	 ('2024-04-29','415000020','415','09:00:00.5603','16:00:00.5603',NULL,false,NULL,NULL,false,NULL,NULL,NULL,NULL,NULL,NULL,NULL,NULL,NULL,NULL,NULL,NULL,NULL,NULL,NULL,NULL,NULL,NULL,NULL,true,NULL,NULL,'415231105',NULL,NULL,NULL,NULL,NULL,NULL,NULL,NULL,NULL,NULL,NULL,NULL,NULL,NULL,NULL,1,NULL,NULL),
	 ('2024-04-29','415000021','415','09:00:00.5603','16:00:00.5603',NULL,false,NULL,NULL,false,NULL,NULL,NULL,NULL,NULL,NULL,NULL,NULL,NULL,NULL,NULL,NULL,NULL,NULL,NULL,NULL,NULL,NULL,NULL,true,NULL,NULL,'415231105',NULL,NULL,NULL,NULL,NULL,NULL,NULL,NULL,NULL,NULL,NULL,NULL,NULL,NULL,NULL,1,NULL,NULL),
	 ('2024-05-12','415000014','415','09:00:00.5603','16:00:00.5603',NULL,false,NULL,NULL,false,NULL,NULL,NULL,NULL,NULL,NULL,NULL,NULL,NULL,NULL,NULL,NULL,NULL,NULL,NULL,NULL,NULL,NULL,NULL,true,NULL,NULL,'415231104',NULL,NULL,NULL,NULL,NULL,NULL,NULL,NULL,NULL,NULL,NULL,NULL,NULL,NULL,NULL,1,NULL,NULL),
	 ('2024-05-12','415000015','415','09:00:00.5603','16:00:00.5603',NULL,false,NULL,NULL,false,NULL,NULL,NULL,NULL,NULL,NULL,NULL,NULL,NULL,NULL,NULL,NULL,NULL,NULL,NULL,NULL,NULL,NULL,NULL,true,NULL,NULL,'415231104',NULL,NULL,NULL,NULL,NULL,NULL,NULL,NULL,NULL,NULL,NULL,NULL,NULL,NULL,NULL,1,NULL,NULL),
	 ('2024-05-12','415000016','415','09:00:00.5603','16:00:00.5603',NULL,false,NULL,NULL,false,NULL,NULL,NULL,NULL,NULL,NULL,NULL,NULL,NULL,NULL,NULL,NULL,NULL,NULL,NULL,NULL,NULL,NULL,NULL,true,NULL,NULL,'415231104',NULL,NULL,NULL,NULL,NULL,NULL,NULL,NULL,NULL,NULL,NULL,NULL,NULL,NULL,NULL,1,NULL,NULL),
	 ('2024-05-12','415000017','415','09:00:00.5603','16:00:00.5603',NULL,false,NULL,NULL,false,NULL,NULL,NULL,NULL,NULL,NULL,NULL,NULL,NULL,NULL,NULL,NULL,NULL,NULL,NULL,NULL,NULL,NULL,NULL,true,NULL,NULL,'415231104',NULL,NULL,NULL,NULL,NULL,NULL,NULL,NULL,NULL,NULL,NULL,NULL,NULL,NULL,NULL,1,NULL,NULL),
	 ('2024-04-18','415000022','415','09:00:00.5603','16:00:00.5603',NULL,false,NULL,NULL,false,NULL,NULL,NULL,NULL,NULL,NULL,NULL,NULL,NULL,NULL,NULL,NULL,NULL,NULL,NULL,NULL,NULL,NULL,NULL,true,NULL,NULL,'415231102',NULL,NULL,NULL,NULL,NULL,NULL,NULL,NULL,NULL,NULL,NULL,NULL,NULL,NULL,NULL,1,NULL,NULL),
	 ('2024-04-18','415000023','415','09:00:00.5603','16:00:00.5603',NULL,false,NULL,NULL,false,NULL,NULL,NULL,NULL,NULL,NULL,NULL,NULL,NULL,NULL,NULL,NULL,NULL,NULL,NULL,NULL,NULL,NULL,NULL,true,NULL,NULL,'415231102',NULL,NULL,NULL,NULL,NULL,NULL,NULL,NULL,NULL,NULL,NULL,NULL,NULL,NULL,NULL,1,NULL,NULL),
	 ('2024-04-19','415000022','415',NULL,NULL,NULL,false,true,NULL,false,NULL,NULL,NULL,NULL,NULL,NULL,NULL,NULL,NULL,NULL,NULL,NULL,NULL,NULL,NULL,NULL,NULL,NULL,NULL,true,NULL,NULL,'415231102',NULL,NULL,NULL,NULL,NULL,NULL,NULL,NULL,NULL,NULL,NULL,NULL,NULL,NULL,NULL,1,NULL,NULL),
	 ('2024-04-19','415000023','415',NULL,NULL,NULL,false,true,NULL,false,NULL,NULL,NULL,NULL,NULL,NULL,NULL,NULL,NULL,NULL,NULL,NULL,NULL,NULL,NULL,NULL,NULL,NULL,NULL,true,NULL,NULL,'415231102',NULL,NULL,NULL,NULL,NULL,NULL,NULL,NULL,NULL,NULL,NULL,NULL,NULL,NULL,NULL,1,NULL,NULL),
	 ('2024-04-22','415000022','415','09:00:00.5603','16:00:00.5603',NULL,false,NULL,NULL,false,NULL,NULL,NULL,NULL,NULL,NULL,NULL,NULL,NULL,NULL,NULL,NULL,NULL,NULL,NULL,NULL,NULL,NULL,NULL,true,NULL,NULL,'415231102',NULL,NULL,NULL,NULL,NULL,NULL,NULL,NULL,NULL,NULL,NULL,NULL,NULL,NULL,NULL,1,NULL,NULL),
	 ('2024-04-22','415000023','415','09:00:00.5603','16:00:00.5603',NULL,false,NULL,NULL,false,NULL,NULL,NULL,NULL,NULL,NULL,NULL,NULL,NULL,NULL,NULL,NULL,NULL,NULL,NULL,NULL,NULL,NULL,NULL,true,NULL,NULL,'415231102',NULL,NULL,NULL,NULL,NULL,NULL,NULL,NULL,NULL,NULL,NULL,NULL,NULL,NULL,NULL,1,NULL,NULL);


insert into juror_mod.judge (owner, code, description) values
('415', '0001', 'judge dredd'),
('415', '0002', 'judge jose');

insert into juror_mod.courtroom (loc_code, room_number, description) values
('415', '1', 'big room'),
('415', '2', 'small room');

INSERT INTO juror_mod.trial (trial_number,loc_code,description,courtroom,judge,trial_type,trial_start_date,trial_end_date,anonymous,juror_requested,jurors_sent) VALUES
	 ('T10000000','415','test trial',1,1,'CIV','2024-05-08',NULL,false,NULL,NULL),
	 ('T10000001','415','test trial',2,2,'CIV','2024-04-25',NULL,false,NULL,NULL);

INSERT INTO juror_mod.juror_trial (loc_code,juror_number,trial_number,rand_number,date_selected,"result",completed,empanelled_date,return_date) VALUES
	 ('415','415000001','T10000000',10,'2024-05-08 00:00:00','J',true,'2024-05-08',NULL),
	 ('415','415000002','T10000000',5,'2024-05-08 00:00:00','J',true,'2024-05-08',NULL),
	 ('415','415000003','T10000000',11,'2024-05-08 00:00:00','J',true,'2024-05-08',NULL),
	 ('415','415000004','T10000000',1,'2024-05-08 00:00:00','J',true,'2024-05-08',NULL),
	 ('415','415000005','T10000000',3,'2024-05-08 00:00:00','J',true,'2024-05-08',NULL),
	 ('415','415000006','T10000000',4,'2024-05-08 00:00:00','J',true,'2024-05-08',NULL),
	 ('415','415000007','T10000000',7,'2024-05-08 00:00:00','J',true,'2024-05-08',NULL),
	 ('415','415000008','T10000000',8,'2024-05-08 00:00:00','J',true,'2024-05-08',NULL),
	 ('415','415000009','T10000000',13,'2024-05-08 00:00:00','J',true,'2024-05-08',NULL),
	 ('415','415000010','T10000000',12,'2024-05-08 00:00:00','J',true,'2024-05-08',NULL),
	 ('415','415000012','T10000000',2,'2024-05-08 00:00:00','J',true,'2024-05-08',NULL),
	 ('415','415000013','T10000000',9,'2024-05-08 00:00:00','J',true,'2024-05-08',NULL),
	 ('415','415000001','T10000001',10,'2024-05-08 00:00:00','J',true,'2024-05-08',NULL),
     ('415','415000002','T10000001',5,'2024-05-08 00:00:00','J',true,'2024-05-08',NULL),
     ('415','415000003','T10000001',11,'2024-05-08 00:00:00','J',true,'2024-05-08',NULL),
     ('415','415000004','T10000001',1,'2024-05-08 00:00:00','J',true,'2024-05-08',NULL),
     ('415','415000005','T10000001',3,'2024-05-08 00:00:00','J',true,'2024-05-08',NULL),
     ('415','415000006','T10000001',4,'2024-05-08 00:00:00','J',true,'2024-05-08',NULL),
     ('415','415000007','T10000001',7,'2024-05-08 00:00:00','J',true,'2024-05-08',NULL),
     ('415','415000008','T10000001',8,'2024-05-08 00:00:00','J',true,'2024-05-08',NULL),
     ('415','415000009','T10000001',13,'2024-05-08 00:00:00','J',true,'2024-05-08',NULL),
     ('415','415000010','T10000001',12,'2024-05-08 00:00:00','J',true,'2024-05-08',NULL),
     ('415','415000012','T10000001',2,'2024-05-08 00:00:00','J',true,'2024-05-08',NULL),
     ('415','415000013','T10000001',9,'2024-05-08 00:00:00','J',true,'2024-05-08',NULL),
	 ('415','415000014','T10000001',9,'2024-04-25 00:00:00','J',true,'2024-04-25','2024-05-12'),
	 ('415','415000015','T10000001',9,'2024-04-25 00:00:00','J',true,'2024-04-25','2024-05-12'),
	 ('415','415000016','T10000001',9,'2024-04-25 00:00:00','J',true,'2024-04-25','2024-05-12'),
	 ('415','415000017','T10000001',9,'2024-04-25 00:00:00','J',true,'2024-04-25','2024-05-12');

delete from juror_mod.holiday;

INSERT INTO juror_mod.holiday (loc_code,holiday,description,public) VALUES
 (NULL,'2024-05-06','May BH',true),
 ('415','2024-04-26','TEST',false),
 ('415','2024-09-20','TEST',false),
 (NULL,'2024-04-01','PUBLIC HOLIDAY',true);

