INSERT INTO juror_mod.rev_info (revision_number, revision_timestamp, changed_by)
VALUES (7344729, 1716296213630, 'COURT.469'),
       (7344730, 1716210458620, 'COURT.469'),
       (7344731, 1716210556638, 'COURT.469'),
       (7344732, 1716124156695, 'COURT.469.2'),
       (7344733, 1716124171692, 'COURT.469'),
       (7344734, 1716037778457, 'COURT.469'),
       (7344735, 1716037785443, 'COURT.469'),
       (7344736, 1716394792587, 'COURT.469'),
       (7344737, 1716394802677, 'COURT.469'),
       (7344738, 1716138098740, 'COURT.469'),
       (7344739, 1716138112114, 'COURT.469'),
       (7344740, 1716138672886, 'COURT.469'),
       (7344741, 1716139255370, 'COURT.469'),
       (7344742, 1716225683502, 'COURT.469'),
       (7344743, 1716225704762, 'COURT.469'),
       (7344744, 1716571310787, 'COURT.469');

INSERT INTO juror_mod.users (username, "name", active, last_logged_in, team_id, approval_limit,
                             user_type, email, created_by, updated_by)
VALUES ('COURT.469', 'COURT 469', true, NULL, NULL, 100000.00, 'COURT', 'COURT.469@justice.gov.uk', NULL,
        NULL),
       ('COURT.469.2', 'COURT 469 2', true, NULL, NULL, 100000.00, 'COURT', 'COURT.469.2@justice.gov.uk', NULL,
        NULL);

INSERT INTO juror_mod.pool (pool_no, "owner", return_date, no_requested, pool_type, loc_code, new_request, last_update,
                            additional_summons, attend_time, nil_pool, total_no_required, date_created)
VALUES ('469240419', '469', '2024-04-22', 60, 'CRO', '469', 'N', '2024-05-03 19:39:26.000', NULL,
        '2024-04-22 08:30:00.000', false, 60, '2024-05-03 19:39:24.527'),
       ('469240409', '469', '2024-04-15', 60, 'CRO', '469', 'N', '2024-05-03 10:06:17.000', NULL,
        '2024-04-15 08:30:00.000', false, 60, '2024-05-03 10:06:15.591');

INSERT INTO juror_mod.juror (juror_number, poll_number, title, last_name, first_name, dob, address_line_1,
                             address_line_2, address_line_3, address_line_4, address_line_5, postcode, h_phone, w_phone,
                             w_ph_local, responded, date_excused, excusal_code, acc_exc, date_disq, disq_code,
                             user_edtq, notes, no_def_pos, perm_disqual, reasonable_adj_code, reasonable_adj_msg,
                             smart_card_number, completion_date, sort_code, bank_acct_name, bank_acct_no,
                             bldg_soc_roll_no, welsh, police_check, last_update, summons_file, m_phone, h_email,
                             contact_preference, notifications, date_created, optic_reference, pending_title,
                             pending_first_name, pending_last_name, mileage, financial_loss, travel_time,
                             bureau_transfer_date, claiming_subsistence_allowance, service_comp_comms_status,
                             login_attempts, is_locked)
VALUES ('200160029', NULL, 'Ms', 'Adeniran', 'Norma3', '1996-08-26 00:00:00.000', ' AIRLL Nook 3', 'Box Number 74',
        'Swansea', 'Special post town 2', '', 'BD2 7BN', '011111111111', NULL, NULL, true, NULL, NULL, NULL, NULL, NULL,
        'COURT.469', NULL, NULL, NULL, NULL, NULL, NULL, NULL, '123456', 'Test Name 2', '12345678', NULL, NULL,
        'ELIGIBLE', '2024-05-19 17:20:03.000', NULL, NULL, 'Norma.Adeniran@email.coam', NULL, 0,
        '2024-05-03 19:39:25.130', NULL, NULL, NULL, NULL, NULL, NULL, NULL, NULL, false, NULL, 0, false),
       ('200169805', NULL, 'Miss', 'Deane', 'Tyson', '1955-03-10 00:00:00.000', '75 HSDC Gardens', 'Room Number 15',
        'Portsmouth 123 3', 'Redcar and Cleveland1', '', 'BD4 9BU', NULL, NULL, NULL, true, NULL, NULL, NULL, NULL,
        NULL, NULL, NULL, NULL, NULL, NULL, NULL, NULL, NULL, NULL, NULL, NULL, NULL, NULL, 'ELIGIBLE',
        '2024-05-19 18:11:13.000', NULL, NULL, '', NULL, 0, '2024-05-03 19:39:24.913', NULL, NULL, NULL, NULL, NULL,
        NULL, NULL, NULL, false, NULL, 0, false),
       ('200160267', NULL, 'Miss', 'Marfori', 'Joline', '1994-05-26 00:00:00.000', '109 IMY Shores',
        'Apartment Number 7', 'Edinburgh 2', 'North Yorkshire 4', '', 'BD2 5HB', NULL, NULL, NULL, true, NULL, NULL,
        NULL, NULL, NULL, NULL, NULL, NULL, NULL, NULL, NULL, NULL, NULL, '608407', 'Test Person', '30459873', NULL,
        NULL, 'ELIGIBLE', '2024-05-19 18:21:51.000', NULL, NULL, '', NULL, 0, '2024-05-03 10:06:16.343', NULL, NULL,
        NULL, NULL, NULL, NULL, NULL, NULL, false, NULL, 0, false);


INSERT INTO juror_mod.juror_pool (juror_number, pool_number, "owner", user_edtq, is_active, status, times_sel, def_date,
                                  "location", no_attendances, no_attended, no_fta, no_awol, pool_seq, edit_tag,
                                  next_date, on_call, smart_card, was_deferred, deferral_code, id_checked, postpone,
                                  paid_cash, scan_code, last_update, reminder_sent, transfer_date, date_created)
VALUES ('200160029', '469240419', '469', 'BURAU.USER2', true, 2, 1, NULL, '469 8', NULL, NULL, NULL, NULL, '0040', NULL,
        '2024-05-13', false, NULL, NULL, NULL, NULL, NULL, NULL, NULL, '2024-05-12 04:42:43.078', NULL, NULL,
        '2024-05-03 19:39:25.133'),
       ('200169805', '469240419', '469', 'BURAU.USER81', true, 2, 1, NULL, '469 8', NULL, NULL, NULL, NULL, '0023',
        NULL, '2024-05-13', false, NULL, NULL, NULL, NULL, NULL, NULL, NULL, '2024-05-12 12:52:19.631', NULL, NULL,
        '2024-05-03 19:39:24.915');

INSERT INTO juror_mod.juror_audit (revision, juror_number, rev_type, title, first_name, last_name, dob, address_line_1,
                                   address_line_2, address_line_3, address_line_4, address_line_5, address6, postcode,
                                   h_email, h_phone, m_phone, w_phone, w_ph_local, bank_acct_name, bank_acct_no,
                                   bldg_soc_roll_no, sort_code, pending_title, pending_first_name, pending_last_name,
                                   claiming_subsistence_allowance, smart_card_number)
VALUES (7344736, '200160029', 1, 'Ms', 'Norma3', 'Adeniran', '1996-08-26', ' AIRLL Nook 3', 'Box Number 74', 'Swansea',
        'Special post town 2', '', NULL, 'BD2 7BN', 'Norma.Adeniran@email.coam', '011111111111', NULL, NULL, NULL,
        'Test Name', '30459873', NULL, '608407', NULL, NULL, NULL, false, NULL),
       (7344737, '200160029', 1, 'Ms', 'Norma3', 'Adeniran', '1996-08-26', ' AIRLL Nook 3', 'Box Number 74', 'Swansea',
        'Special post town 2', '', NULL, 'BD2 7BN', 'Norma.Adeniran@email.coam', '011111111111', NULL, NULL, NULL,
        'Test Name 2', '12345678', NULL, '123456', NULL, NULL, NULL, false, NULL),
       (7344729, '200160029', 1, 'Ms', 'Norma', 'Adeniran', '1997-08-17', ' AIRLL Nook', 'Box Number 74', 'Swansea',
        'Special post town', '', NULL, 'BD2 9BN', 'Norma.Adeniran@email.coam', NULL, NULL, NULL, NULL, NULL, NULL, NULL,
        NULL, NULL, NULL, NULL, false, NULL),
       (7344730, '200160029', 1, 'Ms', 'Norma', 'Adeniran', '1997-08-26', ' AIRLL Nook', 'Box Number 74', 'Swansea',
        'Special post town', '', NULL, 'BD2 9BN', 'Norma.Adeniran@email.coam', '011111111111', NULL, NULL, NULL, NULL,
        NULL, NULL, NULL, NULL, NULL, NULL, false, NULL),
       (7344731, '200160029', 1, 'Ms', 'Norma2', 'Adeniran', '1997-08-26', ' AIRLL Nook', 'Box Number 74', 'Swansea',
        'Special post town', '', NULL, 'BD2 9BN', 'Norma.Adeniran@email.coam', '011111111111', NULL, NULL, NULL, NULL,
        NULL, NULL, NULL, NULL, NULL, NULL, false, NULL),
       (7344732, '200160029', 1, 'Ms', 'Norma2', 'Adeniran', '1997-08-26', ' AIRLL Nook', 'Box Number 74', 'Swansea',
        'Special post town 2', '', NULL, 'BD2 7BN', 'Norma.Adeniran@email.coam', '011111111111', NULL, NULL, NULL, NULL,
        NULL, NULL, NULL, NULL, NULL, NULL, false, NULL),
       (7344733, '200160029', 1, 'Ms', 'Norma2', 'Adeniran', '1997-08-26', ' AIRLL Nook 3', 'Box Number 74', 'Swansea',
        'Special post town 2', '', NULL, 'BD2 7BN', 'Norma.Adeniran@email.coam', '011111111111', NULL, NULL, NULL, NULL,
        NULL, NULL, NULL, NULL, NULL, NULL, false, NULL),
       (7344734, '200160029', 1, 'Ms', 'Norma3', 'Adeniran', '1997-08-26', ' AIRLL Nook 3', 'Box Number 74', 'Swansea',
        'Special post town 2', '', NULL, 'BD2 7BN', 'Norma.Adeniran@email.coam', '011111111111', NULL, NULL, NULL, NULL,
        NULL, NULL, NULL, NULL, NULL, NULL, false, NULL),
       (7344735, '200160029', 1, 'Ms', 'Norma3', 'Adeniran', '1996-08-26', ' AIRLL Nook 3', 'Box Number 74', 'Swansea',
        'Special post town 2', '', NULL, 'BD2 7BN', 'Norma.Adeniran@email.coam', '011111111111', NULL, NULL, NULL, NULL,
        NULL, NULL, NULL, NULL, NULL, NULL, false, NULL),
       (7344738, '200169805', 1, 'Miss', 'Tyson', 'Deane', '1954-03-10', '75 HSDC Gardens', 'Room Number 15',
        'Portsmouth 123', 'Redcar and Cleveland', '', NULL, 'BD3 9BU', '', NULL, NULL, NULL, NULL, NULL, NULL, NULL,
        NULL, NULL, NULL, NULL, false, NULL),
       (7344739, '200169805', 1, 'Miss', 'Tyson', 'Deane', '1954-03-10', '75 HSDC Gardens', 'Room Number 15',
        'Portsmouth 123', 'Redcar and Cleveland1', '', NULL, 'BD3 9BU', '', NULL, NULL, NULL, NULL, NULL, NULL, NULL,
        NULL, NULL, NULL, NULL, false, NULL),
       (7344740, '200169805', 1, 'Miss', 'Tyson', 'Deane', '1955-03-10', '75 HSDC Gardens', 'Room Number 15',
        'Portsmouth 123 3', 'Redcar and Cleveland1', '', NULL, 'BD4 9BU', '', NULL, NULL, NULL, NULL, NULL, NULL, NULL,
        NULL, NULL, NULL, NULL, false, NULL),
       (7344741, '200160267', 1, 'Miss', 'Joline', 'Marfori', '1994-05-26', '109 IMY Shores', 'Apartment Number 7',
        'Edinburgh', 'North Yorkshire', '', NULL, 'BD3 5HB', '', NULL, NULL, NULL, NULL, NULL, NULL, NULL, NULL, NULL,
        NULL, NULL, false, NULL),

       (7344742, '200160267', 1, 'Miss', 'Joline', 'Marfori', '1994-05-26', '109 IMY Shores', 'Apartment Number 7',
        'Edinburgh 2', 'North Yorkshire 3', '', NULL, 'BD2 5HB', '', NULL, NULL, NULL, NULL, NULL, NULL, NULL, NULL,
        NULL, NULL, NULL, false, NULL),
       (7344743, '200160267', 1, 'Miss', 'Joline', 'Marfori', '1994-05-26', '109 IMY Shores', 'Apartment Number 7',
        'Edinburgh 2', 'North Yorkshire 4', '', NULL, 'BD2 5HB', '', NULL, NULL, NULL, NULL, NULL, NULL, NULL, NULL,
        NULL, NULL, NULL, false, NULL),
       (7344744, '200160267', 1, 'Miss', 'Joline', 'Marfori', '1994-05-26', '109 IMY Shores', 'Apartment Number 7',
        'Edinburgh 2', 'North Yorkshire 4', '', NULL, 'BD2 5HB', '', NULL, NULL, NULL, NULL, 'Test Person', '30459873',
        NULL, '608407', NULL, NULL, NULL, false, NULL);
