

INSERT INTO juror_mod.pool (pool_no,"owner",return_date,no_requested,pool_type,loc_code,new_request,last_update,additional_summons,attend_time,nil_pool,total_no_required,date_created) VALUES
	 ('415240801','400','2024-08-05',15,'CRO','415','N','2024-06-03 12:00:23',NULL,'2024-08-05 09:00:00',false,15,'2024-06-03 12:00:10.932656'),
	 ('415240802','400','2024-08-05',2,'CRO','415','Y','2024-06-03 12:01:14',NULL,'2024-08-05 09:00:00',false,2,'2024-06-03 12:01:14.249361'),
	 ('415240803','400','2024-08-27',5,'CRO','415','N','2024-06-03 12:02:08',NULL,'2024-08-27 09:00:00',false,5,'2024-06-03 12:01:56.739064'),
	 ('415240804','400','2024-08-27',5,'CRO','415','N','2024-06-03 12:02:08',NULL,'2024-08-27 09:00:00',false,5,'2024-06-03 12:01:56.739064'),
	 ('416240801','416','2024-08-06',10,'CRO','416','T','2024-06-04 11:42:42',NULL,'2024-08-06 09:00:00',false,10,'2024-06-04 11:42:31.266804'),
	 ('755240801','400','2024-08-08',60,'CRO','755','Y','2024-06-06 12:01:46',NULL,'2024-08-08 09:30:00',false,60,'2024-06-06 12:01:45.526829'),
	 ('774240801','400','2024-08-08',5,'CIV','774','Y','2024-06-06 12:04:41',NULL,'2024-08-08 09:30:00',false,5,'2024-06-06 12:04:41.388927'),
	 ('774240802','400','2024-08-08',6,'CRO','774','N','2024-06-06 12:07:52',NULL,'2024-08-08 09:30:00',false,6,'2024-06-06 12:06:21.140107');


INSERT INTO juror_mod.juror (juror_number,poll_number,title,last_name,first_name,dob,address_line_1,address_line_2,address_line_3,address_line_4,address_line_5,postcode,h_phone,w_phone,w_ph_local,responded,date_excused,excusal_code,acc_exc,date_disq,disq_code,user_edtq,notes,no_def_pos,perm_disqual,reasonable_adj_code,reasonable_adj_msg,smart_card_number,completion_date,sort_code,bank_acct_name,bank_acct_no,bldg_soc_roll_no,welsh,police_check,last_update,summons_file,m_phone,h_email,contact_preference,notifications,date_created,optic_reference,pending_title,pending_first_name,pending_last_name,mileage,financial_loss,travel_time,bureau_transfer_date,claiming_subsistence_allowance,service_comp_comms_status,login_attempts,is_locked,police_check_last_update) VALUES
	 ('641500001','1',NULL,'LNAMEONE','FNAMEONE','1975-01-01 00:00:00','1 STREET NAME','ANYTOWN','','TOWN','','CH1 2AN',NULL,NULL,NULL,true,NULL,NULL,NULL,NULL,NULL,NULL,NULL,NULL,NULL,NULL,NULL,NULL,NULL,NULL,NULL,NULL,NULL,NULL,'NOT_CHECKED','2024-06-03 12:03:06',NULL,NULL,'',NULL,0,'2024-06-03 12:00:23.045195',NULL,NULL,NULL,NULL,NULL,NULL,NULL,NULL,false,NULL,0,false,NULL),
	 ('641500002','2',NULL,'LNAMETWO','FNAMETWO','1947-10-10 00:00:00','2 STREET NAME','ANYTOWN','','TOWN','','CH1 2AN',NULL,NULL,NULL,true,NULL,NULL,NULL,'2024-06-03 00:00:00','A',NULL,NULL,NULL,NULL,NULL,NULL,NULL,NULL,NULL,NULL,NULL,NULL,NULL,'NOT_CHECKED','2024-06-03 12:04:02',NULL,NULL,'',NULL,0,'2024-06-03 12:00:23.059847',NULL,NULL,NULL,NULL,NULL,NULL,NULL,NULL,false,NULL,0,false,NULL),
	 ('641500003','3',NULL,'LNAMETHREE','FNAMETHREE','1970-01-01 00:00:00','3 STREET NAME','ANYTOWN','','TOWN','','CH1 2AN',NULL,NULL,NULL,true,NULL,NULL,NULL,'2024-06-03 00:00:00','M','ADMINUSER',NULL,NULL,NULL,NULL,NULL,NULL,NULL,NULL,NULL,NULL,NULL,NULL,'NOT_CHECKED','2024-06-03 13:43:17',NULL,NULL,'',NULL,0,'2024-06-03 12:00:23.05596',NULL,NULL,NULL,NULL,NULL,NULL,NULL,NULL,false,NULL,0,false,NULL),
	 ('641500004','4',NULL,'LNAMEFOUR','FNAMEFOUR','1967-10-10 00:00:00','4 STREET NAME','ANYTOWN','','London','','CH1 2AN',NULL,NULL,NULL,true,'2024-06-03 00:00:00','N',NULL,NULL,NULL,'ADMINUSER',NULL,NULL,NULL,NULL,NULL,NULL,NULL,NULL,NULL,NULL,NULL,NULL,'NOT_CHECKED','2024-06-03 13:48:07',NULL,NULL,'',NULL,0,'2024-06-03 12:00:23.069122',NULL,NULL,NULL,NULL,NULL,NULL,NULL,NULL,false,NULL,0,false,NULL),
	 ('641500006','6',NULL,'LNAMESIX','FNAMESIX','1970-01-01 00:00:00','6 STREET NAME','ANYTOWN','','TOWN','','CH1 2AN',NULL,NULL,NULL,true,NULL,NULL,NULL,NULL,NULL,'ADMINUSER',NULL,1,NULL,NULL,NULL,NULL,NULL,NULL,NULL,NULL,NULL,NULL,'NOT_CHECKED','2024-06-03 15:06:27',NULL,NULL,'',NULL,0,'2024-06-03 12:00:23.07431',NULL,NULL,NULL,NULL,NULL,NULL,NULL,NULL,false,NULL,0,false,NULL),
	 ('641500007','7',NULL,'LNAMESEVEN','FNAMESEVEN','1968-10-10 00:00:00','7 STREET NAME','ANYTOWN','','TOWN','','CH1 2AN',NULL,NULL,NULL,true,NULL,NULL,NULL,NULL,NULL,'ADMINUSER',NULL,NULL,NULL,NULL,NULL,NULL,NULL,NULL,NULL,NULL,NULL,NULL,'NOT_CHECKED','2024-06-03 15:16:19',NULL,NULL,'',NULL,0,'2024-06-03 12:00:23.070759',NULL,NULL,NULL,NULL,NULL,NULL,NULL,NULL,false,NULL,0,false,NULL),
	 ('641500008','8',NULL,'LNAMEEIGHT','FNAMEEIGHT',NULL,'8 STREET NAME','ANYTOWN',NULL,NULL,NULL,'CH1 2AN',NULL,NULL,NULL,false,NULL,NULL,NULL,NULL,NULL,NULL,NULL,NULL,NULL,NULL,NULL,NULL,NULL,NULL,NULL,NULL,NULL,NULL,'NOT_CHECKED','2024-06-03 12:02:08',NULL,NULL,NULL,NULL,0,'2024-06-03 12:02:08.18554',NULL,NULL,NULL,NULL,NULL,NULL,NULL,NULL,false,NULL,0,false,NULL),
	 ('641500010','10',NULL,'LNAMEONEZERO','FNAMEONEZERO',NULL,'10 STREET NAME','ANYTOWN',NULL,NULL,NULL,'CH2 2AB',NULL,NULL,NULL,false,NULL,NULL,NULL,NULL,NULL,NULL,NULL,NULL,NULL,NULL,NULL,NULL,NULL,NULL,NULL,NULL,NULL,false,'NOT_CHECKED','2024-06-03 15:46:40',NULL,NULL,NULL,NULL,0,'2024-06-03 12:00:23.032006',NULL,NULL,NULL,NULL,NULL,NULL,NULL,NULL,false,NULL,0,false,NULL),
	 ('641500011','11',NULL,'LNAMEONEONE','FNAMEONEONE','1975-01-01 00:00:00','11 STREET NAME','ANYTOWN','','TOWN','','CH2 2AB',NULL,NULL,NULL,true,'2024-06-03 00:00:00','G','Y',NULL,NULL,'ADMINUSER',NULL,NULL,NULL,NULL,NULL,NULL,NULL,NULL,NULL,NULL,NULL,NULL,'NOT_CHECKED','2024-06-03 15:50:05',NULL,NULL,'',NULL,0,'2024-06-03 12:00:23.052516',NULL,NULL,NULL,NULL,NULL,NULL,NULL,NULL,false,NULL,0,false,NULL),
	 ('641500012','12',NULL,'LNAMEONETWO','FNAMEONETWO','1975-01-01 00:00:00','12 STREET NAME','ANYTOWN','','TOWN','','CH2 2AB',NULL,NULL,NULL,true,NULL,NULL,NULL,NULL,NULL,'ADMINUSER',NULL,3,NULL,NULL,NULL,NULL,NULL,NULL,NULL,NULL,NULL,NULL,'NOT_CHECKED','2024-06-03 15:57:46',NULL,NULL,'',NULL,0,'2024-06-03 12:00:23.04924',NULL,NULL,NULL,NULL,NULL,NULL,NULL,NULL,false,NULL,0,false,NULL);
INSERT INTO juror_mod.juror (juror_number,poll_number,title,last_name,first_name,dob,address_line_1,address_line_2,address_line_3,address_line_4,address_line_5,postcode,h_phone,w_phone,w_ph_local,responded,date_excused,excusal_code,acc_exc,date_disq,disq_code,user_edtq,notes,no_def_pos,perm_disqual,reasonable_adj_code,reasonable_adj_msg,smart_card_number,completion_date,sort_code,bank_acct_name,bank_acct_no,bldg_soc_roll_no,welsh,police_check,last_update,summons_file,m_phone,h_email,contact_preference,notifications,date_created,optic_reference,pending_title,pending_first_name,pending_last_name,mileage,financial_loss,travel_time,bureau_transfer_date,claiming_subsistence_allowance,service_comp_comms_status,login_attempts,is_locked,police_check_last_update) VALUES
	 ('641500013','13',NULL,'LNAMEONETHREE','FNAMEONETHREE',NULL,'13 STREET NAME','ANYTOWN',NULL,NULL,NULL,'CH2 2AB',NULL,NULL,NULL,false,NULL,NULL,NULL,NULL,NULL,NULL,NULL,NULL,NULL,NULL,NULL,NULL,NULL,NULL,NULL,NULL,NULL,NULL,'NOT_CHECKED','2024-06-03 12:00:23',NULL,NULL,NULL,NULL,0,'2024-06-03 12:00:23.063246',NULL,NULL,NULL,NULL,NULL,NULL,NULL,NULL,false,NULL,0,false,NULL),
	 ('641500016','16',NULL,'LNAMEONESIX','FNAMEONESIX',NULL,'16 STREET NAME','ANYTOWN',NULL,NULL,NULL,'CH1 2AN',NULL,NULL,NULL,false,NULL,NULL,NULL,NULL,NULL,NULL,NULL,NULL,NULL,NULL,NULL,NULL,NULL,NULL,NULL,NULL,NULL,NULL,'NOT_CHECKED','2024-06-03 12:00:23',NULL,NULL,NULL,NULL,0,'2024-06-03 12:00:23.06725',NULL,NULL,NULL,NULL,NULL,NULL,NULL,NULL,false,NULL,0,false,NULL),
	 ('641500017','17',NULL,'LNAMEONESEVEN','FNAMEONESEVEN',NULL,'17 STREET NAME','ANYTOWN',NULL,NULL,NULL,'CH3 2AR',NULL,NULL,NULL,false,NULL,NULL,NULL,NULL,NULL,NULL,NULL,NULL,NULL,NULL,NULL,NULL,NULL,NULL,NULL,NULL,NULL,NULL,'NOT_CHECKED','2024-06-03 12:00:23',NULL,NULL,NULL,NULL,0,'2024-06-03 12:00:23.0761',NULL,NULL,NULL,NULL,NULL,NULL,NULL,NULL,false,NULL,0,false,NULL),
	 ('641500018','18',NULL,'LNAMEONEEIGHT','FNAMEONEEIGHT',NULL,'18 STREET NAME','ANYTOWN',NULL,NULL,NULL,'CH3 2AR',NULL,NULL,NULL,true,'2024-06-04 00:00:00','J',NULL,NULL,NULL,'MODTESTBUREAU',NULL,NULL,NULL,NULL,NULL,NULL,NULL,NULL,NULL,NULL,NULL,NULL,'NOT_CHECKED','2024-06-04 11:16:27',NULL,NULL,NULL,NULL,0,'2024-06-03 12:00:23.072444',NULL,NULL,NULL,NULL,NULL,NULL,NULL,NULL,false,NULL,0,false,NULL),
	 ('641500019','19',NULL,'LNAMEONENINE','FNAMEONENINE',NULL,'19 STREET NAME','ANYTOWN',NULL,NULL,NULL,'CH3 2AR',NULL,NULL,NULL,false,NULL,NULL,NULL,NULL,NULL,NULL,NULL,NULL,NULL,NULL,NULL,NULL,NULL,NULL,NULL,NULL,NULL,NULL,'NOT_CHECKED','2024-06-03 12:00:23',NULL,NULL,NULL,NULL,0,'2024-06-03 12:00:23.078724',NULL,NULL,NULL,NULL,NULL,NULL,NULL,NULL,false,NULL,0,false,NULL),
	 ('641500021','21',NULL,'LNAMETWOONE','FNAMETWOONE',NULL,'21 STREET NAME','ANYTOWN',NULL,NULL,NULL,'CH1 2AN',NULL,NULL,NULL,true,'2024-06-04 00:00:00','D',NULL,NULL,NULL,'MODTESTBUREAU',NULL,NULL,NULL,NULL,NULL,NULL,NULL,NULL,NULL,NULL,NULL,NULL,'NOT_CHECKED','2024-06-04 11:17:15',NULL,NULL,NULL,NULL,0,'2024-06-03 12:00:23.036618',NULL,NULL,NULL,NULL,NULL,NULL,NULL,NULL,false,NULL,0,false,NULL),
	 ('641500023','23',NULL,'LNAMETWOTHREE','FNAMETWOTHREE','2006-04-17 00:00:00','23 STREET NAME','ANYTOWN',NULL,NULL,NULL,'CH1 2AN',NULL,NULL,NULL,false,NULL,NULL,NULL,NULL,NULL,NULL,NULL,NULL,NULL,NULL,NULL,NULL,NULL,NULL,NULL,NULL,NULL,NULL,'NOT_CHECKED','2024-06-03 12:00:23',NULL,NULL,NULL,NULL,0,'2024-06-03 12:00:23.040806',NULL,NULL,NULL,NULL,NULL,NULL,NULL,NULL,false,NULL,0,false,NULL),
	 ('641500201','21',NULL,'LNAMEONET','FNAMEONE','1967-10-10 00:00:00','1 STREET NAME','ANYTOWN','','London','','CH1 2AN',NULL,NULL,NULL,true,NULL,NULL,NULL,NULL,NULL,NULL,NULL,NULL,NULL,NULL,NULL,NULL,NULL,NULL,NULL,NULL,NULL,NULL,'INELIGIBLE','2024-06-04 11:29:40',NULL,NULL,'',NULL,0,'2024-06-03 15:33:11.30526',NULL,NULL,NULL,NULL,NULL,NULL,NULL,NULL,false,NULL,0,false,NULL),
	 ('641500202','22',NULL,'LNAMETWOT','FNAMETWO','1975-01-01 00:00:00','2 STREET NAME','ANYTOWN','','London','','CH1 2AN',NULL,NULL,NULL,true,NULL,NULL,'Z',NULL,NULL,'MODTESTBUREAU',NULL,1,NULL,NULL,NULL,NULL,NULL,NULL,NULL,NULL,NULL,NULL,'NOT_CHECKED','2024-06-04 11:34:46',NULL,NULL,'',NULL,0,'2024-06-03 15:33:11.313626',NULL,NULL,NULL,NULL,NULL,NULL,NULL,NULL,false,NULL,0,false,NULL),
	 ('641500203','23',NULL,'LNAMETHREET','FNAMETHREE',NULL,'3 STREET NAME','ANYTOWN',NULL,NULL,NULL,'CH1 2AN',NULL,NULL,NULL,false,NULL,NULL,NULL,NULL,NULL,NULL,NULL,NULL,NULL,NULL,NULL,NULL,NULL,NULL,NULL,NULL,NULL,NULL,'NOT_CHECKED','2024-06-03 15:33:11',NULL,NULL,NULL,NULL,0,'2024-06-03 15:33:11.31031',NULL,NULL,NULL,NULL,NULL,NULL,NULL,NULL,false,NULL,0,false,NULL);
INSERT INTO juror_mod.juror (juror_number,poll_number,title,last_name,first_name,dob,address_line_1,address_line_2,address_line_3,address_line_4,address_line_5,postcode,h_phone,w_phone,w_ph_local,responded,date_excused,excusal_code,acc_exc,date_disq,disq_code,user_edtq,notes,no_def_pos,perm_disqual,reasonable_adj_code,reasonable_adj_msg,smart_card_number,completion_date,sort_code,bank_acct_name,bank_acct_no,bldg_soc_roll_no,welsh,police_check,last_update,summons_file,m_phone,h_email,contact_preference,notifications,date_created,optic_reference,pending_title,pending_first_name,pending_last_name,mileage,financial_loss,travel_time,bureau_transfer_date,claiming_subsistence_allowance,service_comp_comms_status,login_attempts,is_locked,police_check_last_update) VALUES
	 ('641500204','24',NULL,'LNAMEFOURT','FNAMEFOUR',NULL,'4 STREET NAME','ANYTOWN',NULL,NULL,NULL,'CH1 2AN',NULL,NULL,NULL,false,NULL,NULL,NULL,'2024-06-03 00:00:00','A',NULL,NULL,NULL,NULL,NULL,NULL,NULL,NULL,NULL,NULL,NULL,NULL,NULL,'NOT_CHECKED','2024-06-03 15:33:11','disq. on selection','',NULL,NULL,0,'2024-06-03 15:33:11.316074',NULL,NULL,NULL,NULL,NULL,NULL,NULL,NULL,false,NULL,0,false,NULL),
	 ('641500210','210',NULL,'LNAMEONEZEROT','FNAMEONEZERO',NULL,'10 STREET NAME','ANYTOWN',NULL,NULL,NULL,'CH2 2AB',NULL,NULL,NULL,false,NULL,NULL,NULL,NULL,NULL,NULL,NULL,NULL,NULL,NULL,NULL,NULL,NULL,NULL,NULL,NULL,NULL,NULL,'NOT_CHECKED','2024-06-03 15:33:11',NULL,NULL,NULL,NULL,0,'2024-06-03 15:33:11.303836',NULL,NULL,NULL,NULL,NULL,NULL,NULL,NULL,false,NULL,0,false,NULL),
	 ('641500211','211',NULL,'LNAMEONEONET','FNAMEONEONE',NULL,'11 STREET NAME','ANYTOWN',NULL,NULL,NULL,'CH2 2AB',NULL,NULL,NULL,false,NULL,NULL,NULL,NULL,NULL,NULL,NULL,NULL,NULL,NULL,NULL,NULL,NULL,NULL,NULL,NULL,NULL,NULL,'NOT_CHECKED','2024-06-03 15:33:11',NULL,NULL,NULL,NULL,0,'2024-06-03 15:33:11.30902',NULL,NULL,NULL,NULL,NULL,NULL,NULL,NULL,false,NULL,0,false,NULL),
	 ('641500212','212',NULL,'LNAMEONETWOT','FNAMEONETWO',NULL,'12 STREET NAME','ANYTOWN',NULL,NULL,NULL,'CH2 2AB',NULL,NULL,NULL,false,NULL,NULL,NULL,NULL,NULL,NULL,NULL,NULL,NULL,NULL,NULL,NULL,NULL,NULL,NULL,NULL,NULL,NULL,'NOT_CHECKED','2024-06-03 15:33:11',NULL,NULL,NULL,NULL,0,'2024-06-03 15:33:11.306567',NULL,NULL,NULL,NULL,NULL,NULL,NULL,NULL,false,NULL,0,false,NULL),
	 ('641500213','213',NULL,'LNAMEONETHREET','FNAMEONETHREE',NULL,'13 STREET NAME','ANYTOWN',NULL,NULL,NULL,'CH2 2AB',NULL,NULL,NULL,false,NULL,NULL,NULL,NULL,NULL,NULL,NULL,NULL,NULL,NULL,NULL,NULL,NULL,NULL,NULL,NULL,NULL,NULL,'NOT_CHECKED','2024-06-03 15:33:11',NULL,NULL,NULL,NULL,0,'2024-06-03 15:33:11.312215',NULL,NULL,NULL,NULL,NULL,NULL,NULL,NULL,false,NULL,0,false,NULL),
	 ('641500216','216',NULL,'LNAMEONESIXT','FNAMEONESIX',NULL,'16 STREET NAME','ANYTOWN',NULL,NULL,NULL,'CH1 2AN',NULL,NULL,NULL,false,NULL,NULL,NULL,NULL,NULL,NULL,NULL,NULL,NULL,NULL,NULL,NULL,NULL,NULL,NULL,NULL,NULL,NULL,'NOT_CHECKED','2024-06-03 15:33:11',NULL,NULL,NULL,NULL,0,'2024-06-03 15:33:11.314842',NULL,NULL,NULL,NULL,NULL,NULL,NULL,NULL,false,NULL,0,false,NULL),
	 ('641500223','223',NULL,'LNAMETWOTHREET','FNAMETWOTHREE','2006-04-17 00:00:00','23 STREET NAME','ANYTOWN',NULL,NULL,NULL,'CH1 2AN',NULL,NULL,NULL,false,NULL,NULL,NULL,NULL,NULL,NULL,NULL,NULL,NULL,NULL,NULL,NULL,NULL,NULL,NULL,NULL,NULL,NULL,'NOT_CHECKED','2024-06-03 15:33:11',NULL,NULL,NULL,NULL,0,'2024-06-03 15:33:11.307836',NULL,NULL,NULL,NULL,NULL,NULL,NULL,NULL,false,NULL,0,false,NULL),
	 ('641500316','316',NULL,'LNAMEONESIXTR','FNAMEONESIX',NULL,'16 STREET NAME','ANYTOWN',NULL,NULL,NULL,'CH1 2AN',NULL,NULL,NULL,false,NULL,NULL,NULL,NULL,NULL,NULL,NULL,NULL,NULL,NULL,NULL,NULL,NULL,NULL,NULL,NULL,NULL,NULL,'NOT_CHECKED','2024-06-03 15:33:11',NULL,NULL,NULL,NULL,0,'2024-06-03 15:33:11.314842',NULL,NULL,NULL,NULL,NULL,NULL,NULL,NULL,false,NULL,0,false,NULL),
	 ('641600045','45',NULL,'LNAMEFOURFIVE','FNAMEFOURFIVE','1970-01-01 00:00:00.000','45 STREET NAME','ANYTOWN','','London','','PO19 1SX',NULL,NULL,NULL,true,NULL,NULL,'Z',NULL,NULL,'MODTESTBUREAU',NULL,1,NULL,NULL,NULL,NULL,NULL,NULL,NULL,NULL,NULL,NULL,'NOT_CHECKED','2024-06-04 11:43:59.000',NULL,NULL,'',NULL,0,'2024-06-04 11:42:42.308',NULL,NULL,NULL,NULL,NULL,NULL,NULL,'2024-06-04',false,NULL,0,false,NULL),
	 ('641600050','50',NULL,'LNAMEFIVEZERO','FNAMEFIVEZERO','1967-10-10 00:00:00.000','50 STREET NAME','ANYTOWN','','CHESTER','','PO19 1SX',NULL,NULL,NULL,true,'2024-06-04 00:00:00.000','B','Y',NULL,NULL,'MODTESTBUREAU',NULL,NULL,NULL,NULL,NULL,NULL,NULL,NULL,NULL,NULL,NULL,NULL,'NOT_CHECKED','2024-06-04 11:44:53.000',NULL,NULL,'',NULL,0,'2024-06-04 11:42:42.316',NULL,NULL,NULL,NULL,NULL,NULL,NULL,'2024-06-04',false,NULL,0,false,NULL),
	 ('641600051','51',NULL,'LNAMEFIVEONE','FNAMEFIVEONE',NULL,'51 STREET NAME','ANYTOWN',NULL,NULL,NULL,'PO19 1SX',NULL,NULL,NULL,false,NULL,NULL,NULL,NULL,NULL,NULL,NULL,NULL,NULL,NULL,NULL,NULL,NULL,NULL,NULL,NULL,NULL,NULL,'NOT_CHECKED','2024-06-04 11:42:42.000',NULL,NULL,NULL,NULL,0,'2024-06-04 11:42:42.317',NULL,NULL,NULL,NULL,NULL,NULL,NULL,'2024-06-04',false,NULL,0,false,NULL),
	 ('641600054','54',NULL,'LNAMEFIVEFOUR','FNAMEFIVEFOUR','1967-10-10 00:00:00.000','54 STREET NAME','ANYTOWN','','Chester','','PO19 1SX',NULL,NULL,NULL,true,NULL,NULL,NULL,NULL,NULL,NULL,NULL,NULL,NULL,NULL,NULL,NULL,NULL,NULL,NULL,NULL,NULL,NULL,'NOT_CHECKED','2024-06-04 11:57:37.000',NULL,NULL,'',NULL,0,'2024-06-04 11:42:42.311',NULL,NULL,NULL,NULL,NULL,NULL,NULL,'2024-06-04',false,NULL,0,false,NULL),
	 ('641600057','57',NULL,'LNAMEFIVESEVEN','FNAMEFIVESEVEN','1975-01-01 00:00:00.000','57 STREET NAME','ANYTOWN','','Chester','','PO19 1SX',NULL,NULL,NULL,true,'2024-06-04 00:00:00.000','G',NULL,NULL,NULL,'MODTESTBUREAU',NULL,NULL,NULL,NULL,NULL,NULL,NULL,NULL,NULL,NULL,NULL,NULL,'NOT_CHECKED','2024-06-04 11:58:19.000',NULL,NULL,'',NULL,0,'2024-06-04 11:42:42.310',NULL,NULL,NULL,NULL,NULL,NULL,NULL,'2024-06-04',false,NULL,0,false,NULL),
	 ('641600058','58',NULL,'LNAMEFIVEEIGHT','FNAMEFIVEEIGHT','1970-01-01 00:00:00.000','58 STREET NAME','ANYTOWN','','Chester','','PO19 1SX',NULL,NULL,NULL,true,NULL,NULL,NULL,NULL,NULL,'MODTESTBUREAU',NULL,1,NULL,NULL,NULL,NULL,NULL,NULL,NULL,NULL,NULL,NULL,'NOT_CHECKED','2024-06-04 11:59:20.000',NULL,NULL,'',NULL,0,'2024-06-04 11:42:42.321',NULL,NULL,NULL,NULL,NULL,NULL,NULL,'2024-06-04',false,NULL,0,false,NULL),
	 ('641600062','62',NULL,'LNAMESIXTWO','FNAMESIXTWO',NULL,'62 STREET NAME','ANYTOWN',NULL,NULL,NULL,'PO19 1SX',NULL,NULL,NULL,true,NULL,NULL,NULL,'2024-06-04 00:00:00.000','D','MODTESTBUREAU',NULL,NULL,NULL,NULL,NULL,NULL,NULL,NULL,NULL,NULL,NULL,NULL,'NOT_CHECKED','2024-06-04 11:59:44.000',NULL,NULL,NULL,NULL,0,'2024-06-04 11:42:42.319',NULL,NULL,NULL,NULL,NULL,NULL,NULL,'2024-06-04',false,NULL,0,false,NULL),
	 ('641600065','65',NULL,'LNAMESIXFIVE','FNAMESIXFIVE',NULL,'65 STREET NAME','ANYTOWN',NULL,NULL,NULL,'PO19 1SX',NULL,NULL,NULL,false,NULL,NULL,NULL,NULL,NULL,NULL,NULL,NULL,NULL,NULL,NULL,NULL,NULL,NULL,NULL,NULL,NULL,NULL,'NOT_CHECKED','2024-06-04 11:42:42.000',NULL,NULL,NULL,NULL,0,'2024-06-04 11:42:42.313',NULL,NULL,NULL,NULL,NULL,NULL,NULL,'2024-06-04',false,NULL,0,false,NULL),
	 ('641600066','66',NULL,'LNAMESIXSIX','FNAMESIXSIX',NULL,'66 STREET NAME','ANYTOWN',NULL,NULL,NULL,'PO19 1SX',NULL,NULL,NULL,false,NULL,NULL,NULL,NULL,NULL,NULL,NULL,NULL,NULL,NULL,NULL,NULL,NULL,NULL,NULL,NULL,NULL,NULL,'NOT_CHECKED','2024-06-04 11:42:42.000',NULL,NULL,NULL,NULL,0,'2024-06-04 11:42:42.314',NULL,NULL,NULL,NULL,NULL,NULL,NULL,'2024-06-04',false,NULL,0,false,NULL),
	 ('641600070','70',NULL,'LNAMESEVENZERO','FNAMESEVENZERO',NULL,'70 STREET NAME','ANYTOWN',NULL,NULL,NULL,'PO19 1SX',NULL,NULL,NULL,false,NULL,NULL,NULL,NULL,NULL,NULL,NULL,NULL,NULL,NULL,NULL,NULL,NULL,NULL,NULL,NULL,NULL,NULL,'NOT_CHECKED','2024-06-04 11:42:42.000',NULL,NULL,NULL,NULL,0,'2024-06-04 11:42:42.320',NULL,NULL,NULL,NULL,NULL,NULL,NULL,'2024-06-04',false,NULL,0,false,NULL);
INSERT INTO juror_mod.juror (juror_number,poll_number,title,last_name,first_name,dob,address_line_1,address_line_2,address_line_3,address_line_4,address_line_5,postcode,h_phone,w_phone,w_ph_local,responded,date_excused,excusal_code,acc_exc,date_disq,disq_code,user_edtq,notes,no_def_pos,perm_disqual,reasonable_adj_code,reasonable_adj_msg,smart_card_number,completion_date,sort_code,bank_acct_name,bank_acct_no,bldg_soc_roll_no,welsh,police_check,last_update,summons_file,m_phone,h_email,contact_preference,notifications,date_created,optic_reference,pending_title,pending_first_name,pending_last_name,mileage,financial_loss,travel_time,bureau_transfer_date,claiming_subsistence_allowance,service_comp_comms_status,login_attempts,is_locked,police_check_last_update) VALUES
	 ('677400941','941',NULL,'LNAMENINEFOURONE','FNAMENINEFOURONE',NULL,'941 STREET NAME','ANYTOWN',NULL,NULL,NULL,'SY2 7TQ',NULL,NULL,NULL,false,NULL,NULL,NULL,NULL,NULL,NULL,NULL,NULL,NULL,NULL,NULL,NULL,NULL,NULL,NULL,NULL,NULL,NULL,'NOT_CHECKED','2024-06-06 12:07:52',NULL,NULL,NULL,NULL,0,'2024-06-06 12:07:51.61618',NULL,NULL,NULL,NULL,NULL,NULL,NULL,NULL,false,NULL,0,false,NULL),
	 ('677400928','928',NULL,'LNAMENINETWOEIGHT','FNAMENINETWOEIGHT',NULL,'928 STREET NAME','ANYTOWN',NULL,NULL,NULL,'SY2 7TQ',NULL,NULL,NULL,false,NULL,NULL,NULL,NULL,NULL,NULL,NULL,NULL,NULL,NULL,NULL,NULL,NULL,NULL,NULL,NULL,NULL,NULL,'NOT_CHECKED','2024-06-06 12:07:52',NULL,NULL,NULL,NULL,0,'2024-06-06 12:07:51.622288',NULL,NULL,NULL,NULL,NULL,NULL,NULL,NULL,false,NULL,0,false,NULL),
	 ('677400923','923',NULL,'LNAMENINETWOTHREE','FNAMENINETWOTHREE','1975-01-01 00:00:00','923 STREET NAME','ANYTOWN','','NEQWTOWN','','SY2 7TQ',NULL,NULL,NULL,true,NULL,NULL,NULL,NULL,NULL,NULL,NULL,NULL,NULL,NULL,NULL,NULL,NULL,NULL,NULL,NULL,NULL,NULL,'NOT_CHECKED','2024-06-06 12:08:33',NULL,NULL,'',NULL,0,'2024-06-06 12:07:51.607561',NULL,NULL,NULL,NULL,NULL,NULL,NULL,NULL,false,NULL,0,false,NULL);


INSERT INTO juror_mod.juror_pool (juror_number,pool_number,"owner",user_edtq,is_active,status,times_sel,def_date,"location",no_attendances,no_attended,no_fta,no_awol,pool_seq,edit_tag,next_date,on_call,smart_card,was_deferred,deferral_code,id_checked,postpone,paid_cash,scan_code,last_update,reminder_sent,transfer_date,date_created) VALUES
	 ('641500001','415240801','400','ADMINUSER',true,2,NULL,NULL,NULL,NULL,NULL,NULL,NULL,'0004',NULL,'2024-08-05',NULL,NULL,NULL,NULL,NULL,NULL,NULL,NULL,'2024-06-03 12:03:06.182449',NULL,NULL,'2024-06-03 12:00:23.099129'),
	 ('641500002','415240801','400','ADMINUSER',true,6,NULL,NULL,NULL,NULL,NULL,NULL,NULL,'0008',NULL,NULL,NULL,NULL,NULL,NULL,NULL,NULL,NULL,NULL,'2024-06-03 12:04:02.042',NULL,NULL,'2024-06-03 12:00:23.112002'),
	 ('641500003','415240801','400','ADMINUSER',true,6,NULL,NULL,NULL,NULL,NULL,NULL,NULL,'0007',NULL,NULL,NULL,NULL,NULL,NULL,NULL,NULL,NULL,NULL,'2024-06-03 13:43:17.407033',NULL,NULL,'2024-06-03 12:00:23.109013'),
	 ('641500004','415240801','400','ADMINUSER',true,5,NULL,NULL,NULL,NULL,NULL,NULL,NULL,'0011',NULL,NULL,NULL,NULL,NULL,NULL,NULL,NULL,NULL,NULL,'2024-06-03 13:48:07.182596',NULL,NULL,'2024-06-03 12:00:23.120384'),
	 ('641500006','415240801','400','ADMINUSER',false,7,NULL,'2024-08-27',NULL,NULL,NULL,NULL,NULL,'0014',NULL,NULL,NULL,NULL,NULL,'A',NULL,NULL,NULL,NULL,'2024-06-03 15:06:26.990034',NULL,NULL,'2024-06-03 12:00:23.125644'),
	 ('641500006','415240803','400','ADMINUSER',true,2,NULL,NULL,NULL,NULL,NULL,NULL,NULL,'0002',NULL,'2024-08-27',NULL,NULL,true,NULL,NULL,NULL,NULL,NULL,'2024-06-03 15:06:26.990177',NULL,NULL,'2024-06-03 12:00:23.125644'),
	 ('641500007','415240801','400','ADMINUSER',true,7,NULL,'2024-10-29',NULL,NULL,NULL,NULL,NULL,'0012',NULL,NULL,NULL,NULL,NULL,'P',NULL,true,NULL,NULL,'2024-06-03 15:16:19.119732',NULL,NULL,'2024-06-03 12:00:23.122108'),
	 ('641500008','415240803','400','ADMINUSER',true,1,NULL,NULL,NULL,NULL,NULL,NULL,NULL,'0001',NULL,'2024-08-27',NULL,NULL,NULL,NULL,NULL,NULL,NULL,NULL,'2024-06-03 12:02:08.187452',NULL,NULL,'2024-06-03 12:02:08.187451'),
	 ('641500010','415240801','400','ADMINUSER',true,1,NULL,NULL,NULL,NULL,NULL,NULL,NULL,'0001',NULL,'2024-08-05',NULL,NULL,NULL,NULL,NULL,NULL,NULL,NULL,'2024-06-03 12:00:23.08775',NULL,NULL,'2024-06-03 12:00:23.087748'),
	 ('641500011','415240801','400','ADMINUSER',true,2,NULL,NULL,NULL,NULL,NULL,NULL,NULL,'0006',NULL,'2024-08-05',NULL,NULL,NULL,NULL,NULL,NULL,NULL,NULL,'2024-06-03 15:50:04.734274',NULL,NULL,'2024-06-03 12:00:23.105914');
INSERT INTO juror_mod.juror_pool (juror_number,pool_number,"owner",user_edtq,is_active,status,times_sel,def_date,"location",no_attendances,no_attended,no_fta,no_awol,pool_seq,edit_tag,next_date,on_call,smart_card,was_deferred,deferral_code,id_checked,postpone,paid_cash,scan_code,last_update,reminder_sent,transfer_date,date_created) VALUES
	 ('641500012','415240801','400','ADMINUSER',true,7,NULL,'2024-08-20',NULL,NULL,NULL,NULL,NULL,'0005',NULL,NULL,NULL,NULL,NULL,'M',NULL,NULL,NULL,NULL,'2024-06-03 15:57:45.605066',NULL,NULL,'2024-06-03 12:00:23.10279'),
	 ('641500013','415240801','400','ADMINUSER',true,9,NULL,NULL,NULL,NULL,NULL,NULL,NULL,'0009',NULL,NULL,NULL,NULL,NULL,NULL,NULL,NULL,NULL,NULL,'2024-06-04 10:32:33.668674',NULL,NULL,'2024-06-03 12:00:23.115231'),
	 ('641500016','415240801','400','ADMINUSER',true,1,NULL,NULL,NULL,NULL,NULL,NULL,NULL,'0010',NULL,'2024-08-05',NULL,NULL,NULL,NULL,NULL,NULL,NULL,NULL,'2024-06-03 12:00:23.118577',NULL,NULL,'2024-06-03 12:00:23.118576'),
	 ('641500017','415240801','400','ADMINUSER',true,1,NULL,NULL,NULL,NULL,NULL,NULL,NULL,'0015',NULL,'2024-08-05',NULL,NULL,NULL,NULL,NULL,NULL,NULL,NULL,'2024-06-04 11:14:27.130294',true,NULL,'2024-06-03 12:00:23.127317'),
	 ('641500018','415240801','400','MODTESTBUREAU',true,5,NULL,NULL,NULL,NULL,NULL,NULL,NULL,'0013',NULL,NULL,NULL,NULL,NULL,NULL,NULL,NULL,NULL,NULL,'2024-06-04 11:16:26.744714',NULL,NULL,'2024-06-03 12:00:23.123845'),
	 ('641500019','415240801','400','ADMINUSER',true,1,NULL,NULL,NULL,NULL,NULL,NULL,NULL,'0016',NULL,'2024-08-05',NULL,NULL,NULL,NULL,NULL,NULL,NULL,NULL,'2024-06-03 12:00:23.129403',NULL,NULL,'2024-06-03 12:00:23.129402'),
	 ('641500021','415240801','400','ADMINUSER',true,5,NULL,NULL,NULL,NULL,NULL,NULL,NULL,'0002',NULL,NULL,NULL,NULL,NULL,NULL,NULL,NULL,NULL,NULL,'2024-06-04 11:17:15.312749',NULL,NULL,'2024-06-03 12:00:23.091738'),
	 ('641500023','415240801','400','ADMINUSER',true,1,NULL,NULL,NULL,NULL,NULL,NULL,NULL,'0003',NULL,'2024-08-05',NULL,NULL,NULL,NULL,NULL,NULL,NULL,NULL,'2024-06-03 12:00:23.095433',NULL,NULL,'2024-06-03 12:00:23.095431'),
	 ('641500201','415240801','400','MODTESTBUREAU',true,6,NULL,NULL,NULL,NULL,NULL,NULL,NULL,'0018',NULL,'2024-08-05',NULL,NULL,NULL,NULL,NULL,NULL,NULL,NULL,'2024-06-04 11:29:39.953446',NULL,NULL,'2024-06-03 15:33:11.346417'),
	 ('641500202','415240801','400','MODTESTBUREAU',true,2,NULL,'2024-08-19',NULL,NULL,NULL,NULL,NULL,'0024',NULL,NULL,NULL,NULL,NULL,'B',NULL,NULL,NULL,NULL,'2024-06-04 11:34:46.391861',NULL,NULL,'2024-06-03 15:33:11.359236');
INSERT INTO juror_mod.juror_pool (juror_number,pool_number,"owner",user_edtq,is_active,status,times_sel,def_date,"location",no_attendances,no_attended,no_fta,no_awol,pool_seq,edit_tag,next_date,on_call,smart_card,was_deferred,deferral_code,id_checked,postpone,paid_cash,scan_code,last_update,reminder_sent,transfer_date,date_created) VALUES
	 ('641500203','415240801','400','ADMINUSER',true,1,NULL,NULL,NULL,NULL,NULL,NULL,NULL,'0022',NULL,'2024-08-05',NULL,NULL,NULL,NULL,NULL,NULL,NULL,NULL,'2024-06-03 15:33:11.35552',NULL,NULL,'2024-06-03 15:33:11.35552'),
	 ('641500204','415240801','400','ADMINUSER',true,6,NULL,NULL,NULL,NULL,NULL,NULL,NULL,'0026',NULL,'2024-08-05',NULL,NULL,NULL,NULL,NULL,NULL,NULL,NULL,'2024-06-03 15:33:11.362183',NULL,NULL,'2024-06-03 15:33:11.362182'),
	 ('641500210','415240801','400','ADMINUSER',true,1,NULL,NULL,NULL,NULL,NULL,NULL,NULL,'0017',NULL,'2024-08-05',NULL,NULL,NULL,NULL,NULL,NULL,NULL,NULL,'2024-06-03 15:33:11.343885',NULL,NULL,'2024-06-03 15:33:11.343885'),
	 ('641500211','415240801','400','ADMINUSER',true,1,NULL,NULL,NULL,NULL,NULL,NULL,NULL,'0021',NULL,'2024-08-05',NULL,NULL,NULL,NULL,NULL,NULL,NULL,NULL,'2024-06-03 15:33:11.353662',NULL,NULL,'2024-06-03 15:33:11.353662'),
	 ('641500212','415240801','400','ADMINUSER',true,1,NULL,NULL,NULL,NULL,NULL,NULL,NULL,'0019',NULL,'2024-08-05',NULL,NULL,NULL,NULL,NULL,NULL,NULL,NULL,'2024-06-03 15:33:11.348805',NULL,NULL,'2024-06-03 15:33:11.348805'),
	 ('641500213','415240801','400','ADMINUSER',true,1,NULL,NULL,NULL,NULL,NULL,NULL,NULL,'0023',NULL,'2024-08-05',NULL,NULL,NULL,NULL,NULL,NULL,NULL,NULL,'2024-06-03 15:33:11.357346',NULL,NULL,'2024-06-03 15:33:11.357346'),
	 ('641500216','415240801','400','ADMINUSER',true,1,NULL,NULL,NULL,NULL,NULL,NULL,NULL,'0025',NULL,'2024-08-05',NULL,NULL,NULL,NULL,NULL,NULL,NULL,NULL,'2024-06-03 15:33:11.361174',NULL,NULL,'2024-06-03 15:33:11.361174'),
	 ('641500223','415240801','400','ADMINUSER',true,1,NULL,NULL,NULL,NULL,NULL,NULL,NULL,'0020',NULL,'2024-08-05',NULL,NULL,NULL,NULL,NULL,NULL,NULL,NULL,'2024-06-03 15:33:11.351721',NULL,NULL,'2024-06-03 15:33:11.351721'),
	 ('641500316','415240801','400','ADMINUSER',true,2,NULL,'2024-08-20',NULL,NULL,NULL,NULL,NULL,'0005',NULL,NULL,NULL,NULL,true,NULL,NULL,NULL,NULL,NULL,'2024-06-03 15:57:45.605066',true,NULL,'2024-06-03 12:00:23.10279'),
	 ('641500316','415240804','400','ADMINUSER',false,7,NULL,'2024-08-20',NULL,NULL,NULL,NULL,NULL,'0005',NULL,NULL,NULL,NULL,NULL,'M',NULL,NULL,NULL,NULL,'2024-06-03 15:57:45.605066',NULL,NULL,'2024-06-03 12:00:23.10279');
INSERT INTO juror_mod.juror_pool (juror_number,pool_number,"owner",user_edtq,is_active,status,times_sel,def_date,"location",no_attendances,no_attended,no_fta,no_awol,pool_seq,edit_tag,next_date,on_call,smart_card,was_deferred,deferral_code,id_checked,postpone,paid_cash,scan_code,last_update,reminder_sent,transfer_date,date_created) VALUES
	 ('641600045','416240801','416','MODTESTBUREAU',true,2,NULL,'2024-08-19',NULL,NULL,NULL,NULL,NULL,'0001',NULL,NULL,NULL,NULL,NULL,'B',NULL,NULL,NULL,NULL,'2024-06-04 11:43:59.388',NULL,'2024-06-04','2024-06-04 11:42:42.328'),
	 ('641600050','416240801','416','MODTESTBUREAU',true,2,NULL,NULL,NULL,NULL,NULL,NULL,NULL,'0006',NULL,'2024-08-06',NULL,NULL,NULL,NULL,NULL,NULL,NULL,NULL,'2024-06-04 11:44:53.178',NULL,'2024-06-04','2024-06-04 11:42:42.343'),
	 ('641600051','416240801','416','MODTESTBUREAU',true,1,NULL,NULL,NULL,NULL,NULL,NULL,NULL,'0007',NULL,'2024-08-06',NULL,NULL,NULL,NULL,NULL,NULL,NULL,NULL,'2024-06-04 11:49:15.104',true,'2024-06-04','2024-06-04 11:42:42.346'),
	 ('641600054','416240801','416','MODTESTBUREAU',true,2,NULL,NULL,NULL,NULL,NULL,NULL,NULL,'0003',NULL,'2024-08-06',NULL,NULL,NULL,NULL,NULL,NULL,NULL,NULL,'2024-06-04 11:57:37.158',NULL,'2024-06-04','2024-06-04 11:42:42.334'),
	 ('641600057','416240801','400','MODTESTBUREAU',true,5,NULL,NULL,NULL,NULL,NULL,NULL,NULL,'0002',NULL,NULL,NULL,NULL,NULL,NULL,NULL,NULL,NULL,NULL,'2024-06-04 11:58:18.554',NULL,'2024-06-04','2024-06-04 11:42:42.331'),
	 ('641600058','416240801','400','MODTESTBUREAU',true,7,NULL,'2024-09-16',NULL,NULL,NULL,NULL,NULL,'0010',NULL,NULL,NULL,NULL,NULL,'A',NULL,NULL,NULL,NULL,'2024-06-04 11:59:20.157',NULL,'2024-06-04','2024-06-04 11:42:42.354'),
	 ('641600062','416240801','400','MODTESTBUREAU',true,6,NULL,NULL,NULL,NULL,NULL,NULL,NULL,'0008',NULL,NULL,NULL,NULL,NULL,NULL,NULL,NULL,NULL,NULL,'2024-06-04 11:59:44.483',NULL,'2024-06-04','2024-06-04 11:42:42.349'),
	 ('641600065','416240801','416','MODTESTBUREAU',true,1,NULL,NULL,NULL,NULL,NULL,NULL,NULL,'0004',NULL,'2024-08-06',NULL,NULL,NULL,NULL,NULL,NULL,NULL,NULL,'2024-06-04 11:42:42.337',NULL,'2024-06-04','2024-06-04 11:42:42.337'),
	 ('641600066','416240801','416','MODTESTBUREAU',true,1,NULL,NULL,NULL,NULL,NULL,NULL,NULL,'0005',NULL,'2024-08-06',NULL,NULL,NULL,NULL,NULL,NULL,NULL,NULL,'2024-06-04 11:42:42.341',NULL,'2024-06-04','2024-06-04 11:42:42.341'),
	 ('641600070','416240801','416','MODTESTBUREAU',true,1,NULL,NULL,NULL,NULL,NULL,NULL,NULL,'0009',NULL,'2024-08-06',NULL,NULL,NULL,NULL,NULL,NULL,NULL,NULL,'2024-06-04 11:42:42.351',NULL,'2024-06-04','2024-06-04 11:42:42.351');
INSERT INTO juror_mod.juror_pool (juror_number,pool_number,"owner",user_edtq,is_active,status,times_sel,def_date,"location",no_attendances,no_attended,no_fta,no_awol,pool_seq,edit_tag,next_date,on_call,smart_card,was_deferred,deferral_code,id_checked,postpone,paid_cash,scan_code,last_update,reminder_sent,transfer_date,date_created) VALUES
	 ('677400941','774240802','400','ADMINUSER',true,1,NULL,NULL,NULL,NULL,NULL,NULL,NULL,'0002',NULL,'2024-08-08',NULL,NULL,NULL,NULL,NULL,NULL,NULL,NULL,'2024-06-06 12:07:51.647878',NULL,NULL,'2024-06-06 12:07:51.647877'),
	 ('677400928','774240802','400','ADMINUSER',true,1,NULL,NULL,NULL,NULL,NULL,NULL,NULL,'0003',NULL,'2024-08-08',NULL,NULL,NULL,NULL,NULL,NULL,NULL,NULL,'2024-06-06 12:07:51.652351',NULL,NULL,'2024-06-06 12:07:51.65235'),
	 ('677400923','774240802','400','ADMINUSER',true,2,NULL,NULL,NULL,NULL,NULL,NULL,NULL,'0001',NULL,'2024-08-08',NULL,NULL,NULL,NULL,NULL,NULL,NULL,NULL,'2024-06-06 12:08:33.268403',NULL,NULL,'2024-06-06 12:07:51.640718');


insert into juror_mod.bureau_snapshot (juror_number,pool_number,"owner",user_edtq,is_active,status,def_date,pool_seq,edit_tag,next_date,was_deferred,deferral_code,postpone,scan_code,last_update,reminder_sent,transfer_date,date_created,excusal_code,acc_exc,police_check) VALUES
	 ('641600045','416240801','400','MODTESTBUREAU',true,2,'2024-08-19','0001',NULL,NULL,NULL,'B',NULL,NULL,'2024-06-04 11:43:59.388895',NULL,NULL,'2024-06-04 11:42:42.328124',null,'Z',null),
 	 ('641600050','416240801','400','MODTESTBUREAU',true,2,NULL,'0006',NULL,'2024-08-06',NULL,NULL,NULL,NULL,'2024-06-04 11:44:53.178594',NULL,NULL,'2024-06-04 11:42:42.343924','B','Y',null),
	 ('641600065','416240801','400','MODTESTBUREAU',true,1,NULL,'0004',NULL,'2024-08-06',NULL,NULL,NULL,NULL,'2024-06-04 11:42:42.337872',NULL,NULL,'2024-06-04 11:42:42.33787',null,null,null),
	 ('641600066','416240801','400','MODTESTBUREAU',true,1,NULL,'0005',NULL,'2024-08-06',NULL,NULL,NULL,NULL,'2024-06-04 11:42:42.341237',NULL,NULL,'2024-06-04 11:42:42.341236',null,null,null),
	 ('641600070','416240801','400','MODTESTBUREAU',true,1,NULL,'0009',NULL,'2024-08-06',NULL,NULL,NULL,NULL,'2024-06-04 11:42:42.351982',NULL,NULL,'2024-06-04 11:42:42.351981',null,null,null),
	 ('641600051','416240801','400','MODTESTBUREAU',true,1,NULL,'0007',NULL,'2024-08-06',NULL,NULL,NULL,NULL,'2024-06-04 11:49:15.104788',true,NULL,'2024-06-04 11:42:42.34656',null,null,null),
	 ('641600054','416240801','400','MODTESTBUREAU',true,2,NULL,'0003',NULL,'2024-08-06',NULL,NULL,NULL,NULL,'2024-06-04 11:57:37.158231',NULL,NULL,'2024-06-04 11:42:42.334866',null,null,null);


INSERT INTO juror_mod.juror_response (juror_number,date_received,title,first_name,last_name,address_line_1,address_line_2,address_line_3,address_line_4,address_line_5,postcode,processing_status,date_of_birth,phone_number,alt_phone_number,email,residency,residency_detail,mental_health_act,mental_health_capacity,mental_health_act_details,bail,bail_details,convictions,convictions_details,deferral,deferral_reason,deferral_date,reasonable_adjustments_arrangements,excusal,excusal_reason,processing_complete,signed,"version",thirdparty_fname,thirdparty_lname,relationship,main_phone,other_phone,email_address,thirdparty_reason,thirdparty_other_reason,juror_phone_details,juror_email_details,staff_login,staff_assignment_date,urgent,completed_at,welsh,reply_type) VALUES
	 ('641500001','2024-06-03 12:02:47.064029',NULL,'FNAMEONE','LNAMEONE','1 STREET NAME','ANYTOWN','','TOWN','','CH1 2AN','CLOSED','1975-01-01',NULL,NULL,'',true,NULL,false,false,NULL,false,NULL,false,NULL,false,NULL,NULL,NULL,false,NULL,true,true,2,NULL,NULL,'',NULL,NULL,NULL,NULL,NULL,NULL,NULL,'ADMINUSER',NULL,false,'2024-06-03 12:03:06.218783',false,'Paper'),
	 ('641500002','2024-06-03 12:04:02.020478',NULL,'FNAMETWO','LNAMETWO','2 STREET NAME','ANYTOWN','','TOWN','','CH1 2AN','CLOSED','1947-10-10',NULL,NULL,'',NULL,NULL,NULL,NULL,NULL,NULL,NULL,NULL,NULL,NULL,NULL,NULL,NULL,NULL,NULL,true,NULL,2,NULL,NULL,'',NULL,NULL,NULL,NULL,NULL,NULL,NULL,'ADMINUSER',NULL,false,'2024-06-03 12:04:02.058114',false,'Paper'),
	 ('641500003','2024-06-03 13:42:58.877207',NULL,'FNAMETHREE','LNAMETHREE','3 STREET NAME','ANYTOWN','','TOWN','','CH1 2AN','CLOSED','1970-01-01',NULL,NULL,'',true,NULL,false,true,NULL,false,NULL,false,NULL,false,NULL,NULL,NULL,false,NULL,true,true,1,NULL,NULL,'',NULL,NULL,NULL,NULL,NULL,NULL,NULL,'ADMINUSER',NULL,false,'2024-06-03 13:43:17.393846',false,'Paper'),
	 ('641500004','2024-06-03 13:47:57.596669',NULL,'FNAMEFOUR','LNAMEFOUR','4 STREET NAME','ANYTOWN','','London','','CH1 2AN','CLOSED','1967-10-10',NULL,NULL,'',true,NULL,true,false,NULL,false,NULL,false,NULL,false,NULL,NULL,NULL,true,NULL,true,true,1,NULL,NULL,'',NULL,NULL,NULL,NULL,NULL,NULL,NULL,'ADMINUSER',NULL,false,'2024-06-03 13:48:07.168243',false,'Paper'),
	 ('641500006','2024-06-03 15:05:55.984284',NULL,'FNAMESIX','LNAMESIX','6 STREET NAME','ANYTOWN','','TOWN','','CH1 2AN','CLOSED','1970-01-01',NULL,NULL,'',true,NULL,false,false,NULL,false,NULL,false,NULL,true,NULL,NULL,NULL,false,NULL,true,true,1,NULL,NULL,'',NULL,NULL,NULL,NULL,NULL,NULL,NULL,'ADMINUSER',NULL,false,'2024-06-03 15:06:27.019513',false,'Paper'),
	 ('641500007','2024-06-03 15:15:42.871595',NULL,'FNAMESEVEN','LNAMESEVEN','7 STREET NAME','ANYTOWN','','TOWN','','CH1 2AN','CLOSED','1968-10-10',NULL,NULL,'',true,NULL,false,false,NULL,false,NULL,false,NULL,false,NULL,NULL,NULL,false,NULL,true,true,2,NULL,NULL,'',NULL,NULL,NULL,NULL,NULL,NULL,NULL,'ADMINUSER',NULL,false,'2024-06-03 15:15:54.823094',false,'Paper'),
	 ('641500010','2024-06-03 15:46:40.17479',NULL,'FNAMEONEZERO','LNAMEONEZERO','10 STREET NAME','ANYTOWN','','London','','CH2 2AB','AWAITING_CONTACT','1971-01-01',NULL,NULL,'',true,NULL,false,false,NULL,false,NULL,false,NULL,false,NULL,NULL,NULL,false,NULL,false,true,1,NULL,NULL,'',NULL,NULL,NULL,NULL,NULL,NULL,NULL,'ADMINUSER',NULL,false,NULL,false,'Paper'),
	 ('641500011','2024-06-03 15:49:53.920835',NULL,'FNAMEONEONE','LNAMEONEONE','11 STREET NAME','ANYTOWN','','TOWN','','CH2 2AB','CLOSED','1975-01-01',NULL,NULL,'',true,NULL,false,false,NULL,false,NULL,false,NULL,false,NULL,NULL,NULL,true,NULL,true,true,1,NULL,NULL,'',NULL,NULL,NULL,NULL,NULL,NULL,NULL,'ADMINUSER',NULL,false,'2024-06-03 15:50:04.721309',false,'Paper'),
	 ('641500012','2024-06-03 15:56:08.237395',NULL,'FNAMEONETWO','LNAMEONETWO','12 STREET NAME','ANYTOWN','','TOWN','','CH2 2AB','CLOSED','1975-01-01',NULL,NULL,'',true,NULL,false,false,NULL,false,NULL,false,NULL,true,NULL,NULL,NULL,false,NULL,true,true,2,NULL,NULL,'',NULL,NULL,NULL,NULL,NULL,NULL,NULL,'ADMINUSER',NULL,false,'2024-06-03 15:56:34.529845',false,'Paper'),
	 ('641500201','2024-06-04 11:29:28.031852',NULL,'FNAMEONE','LNAMEONET','1 STREET NAME','ANYTOWN','','London','','CH1 2AN','CLOSED','1967-10-10',NULL,NULL,'',true,NULL,false,false,NULL,false,NULL,false,NULL,false,NULL,NULL,NULL,false,NULL,true,true,2,NULL,NULL,'',NULL,NULL,NULL,NULL,NULL,NULL,NULL,'MODTESTBUREAU',NULL,false,'2024-06-04 11:29:39.977093',false,'Paper');
INSERT INTO juror_mod.juror_response (juror_number,date_received,title,first_name,last_name,address_line_1,address_line_2,address_line_3,address_line_4,address_line_5,postcode,processing_status,date_of_birth,phone_number,alt_phone_number,email,residency,residency_detail,mental_health_act,mental_health_capacity,mental_health_act_details,bail,bail_details,convictions,convictions_details,deferral,deferral_reason,deferral_date,reasonable_adjustments_arrangements,excusal,excusal_reason,processing_complete,signed,"version",thirdparty_fname,thirdparty_lname,relationship,main_phone,other_phone,email_address,thirdparty_reason,thirdparty_other_reason,juror_phone_details,juror_email_details,staff_login,staff_assignment_date,urgent,completed_at,welsh,reply_type) VALUES
	 ('641500202','2024-06-04 11:34:12.917285',NULL,'FNAMETWO','LNAMETWOT','2 STREET NAME','ANYTOWN','','London','','CH1 2AN','CLOSED','1975-01-01',NULL,NULL,'',true,NULL,false,false,NULL,false,NULL,false,NULL,true,NULL,NULL,NULL,false,NULL,true,true,2,NULL,NULL,'',NULL,NULL,NULL,NULL,NULL,NULL,NULL,'MODTESTBUREAU',NULL,false,'2024-06-04 11:34:46.410498',false,'Paper'),
	 ('641600045','2024-06-04 11:43:37.647085',NULL,'FNAMEFOURFIVE','LNAMEFOURFIVE','45 STREET NAME','ANYTOWN','','London','','PO19 1SX','CLOSED','1970-01-01',NULL,NULL,'',true,NULL,false,false,NULL,false,NULL,false,NULL,true,NULL,NULL,NULL,false,NULL,true,true,2,NULL,NULL,'',NULL,NULL,NULL,NULL,NULL,NULL,NULL,'MODTESTBUREAU',NULL,false,'2024-06-04 11:43:59.403191',false,'Paper'),
	 ('641600050','2024-06-04 11:44:39.946523',NULL,'FNAMEFIVEZERO','LNAMEFIVEZERO','50 STREET NAME','ANYTOWN','','CHESTER','','PO19 1SX','CLOSED','1967-10-10',NULL,NULL,'',true,NULL,false,false,NULL,false,NULL,false,NULL,false,NULL,NULL,NULL,true,NULL,true,true,1,NULL,NULL,'',NULL,NULL,NULL,NULL,NULL,NULL,NULL,'MODTESTBUREAU',NULL,false,'2024-06-04 11:44:53.162433',false,'Paper'),
	 ('641600054','2024-06-04 11:57:31.658235',NULL,'FNAMEFIVEFOUR','LNAMEFIVEFOUR','54 STREET NAME','ANYTOWN','','Chester','','PO19 1SX','CLOSED','1967-10-10',NULL,NULL,'',true,NULL,false,false,NULL,false,NULL,false,NULL,false,NULL,NULL,NULL,false,NULL,true,true,2,NULL,NULL,'',NULL,NULL,NULL,NULL,NULL,NULL,NULL,'MODTESTBUREAU',NULL,false,'2024-06-04 11:57:37.171566',false,'Paper'),
	 ('641600057','2024-06-04 11:58:07.92385',NULL,'FNAMEFIVESEVEN','LNAMEFIVESEVEN','57 STREET NAME','ANYTOWN','','Chester','','PO19 1SX','CLOSED','1975-01-01',NULL,NULL,'',true,NULL,false,false,NULL,false,NULL,false,NULL,false,NULL,NULL,NULL,true,NULL,true,true,1,NULL,NULL,'',NULL,NULL,NULL,NULL,NULL,NULL,NULL,'MODTESTBUREAU',NULL,false,'2024-06-04 11:58:18.542362',false,'Paper'),
	 ('641600058','2024-06-04 11:58:59.236875',NULL,'FNAMEFIVEEIGHT','LNAMEFIVEEIGHT','58 STREET NAME','ANYTOWN','','Chester','','PO19 1SX','CLOSED','1970-01-01',NULL,NULL,'',true,NULL,false,false,NULL,false,NULL,false,NULL,true,NULL,NULL,NULL,false,NULL,true,true,2,NULL,NULL,'',NULL,NULL,NULL,NULL,NULL,NULL,NULL,'MODTESTBUREAU',NULL,false,'2024-06-04 11:59:20.170585',false,'Paper'),
	 ('677400923','2024-06-06 12:08:27.678236',NULL,'FNAMENINETWOTHREE','LNAMENINETWOTHREE','923 STREET NAME','ANYTOWN','','NEQWTOWN','','SY2 7TQ','CLOSED','1975-01-01',NULL,NULL,'',true,NULL,false,false,NULL,false,NULL,false,NULL,false,NULL,NULL,NULL,false,NULL,true,true,2,NULL,NULL,'',NULL,NULL,NULL,NULL,NULL,NULL,NULL,'ADMINUSER',NULL,false,'2024-06-06 12:08:33.291848',false,'Paper');


INSERT INTO juror_mod.pool_history (history_code,pool_no,history_date,user_id,other_information) VALUES
 ('PREQ','415240801','2024-06-03 12:00:10.91173','ADMINUSER','Pool Requested for 15 Jurors'),
 ('PHSI','415240801','2024-06-03 12:00:23.317755','ADMINUSER','16 (New Pool Request)'),
 ('PHDI','415240801','2024-06-03 12:02:08.196404','ADMINUSER','1 (New Pool Request)'),
 ('PREQ','415240802','2024-06-03 12:01:14.245195','ADMINUSER','Pool Requested for 2 Jurors'),
 ('PREQ','415240803','2024-06-03 12:01:56.735417','ADMINUSER','Pool Requested for 5 Jurors'),
 ('PHSI','415240803','2024-06-03 12:02:08.196404','ADMINUSER','1 (New Pool Request)'),
 ('PHSI','415240801','2024-06-03 15:33:11.436425','ADMINUSER','10 (Add Pool Members)'),
 ('PREQ','416240801','2024-06-04 11:42:31.260551','MODTESTBUREAU','Pool Requested for 10 Jurors'),
 ('PHSI','416240801','2024-06-04 11:42:42.414596','MODTESTBUREAU','10 (New Pool Request)'),
 ('PREQ','755240801','2024-06-06 12:01:45.483945','ADMINUSER','Pool Requested for 60 Jurors'),
 ('PREQ','774240801','2024-06-06 12:04:41.372744','ADMINUSER','Pool Requested for 5 Jurors'),
 ('PREQ','774240802','2024-06-06 12:06:21.129623','ADMINUSER','Pool Requested for 6 Jurors'),
 ('PHSI','774240802','2024-06-06 12:07:51.741126','ADMINUSER','3 (New Pool Request)');