-- Pool 415220401 requested 2 jurors for TIMESTAMP'2023-05-30 00:00:00.000000', 4 already supplied (2 surplus) - active with the buruea
INSERT INTO JUROR_MOD.POOL (OWNER, POOL_NO, RETURN_DATE, TOTAL_NO_REQUIRED, NO_REQUESTED, POOL_TYPE, LOC_CODE, NEW_REQUEST, LAST_UPDATE)
VALUES ('415', '416220901', TIMESTAMP'2023-05-30 00:00:00.000000', 5, 5, 'CRO','415', 'N', TIMESTAMP'2022-02-02 09:22:09.0'),
       ('415', '416220902', TIMESTAMP'2023-05-30 00:00:00.000000', 5, 5, 'CRO','415', 'N', TIMESTAMP'2022-02-02 09:22:09.0');

INSERT INTO juror_mod.juror (juror_number,poll_number,first_name,last_name,address_line_1,address_line_2,postcode,
responded,notifications, m_phone, h_phone) VALUES
	 ('415000001','19','FIRSTNAMEONE','LASTNAMEONE','19 STREET NAME','ANYTOWN','CH3 2AR','N',0,
	 '44776-301-1110','44776-301-2222'),
	 ('415000002','4','FIRSTNAMETWO','LASTNAMETWO','4 STREET NAME','ANYTOWN','CH1 2AN','N',0,
	 '44776-301-1111','44776-301-1110'),
	 ('415000003','11','FIRSTNAMETHREE','LASTNAMETHREE','11 STREET NAME','ANYTOWN','CH2 2AB','N',
	 0, '44776-301-1110','44776-301-1110'),
	 ('415000004','13','FIRSTNAMEFOUR','LASTNAMEFOUR','13 STREET NAME','ANYTOWN','CH2 2AB','N',
	 0,'44776-301-1110', '44141101-1112'),
	 ('415000005','16','FIRSTNAMEFIVE','LASTNAMEFIVE','16 STREET NAME','ANYTOWN','CH1 2AN','N',0,
	 '44776-301-1110', '44776-301-1110'),
	 ('415000006','7','FIRSTNAMESIX','LASTNAMESIX','7 STREET NAME','ANYTOWN','CH1 2AN','N',0,
	 '44776-301-1110', '44776-301-1110'),
	 ('415000007','1','FIRSTNAMESEVEN','LASTNAMESEVEN','1 STREET NAME','ANYTOWN','CH1 2AN','N',0,
	 '44776-301-1110', '44776-301-1110'),
	 ('415000008','17','FIRSTNAMEEIGHT','LASTNAMEEIGHT','17 STREET NAME','ANYTOWN','CH3 2AR','N',
	 0,'44776-301-1110', '44776-301-1110'),
	 ('415000009','2','FIRSTNAMENINE','LASTNAMENINE','2 STREET NAME','ANYTOWN','CH1 2AN','N',0,
	 '44776-301-1110', '44776-301-1110'),
	 ('415000010','18','FIRSTNAMETEN','LASTNAMETEN','18 STREET NAME','ANYTOWN','CH3 2AR','N',0,
	 '44776-301-1110', '44776-301-1110'),
	 ('415000011','18','FIRSTNAME11','LASTNAME11','18 STREET NAME','ANYTOWN','CH3 2AR','N',
	 0,'44776-301-1110', '44776-301-1110'),
     ('415000012','18','FIRSTNAME12','LASTNAME12','18 STREET NAME','ANYTOWN','CH3 2AR','N',0,
     '44776-301-1110', '44776-301-1110');

INSERT INTO juror_mod.juror_pool ("owner",juror_number,pool_number,status,is_active,pool_seq,"location",on_call) VALUES
	 ('415','415000001','416220901',1,'Y','01','415',true),
	 ('415','415000002','416220901',1,'Y','01','415',true),
	 ('415','415000003','416220901',1,'Y','01','415',false),
	 ('415','415000004','416220901',1,'Y','01','415',true),
	 ('415','415000005','416220901',1,'Y','01','415',false),
	 ('400','415000006','416220901',1,'Y','01','415','N'),
	 ('400','415000007','416220901',10,'Y','01','415','N'),
	 ('400','415000008','416220901',7,'Y','01','415','N'),
	 ('400','415000009','416220901',5,'Y','01','415','N'),
	 ('400','415000010','416220901',2,'Y','01','415','N'),
	 ('415','415000011','416220902',2,'Y','01','415','N'),
	 ('415','415000012','416220902',2,'Y','01','415','N');


