
INSERT INTO juror_mod.users (user_type, username, email, name, active, created_by, updated_by)
VALUES ('BUREAU', 'MODTESTBUREAU', 'MODTESTBUREAU@email.gov.uk', 'MODTESTBUREAU', true, 'SYSTEM','SYSTEM'),
       ('COURT', 'MODTESTCOURT', 'MODTESTCOURT@email.gov.uk', 'MODTESTCOURT', true, 'SYSTEM','SYSTEM'),
       ('SYSTEM', 'AUTO', 'AUTO@email.gov.uk', 'AUTO', true, 'SYSTEM','SYSTEM');

INSERT INTO juror_mod.juror (juror_number,poll_number,title,last_name,first_name,dob,address_line_1,address_line_2,address_line_3,address_line_4,address_line_5,postcode,h_phone,w_phone,w_ph_local,responded,date_excused,excusal_code,acc_exc,date_disq,disq_code,user_edtq,notes,no_def_pos,perm_disqual,reasonable_adj_code,reasonable_adj_msg,smart_card_number,completion_date,sort_code,bank_acct_name,bank_acct_no,bldg_soc_roll_no,welsh,police_check,last_update,summons_file,m_phone,h_email,contact_preference,notifications,date_created,optic_reference,pending_title,pending_first_name,pending_last_name,mileage,financial_loss,travel_time,bureau_transfer_date,claiming_subsistence_allowance,service_comp_comms_status,login_attempts,is_locked,police_check_last_update,response_entered,lock_time,living_overseas) VALUES
	 ('045200013','857',NULL,'LNAME','fname',NULL,'address',NULL,NULL,'Address Line Four',NULL,'NN1 3HQ',NULL,NULL,NULL,false,NULL,NULL,NULL,NULL,NULL,NULL,NULL,NULL,NULL,NULL,NULL,NULL,NULL,NULL,NULL,NULL,NULL,false,'NOT_CHECKED','2025-08-10 11:55:05',NULL,NULL,NULL,NULL,0,NULL,NULL,NULL,NULL,NULL,NULL,NULL,NULL,NULL,false,NULL,0,false,NULL,true,NULL,NULL),
	 ('041531088','857',NULL,'lname','fname',NULL,'address',NULL,NULL,'Address Line Four',NULL,'CH2 2AA',NULL,NULL,NULL,false,NULL,NULL,NULL,NULL,NULL,NULL,NULL,NULL,NULL,NULL,NULL,NULL,NULL,NULL,NULL,NULL,NULL,false,'NOT_CHECKED',NULL,NULL,NULL,NULL,NULL,0,NULL,NULL,NULL,NULL,NULL,NULL,NULL,NULL,NULL,false,NULL,0,false,NULL,true,NULL,NULL),
	 ('041531086','857',NULL,'lname','fname',NULL,'address',NULL,NULL,'Address Line Four',NULL,'CH2 2AA',NULL,NULL,NULL,false,NULL,NULL,NULL,NULL,NULL,NULL,NULL,NULL,NULL,NULL,NULL,NULL,NULL,NULL,NULL,NULL,NULL,false,'NOT_CHECKED',NULL,NULL,NULL,NULL,NULL,0,NULL,NULL,NULL,NULL,NULL,NULL,NULL,NULL,NULL,false,NULL,0,false,NULL,true,NULL,NULL),
	 ('452300249','857',NULL,'LNAME','fname','1990-01-01 00:00:00','address',NULL,NULL,'Address Line Four',NULL,'NN1 3HQ','07551179225',NULL,NULL,true,NULL,NULL,NULL,NULL,NULL,NULL,NULL,NULL,NULL,NULL,'',NULL,NULL,NULL,NULL,NULL,NULL,NULL,'NOT_CHECKED','2025-08-10 12:02:01',NULL,'','email@outlook.com',NULL,0,NULL,NULL,NULL,NULL,NULL,NULL,NULL,NULL,NULL,false,NULL,0,false,NULL,true,NULL,NULL),
	 ('041518981','857',NULL,'lname','fname','1981-09-27 00:00:00','address',NULL,NULL,'Address Line Four',NULL,'CH2 2AA','07590309447',NULL,NULL,true,'2025-08-10 00:00:00','C','Y',NULL,NULL,'MODTESTBUREAU',NULL,NULL,NULL,NULL,'',NULL,NULL,NULL,NULL,NULL,NULL,NULL,'NOT_CHECKED','2025-08-10 12:10:02',NULL,'','e@mail.com',NULL,0,NULL,NULL,NULL,NULL,NULL,NULL,NULL,NULL,NULL,false,NULL,0,false,NULL,true,NULL,NULL),
	 ('041500137','857','Mr','lname','fname',NULL,'address',NULL,NULL,'Address Line Four',NULL,'CH2 2AA',NULL,NULL,NULL,false,NULL,NULL,NULL,NULL,NULL,NULL,NULL,NULL,NULL,NULL,NULL,NULL,NULL,NULL,NULL,NULL,NULL,false,'NOT_CHECKED','2025-08-10 12:07:57',NULL,NULL,NULL,NULL,0,NULL,NULL,NULL,NULL,NULL,NULL,NULL,NULL,NULL,false,NULL,0,false,NULL,true,NULL,NULL),
	 ('641500613','857',NULL,'lname','fname',NULL,'address',NULL,NULL,'Address Line Four',NULL,'CH2 2AA',NULL,NULL,NULL,false,NULL,NULL,NULL,NULL,NULL,NULL,NULL,NULL,NULL,NULL,NULL,NULL,NULL,NULL,NULL,NULL,NULL,false,'NOT_CHECKED','2025-08-10 12:20:41',NULL,NULL,NULL,NULL,0,NULL,NULL,NULL,NULL,NULL,NULL,NULL,NULL,NULL,false,NULL,0,false,NULL,true,NULL,NULL),
	 ('041531071','857',NULL,'lname','fname',NULL,'address',NULL,NULL,'Address Line Four',NULL,'CH2 2AA',NULL,NULL,NULL,false,NULL,NULL,NULL,NULL,NULL,NULL,NULL,NULL,NULL,NULL,NULL,NULL,NULL,NULL,NULL,NULL,NULL,false,'NOT_CHECKED',NULL,NULL,NULL,NULL,NULL,0,NULL,NULL,NULL,NULL,NULL,NULL,NULL,NULL,NULL,false,NULL,0,false,NULL,true,NULL,NULL),
	 ('041500152','857',NULL,'lname','fname',NULL,'address',NULL,NULL,'Address Line Four',NULL,'CH2 2AA',NULL,NULL,NULL,false,NULL,NULL,NULL,NULL,NULL,NULL,NULL,NULL,NULL,NULL,NULL,NULL,NULL,NULL,NULL,NULL,NULL,false,'NOT_CHECKED','2025-08-10 13:01:29',NULL,NULL,NULL,NULL,0,NULL,NULL,NULL,NULL,NULL,NULL,NULL,NULL,NULL,false,NULL,0,false,NULL,true,NULL,NULL),
	 ('041534790','857',NULL,'lname','fname',NULL,'address',NULL,NULL,'Address Line Four',NULL,'CH2 2AA',NULL,NULL,NULL,true,'2025-08-10 00:00:00','D',NULL,NULL,NULL,NULL,NULL,NULL,NULL,NULL,NULL,NULL,NULL,NULL,NULL,NULL,NULL,false,'NOT_CHECKED','2025-08-10 13:13:49',NULL,NULL,NULL,NULL,0,NULL,NULL,NULL,NULL,NULL,NULL,NULL,NULL,NULL,false,NULL,0,false,NULL,true,NULL,NULL);
INSERT INTO juror_mod.juror (juror_number,poll_number,title,last_name,first_name,dob,address_line_1,address_line_2,address_line_3,address_line_4,address_line_5,postcode,h_phone,w_phone,w_ph_local,responded,date_excused,excusal_code,acc_exc,date_disq,disq_code,user_edtq,notes,no_def_pos,perm_disqual,reasonable_adj_code,reasonable_adj_msg,smart_card_number,completion_date,sort_code,bank_acct_name,bank_acct_no,bldg_soc_roll_no,welsh,police_check,last_update,summons_file,m_phone,h_email,contact_preference,notifications,date_created,optic_reference,pending_title,pending_first_name,pending_last_name,mileage,financial_loss,travel_time,bureau_transfer_date,claiming_subsistence_allowance,service_comp_comms_status,login_attempts,is_locked,police_check_last_update,response_entered,lock_time,living_overseas) VALUES
	 ('041500153','857',NULL,'lname','fname',NULL,'address',NULL,NULL,'Address Line Four',NULL,'CH2 2AA',NULL,NULL,NULL,false,NULL,NULL,NULL,NULL,NULL,NULL,NULL,NULL,NULL,NULL,NULL,NULL,NULL,NULL,NULL,NULL,NULL,false,'NOT_CHECKED','2025-08-10 13:15:37',NULL,NULL,NULL,NULL,0,NULL,NULL,NULL,NULL,NULL,NULL,NULL,NULL,NULL,false,NULL,0,false,NULL,true,NULL,NULL),
	 ('041500131','857',NULL,'lname','fname','1970-01-01 00:00:00','address',NULL,NULL,'Address Line Four',NULL,'CH2 2AA','0123456789',NULL,NULL,true,NULL,NULL,NULL,NULL,NULL,'MODTESTBUREAU',NULL,1,NULL,NULL,'',NULL,NULL,NULL,NULL,NULL,NULL,NULL,'NOT_CHECKED','2025-08-10 13:37:49',NULL,'','test@test.com',NULL,0,NULL,NULL,NULL,NULL,NULL,NULL,NULL,NULL,NULL,false,NULL,0,false,NULL,true,NULL,NULL),
	 ('041500154','857',NULL,'lname','fname',NULL,'address',NULL,NULL,'Address Line Four',NULL,'CH2 2AA',NULL,NULL,NULL,false,NULL,NULL,NULL,NULL,NULL,NULL,NULL,NULL,NULL,NULL,NULL,NULL,NULL,NULL,NULL,NULL,NULL,false,'NOT_CHECKED','2025-08-10 13:51:16',NULL,NULL,NULL,NULL,0,NULL,NULL,NULL,NULL,NULL,NULL,NULL,NULL,NULL,false,NULL,0,false,NULL,true,NULL,NULL),
	 ('041517923','857',NULL,'lname','fname','1981-09-27 00:00:00','address',NULL,NULL,'Address Line Four',NULL,'CH2 2AA','07590309447',NULL,NULL,true,'2025-08-10 00:00:00','D',NULL,NULL,NULL,'MODTESTBUREAU',NULL,NULL,NULL,NULL,'',NULL,NULL,NULL,NULL,NULL,NULL,NULL,'NOT_CHECKED','2025-08-10 13:49:46',NULL,'','e@mail.com',NULL,0,NULL,NULL,NULL,NULL,NULL,NULL,NULL,NULL,NULL,false,NULL,0,false,NULL,true,NULL,NULL),
	 ('041537779','857',NULL,'lname','fname','1970-01-01 00:00:00','address',NULL,NULL,'Address Line Four',NULL,'CH2 2AA','0123456789',NULL,NULL,true,NULL,NULL,NULL,NULL,NULL,'MODTESTCOURT',NULL,2,NULL,NULL,'',NULL,NULL,NULL,NULL,NULL,NULL,NULL,'NOT_CHECKED','2025-08-10 13:19:44',NULL,'','test@test.com',NULL,0,NULL,NULL,NULL,NULL,NULL,NULL,NULL,NULL,'2025-08-09',false,NULL,0,false,NULL,true,NULL,NULL),
	 ('041520027','857',NULL,'lname','fname','1970-01-01 00:00:00','address',NULL,NULL,'Address Line Four',NULL,'CH2 2AA','0123456789',NULL,NULL,true,NULL,NULL,'Z',NULL,NULL,'MODTESTBUREAU',NULL,1,NULL,NULL,'',NULL,NULL,NULL,NULL,NULL,NULL,NULL,'NOT_CHECKED','2025-08-10 13:23:32',NULL,'','test@test.com',NULL,0,NULL,NULL,NULL,NULL,NULL,NULL,NULL,NULL,NULL,false,NULL,0,false,NULL,true,NULL,NULL),
	 ('041500059','857',NULL,'lname','fname','1990-01-01 00:00:00','address',NULL,NULL,'Address Line Four',NULL,'CH2 2AA','01234561234',NULL,NULL,true,NULL,NULL,NULL,'2025-08-10 00:00:00','R','MODTESTBUREAU',NULL,NULL,NULL,NULL,'',NULL,NULL,NULL,NULL,NULL,NULL,NULL,'NOT_CHECKED','2025-08-10 13:26:13',NULL,'','e@mail.com',NULL,0,NULL,NULL,'','fname','Changed',NULL,NULL,NULL,NULL,false,NULL,0,false,NULL,true,NULL,NULL),
	 ('041500062','857',NULL,'lname','fname','1970-01-01 00:00:00','address',NULL,NULL,'Address Line Four',NULL,'CH2 2AA','0123456789',NULL,NULL,true,NULL,NULL,NULL,NULL,NULL,'MODTESTBUREAU',NULL,0,NULL,NULL,'',NULL,NULL,NULL,NULL,NULL,NULL,NULL,'NOT_CHECKED','2025-08-10 13:50:19',NULL,'','test@test.com',NULL,0,NULL,NULL,NULL,NULL,NULL,NULL,NULL,NULL,NULL,false,NULL,0,false,NULL,true,NULL,NULL),
	 ('041500168','857',NULL,'JONES','fname',NULL,'address',NULL,NULL,'Address Line Four',NULL,'CH2 2AA',NULL,NULL,NULL,false,NULL,NULL,NULL,NULL,NULL,NULL,NULL,NULL,NULL,NULL,NULL,NULL,NULL,NULL,NULL,NULL,NULL,false,'NOT_CHECKED','2025-08-10 13:53:56',NULL,NULL,NULL,NULL,0,NULL,NULL,NULL,NULL,NULL,NULL,NULL,NULL,NULL,false,NULL,0,false,NULL,true,NULL,NULL),
	 ('041500070','857',NULL,'lname','fname','1990-01-01 00:00:00','address',NULL,NULL,'Address Line Four',NULL,'CH2 2AA','01234561234',NULL,NULL,true,NULL,NULL,NULL,'2025-08-10 00:00:00','R','MODTESTBUREAU',NULL,NULL,NULL,NULL,'',NULL,NULL,NULL,NULL,NULL,NULL,NULL,'NOT_CHECKED','2025-08-10 13:26:13',NULL,'','e@mail.com',NULL,0,NULL,NULL,'','fname','Changed',NULL,NULL,NULL,NULL,false,NULL,0,false,NULL,true,NULL,NULL),
	 ('041500071','857',NULL,'lname','fname','1990-01-01 00:00:00','address',NULL,NULL,'Address Line Four',NULL,'CH2 2AA','01234561234',NULL,NULL,true,NULL,NULL,NULL,'2025-08-10 00:00:00','R','MODTESTBUREAU',NULL,NULL,NULL,NULL,'',NULL,NULL,NULL,NULL,NULL,NULL,NULL,'NOT_CHECKED','2025-08-10 13:26:13',NULL,'','e@mail.com',NULL,0,NULL,NULL,'','fname','Changed',NULL,NULL,NULL,NULL,false,NULL,0,false,NULL,true,NULL,NULL),
	 ('041500072','857',NULL,'lname','fname','1990-01-01 00:00:00','address',NULL,NULL,'Address Line Four',NULL,'CH2 2AA','01234561234',NULL,NULL,true,NULL,NULL,NULL,'2025-08-10 00:00:00','R','MODTESTBUREAU',NULL,NULL,NULL,NULL,'',NULL,NULL,NULL,NULL,NULL,NULL,NULL,'NOT_CHECKED','2025-08-10 13:26:13',NULL,'','e@mail.com',NULL,0,NULL,NULL,'','fname','Changed',NULL,NULL,NULL,NULL,false,NULL,0,false,NULL,true,NULL,NULL),
	 ('041500073','857',NULL,'lname','fname','1990-01-01 00:00:00','address',NULL,NULL,'Address Line Four',NULL,'CH2 2AA','01234561234',NULL,NULL,true,NULL,NULL,NULL,'2025-08-10 00:00:00','R','MODTESTBUREAU',NULL,NULL,NULL,NULL,'',NULL,NULL,NULL,NULL,NULL,NULL,NULL,'NOT_CHECKED','2025-08-10 13:26:13',NULL,'','e@mail.com',NULL,0,NULL,NULL,'','fname','Changed',NULL,NULL,NULL,NULL,false,NULL,0,false,NULL,true,NULL,NULL),
	 ('041500074','857',NULL,'lname','fname','1990-01-01 00:00:00','address',NULL,NULL,'Address Line Four',NULL,'CH2 2AA','01234561234',NULL,NULL,true,NULL,NULL,NULL,'2025-08-10 00:00:00','R','MODTESTBUREAU',NULL,NULL,NULL,NULL,'',NULL,NULL,NULL,NULL,NULL,NULL,NULL,'NOT_CHECKED','2025-08-10 13:26:13',NULL,'','e@mail.com',NULL,0,NULL,NULL,'','fname','Changed',NULL,NULL,NULL,NULL,false,NULL,0,false,NULL,true,NULL,NULL),
	 ('041500075','857',NULL,'lname','fname','1990-01-01 00:00:00','address',NULL,NULL,'Address Line Four',NULL,'CH2 2AA','01234561234',NULL,NULL,true,NULL,NULL,NULL,'2025-08-10 00:00:00','R','MODTESTBUREAU',NULL,NULL,NULL,NULL,'',NULL,NULL,NULL,NULL,NULL,NULL,NULL,'NOT_CHECKED','2025-08-10 13:26:13',NULL,'','e@mail.com',NULL,0,NULL,NULL,'','fname','Changed',NULL,NULL,NULL,NULL,false,NULL,0,false,NULL,true,NULL,NULL),
	 ('041500076','857',NULL,'lname','fname','1990-01-01 00:00:00','address',NULL,NULL,'Address Line Four',NULL,'CH2 2AA','01234561234',NULL,NULL,true,NULL,NULL,NULL,'2025-08-10 00:00:00','R','MODTESTBUREAU',NULL,NULL,NULL,NULL,'',NULL,NULL,NULL,NULL,NULL,NULL,NULL,'NOT_CHECKED','2025-08-10 13:26:13',NULL,'','e@mail.com',NULL,0,NULL,NULL,'','fname','Changed',NULL,NULL,NULL,NULL,false,NULL,0,false,NULL,true,NULL,NULL),
	 ('041500077','857',NULL,'lname','fname','1990-01-01 00:00:00','address',NULL,NULL,'Address Line Four',NULL,'CH2 2AA','01234561234',NULL,NULL,true,NULL,NULL,NULL,'2025-08-10 00:00:00','R','MODTESTBUREAU',NULL,NULL,NULL,NULL,'',NULL,NULL,NULL,NULL,NULL,NULL,NULL,'NOT_CHECKED','2025-08-10 13:26:13',NULL,'','e@mail.com',NULL,0,NULL,NULL,'','fname','Changed',NULL,NULL,NULL,NULL,false,NULL,0,false,NULL,true,NULL,NULL),
	 ('041500078','857',NULL,'lname','fname','1990-01-01 00:00:00','address',NULL,NULL,'Address Line Four',NULL,'CH2 2AA','01234561234',NULL,NULL,true,NULL,NULL,NULL,'2025-08-10 00:00:00','R','MODTESTBUREAU',NULL,NULL,NULL,NULL,'',NULL,NULL,NULL,NULL,NULL,NULL,NULL,'NOT_CHECKED','2025-08-10 13:26:13',NULL,'','e@mail.com',NULL,0,NULL,NULL,'','fname','Changed',NULL,NULL,NULL,NULL,false,NULL,0,false,NULL,true,NULL,NULL),
	 ('041500079','857',NULL,'lname','fname','1990-01-01 00:00:00','address',NULL,NULL,'Address Line Four',NULL,'CH2 2AA','01234561234',NULL,NULL,true,NULL,NULL,NULL,'2025-08-10 00:00:00','R','MODTESTBUREAU',NULL,NULL,NULL,NULL,'',NULL,NULL,NULL,NULL,NULL,NULL,NULL,'NOT_CHECKED','2025-08-10 13:26:13',NULL,'','e@mail.com',NULL,0,NULL,NULL,'','fname','Changed',NULL,NULL,NULL,NULL,false,NULL,0,false,NULL,true,NULL,NULL),
	 ('041500080','857',NULL,'lname','fname','1990-01-01 00:00:00','address',NULL,NULL,'Address Line Four',NULL,'CH2 2AA','01234561234',NULL,NULL,true,NULL,NULL,NULL,'2025-08-10 00:00:00','R','MODTESTBUREAU',NULL,NULL,NULL,NULL,'',NULL,NULL,NULL,NULL,NULL,NULL,NULL,'NOT_CHECKED','2025-08-10 13:26:13',NULL,'','e@mail.com',NULL,0,NULL,NULL,'','fname','Changed',NULL,NULL,NULL,NULL,false,NULL,0,false,NULL,true,NULL,NULL),
	 ('041500081','857',NULL,'lname','fname','1990-01-01 00:00:00','address',NULL,NULL,'Address Line Four',NULL,'CH2 2AA','01234561234',NULL,NULL,true,NULL,NULL,NULL,'2025-08-10 00:00:00','R','MODTESTBUREAU',NULL,NULL,NULL,NULL,'',NULL,NULL,NULL,NULL,NULL,NULL,NULL,'NOT_CHECKED','2025-08-10 13:26:13',NULL,'','e@mail.com',NULL,0,NULL,NULL,'','fname','Changed',NULL,NULL,NULL,NULL,false,NULL,0,false,NULL,true,NULL,NULL);


INSERT INTO juror_mod.juror_response (juror_number,date_received,title,first_name,last_name,address_line_1,address_line_2,address_line_3,address_line_4,address_line_5,postcode,processing_status,date_of_birth,phone_number,alt_phone_number,email,residency,residency_detail,mental_health_act,mental_health_capacity,mental_health_act_details,bail,bail_details,convictions,convictions_details,deferral,deferral_reason,deferral_date,reasonable_adjustments_arrangements,excusal,excusal_reason,processing_complete,signed,"version",thirdparty_fname,thirdparty_lname,relationship,main_phone,other_phone,email_address,thirdparty_reason,thirdparty_other_reason,juror_phone_details,juror_email_details,staff_login,staff_assignment_date,urgent,completed_at,welsh,reply_type) VALUES
	 ('045200013','2025-06-01 11:55:05.065',NULL,'fname','LNAME','address',NULL,NULL,'Address Line Four',NULL,'NN1 3HQ','AWAITING_TRANSLATION','1990-01-01','07551179225','','email@outlook.com',true,'',false,NULL,'',false,'',false,'',NULL,NULL,NULL,'',NULL,NULL,false,NULL,1,NULL,NULL,NULL,NULL,NULL,NULL,NULL,NULL,true,true,'MODTESTBUREAU','2025-08-10 00:00:00.000',false,NULL,false,'Digital'),
	 ('041531088','2025-07-02 00:00:00.000',NULL,'FNAMEFIVESIXFIVE','LNAMEFIVESIXFIVE','565 STREET NAME','ANYTOWN',NULL,'ldsadas',NULL,'CH1 2AN','TODO','1998-04-25',NULL,NULL,NULL,true,NULL,false,false,NULL,false,NULL,false,NULL,NULL,NULL,NULL,NULL,NULL,NULL,false,false,0,NULL,NULL,NULL,NULL,NULL,NULL,NULL,NULL,NULL,NULL,'MODTESTBUREAU',NULL,false,NULL,false,'Digital'),
	 ('041531086','2025-05-03 00:00:00.000',NULL,'FNAMEFIVESIXFIVE','LNAMEFIVESIXFIVE','565 STREET NAME','ANYTOWN',NULL,'ldsadas',NULL,'CH1 2AN','TODO','1998-04-25',NULL,NULL,NULL,true,NULL,false,false,NULL,false,NULL,false,NULL,NULL,NULL,NULL,NULL,NULL,NULL,false,false,0,NULL,NULL,NULL,NULL,NULL,NULL,NULL,NULL,NULL,NULL,'MODTESTBUREAU',NULL,false,NULL,false,'Digital'),
	 ('452300249','2025-08-04 12:02:00.902',NULL,'fname','LNAME','address',NULL,NULL,'Address Line Four',NULL,'NN1 3HQ','CLOSED','1990-01-01','07551179225','','email@outlook.com',true,'',false,NULL,'',false,'',false,'',NULL,NULL,NULL,'',NULL,NULL,true,NULL,1,NULL,NULL,NULL,NULL,NULL,NULL,NULL,NULL,true,true,'AUTO','2025-08-10 00:00:00.000',false,'2025-08-10 12:02:00.923',false,'Digital'),
	 ('041518981','2025-08-04 12:09:49.722',NULL,'fname','lname','address',NULL,NULL,'Address Line Four',NULL,'CH2 2AA','CLOSED','1981-09-27','07590309447','','e@mail.com',true,'',false,NULL,'',false,'',false,'',NULL,NULL,NULL,'',NULL,'Excuse me please',true,NULL,2,NULL,NULL,NULL,NULL,NULL,NULL,NULL,NULL,true,true,'MODTESTBUREAU',NULL,false,'2025-08-10 12:10:01.759',false,'Digital'),
	 ('041500137','2025-08-05 12:07:57.190','Mr','fname','lname','address',NULL,NULL,'Address Line Four',NULL,'CH2 2AA','TODO','1990-01-01','07551179225','','e@mail.com',true,'',false,NULL,'',false,'',false,'',NULL,NULL,NULL,'Reasonable adjustment detail',NULL,NULL,false,NULL,1,NULL,NULL,NULL,NULL,NULL,NULL,NULL,NULL,true,true,'ARAMIS1','2025-08-10 00:00:00.000',false,NULL,false,'Digital'),
	 ('641500613','2025-08-06 12:20:40.550','','fname','Changed','address',NULL,NULL,'Address Line Four',NULL,'CH2 2AA','TODO','1990-01-01','01234561234','','email@bureauA.com',false,'Not resident',true,NULL,'Am detained [MENTAL HEALTH Q2] Lack capacity',true,'Bailed',true,'Convicted',NULL,NULL,NULL,'',NULL,NULL,false,NULL,2,NULL,NULL,NULL,NULL,NULL,NULL,NULL,NULL,true,true,'MODTESTBUREAU','2025-08-10 00:00:00.000',false,NULL,false,'Digital'),
	 ('041531071','2025-08-09 00:00:00.000',NULL,'FNAMEFIVESIXFIVE','LNAMEFIVESIXFIVE','565 STREET NAME','ANYTOWN',NULL,'ldsadas',NULL,'CH1 2AN','TODO','1998-04-25',NULL,NULL,NULL,true,NULL,false,false,NULL,false,NULL,false,NULL,NULL,NULL,NULL,NULL,NULL,NULL,false,false,0,NULL,NULL,NULL,NULL,NULL,NULL,NULL,NULL,NULL,NULL,'MODTESTBUREAU',NULL,false,NULL,false,'Digital'),
	 ('041500152','2025-08-10 13:01:29.119','','fname','Changed','address',NULL,NULL,'Address Line Four',NULL,'CH2 2AA','AWAITING_CONTACT','1990-01-01','01234561234','','a@a.com',false,'Not resident',true,NULL,'Am detained [MENTAL HEALTH Q2] Lack capacity',true,'Bailed',true,'Convicted',NULL,NULL,NULL,'',NULL,NULL,false,NULL,1,NULL,NULL,NULL,NULL,NULL,NULL,NULL,NULL,true,true,'MODTESTBUREAU','2025-08-10 00:00:00.000',false,NULL,false,'Digital'),
	 ('041534790','2025-08-10 13:13:49.266',NULL,'fname','lname','address',NULL,NULL,'Address Line Four',NULL,'CH2 2AA','CLOSED',NULL,NULL,NULL,NULL,true,NULL,false,NULL,NULL,false,NULL,false,NULL,NULL,NULL,NULL,NULL,NULL,NULL,true,NULL,1,'FirstName','LastName','Friend','02078211818','','e@mail.com','deceased','',false,false,'AUTO','2025-08-10 00:00:00.000',false,'2025-08-10 13:13:49.296',false,'Digital');
INSERT INTO juror_mod.juror_response (juror_number,date_received,title,first_name,last_name,address_line_1,address_line_2,address_line_3,address_line_4,address_line_5,postcode,processing_status,date_of_birth,phone_number,alt_phone_number,email,residency,residency_detail,mental_health_act,mental_health_capacity,mental_health_act_details,bail,bail_details,convictions,convictions_details,deferral,deferral_reason,deferral_date,reasonable_adjustments_arrangements,excusal,excusal_reason,processing_complete,signed,"version",thirdparty_fname,thirdparty_lname,relationship,main_phone,other_phone,email_address,thirdparty_reason,thirdparty_other_reason,juror_phone_details,juror_email_details,staff_login,staff_assignment_date,urgent,completed_at,welsh,reply_type) VALUES
	 ('041500153','2025-08-10 13:15:37.234','','fname','Changed','address',NULL,NULL,'Address Line Four',NULL,'CH2 2AA','AWAITING_CONTACT','1990-01-01','01234561234','','a@a.com',false,'Not resident',true,NULL,'Am detained [MENTAL HEALTH Q2] Lack capacity',true,'Bailed',true,'Convicted',NULL,NULL,NULL,'',NULL,NULL,false,NULL,1,NULL,NULL,NULL,NULL,NULL,NULL,NULL,NULL,true,true,'MODTESTBUREAU','2025-08-10 00:00:00.000',false,NULL,false,'Digital'),
	 ('041500131','2025-08-10 13:37:16.178',NULL,'fname','lname','address',NULL,NULL,'Address Line Four',NULL,'CH2 2AA','CLOSED','1970-01-01','0123456789','','test@test.com',true,'',false,NULL,'',false,'',false,'',NULL,'Test Digital Deferral Reason','01/12/2025, 08/12/2025, 15/12/2025','',NULL,NULL,true,NULL,2,NULL,NULL,NULL,NULL,NULL,NULL,NULL,NULL,true,true,'MODTESTBUREAU','2025-08-10 00:00:00.000',false,'2025-08-10 13:37:48.780',false,'Digital'),
	 ('041500154','2025-08-11 13:51:15.685','','fname','Changed','address',NULL,NULL,'Address Line Four',NULL,'CH2 2AA','AWAITING_CONTACT','1990-01-01','01234561234','','a@a.com',false,'Not resident',true,NULL,'Am detained [MENTAL HEALTH Q2] Lack capacity',true,'Bailed',true,'Convicted',NULL,NULL,NULL,'',NULL,NULL,false,NULL,1,NULL,NULL,NULL,NULL,NULL,NULL,NULL,NULL,true,true,'MODTESTBUREAU','2025-08-02 00:00:00.000',false,NULL,false,'Digital'),
	 ('041517923','2025-08-11 13:49:16.385',NULL,'fname','lname','address',NULL,NULL,'Address Line Four',NULL,'CH2 2AA','CLOSED','1981-09-27','07590309447','','e@mail.com',true,'',false,NULL,'',false,'',false,'',NULL,NULL,NULL,'',NULL,'Excuse me please',true,NULL,2,NULL,NULL,NULL,NULL,NULL,NULL,NULL,NULL,true,true,'MODTESTBUREAU',NULL,false,'2025-08-10 13:49:46.035',false,'Digital'),
	 ('041537779','2025-08-11 13:18:46.544',NULL,'fname','lname','address',NULL,NULL,'Address Line Four',NULL,'CH2 2AA','CLOSED','1970-01-01','0123456789','','test@test.com',true,'',false,NULL,'',false,'',false,'',NULL,'Test Digital Deferral Reason','01/12/2025, 08/12/2025, 15/12/2025','',NULL,NULL,true,NULL,2,NULL,NULL,NULL,NULL,NULL,NULL,NULL,NULL,true,true,'MODTESTCOURT','2025-08-09 00:00:00.000',false,'2025-08-09 13:19:21.299',false,'Digital'),
	 ('041520027','2025-08-20 13:22:45.798',NULL,'fname','lname','address',NULL,NULL,'Address Line Four',NULL,'CH2 2AA','CLOSED','1970-01-01','0123456789','','test@test.com',true,'',false,NULL,'',false,'',false,'',NULL,'Test Digital Deferral Reason','01/12/2025, 08/12/2025, 15/12/2025','',NULL,NULL,true,NULL,2,NULL,NULL,NULL,NULL,NULL,NULL,NULL,NULL,true,true,'MODTESTBUREAU','2025-08-10 00:00:00.000',false,'2025-08-10 13:23:19.204',false,'Digital'),
	 ('041500059','2025-08-20 13:25:56.865','','fname','Changed','address',NULL,NULL,'Address Line Four',NULL,'CH2 2AA','CLOSED','1990-01-01','01234561234','','e@mail.com',false,'Not resident',true,NULL,'Am detained [MENTAL HEALTH Q2] Lack capacity',true,'Bailed',true,'Convicted',NULL,NULL,NULL,'',NULL,NULL,true,NULL,2,NULL,NULL,NULL,NULL,NULL,NULL,NULL,NULL,true,true,'MODTESTBUREAU','2025-08-20 00:00:00.000',false,'2025-08-20 13:26:13.446',false,'Digital'),
	 ('041500070','2025-08-20 13:25:56.865','','fname','Changed','address',NULL,NULL,'Address Line Four',NULL,'CH2 2AA','CLOSED','1990-01-01','01234561234','','e@mail.com',false,'Not resident',true,NULL,'Am detained [MENTAL HEALTH Q2] Lack capacity',true,'Bailed',true,'Convicted',NULL,NULL,NULL,'',NULL,NULL,true,NULL,2,NULL,NULL,NULL,NULL,NULL,NULL,NULL,NULL,true,true,'MODTESTBUREAU','2025-08-20 00:00:00.000',false,'2025-08-11 13:26:13.446',false,'Digital'),
	 ('041500071','2025-08-20 13:25:56.865','','fname','Changed','address',NULL,NULL,'Address Line Four',NULL,'CH2 2AA','CLOSED','1990-01-01','01234561234','','e@mail.com',false,'Not resident',true,NULL,'Am detained [MENTAL HEALTH Q2] Lack capacity',true,'Bailed',true,'Convicted',NULL,NULL,NULL,'',NULL,NULL,true,NULL,2,NULL,NULL,NULL,NULL,NULL,NULL,NULL,NULL,true,true,'MODTESTBUREAU','2025-08-20 00:00:00.000',false,'2025-08-12 13:26:13.446',false,'Digital'),
	 ('041500072','2025-08-20 13:25:56.865','','fname','Changed','address',NULL,NULL,'Address Line Four',NULL,'CH2 2AA','CLOSED','1990-01-01','01234561234','','e@mail.com',false,'Not resident',true,NULL,'Am detained [MENTAL HEALTH Q2] Lack capacity',true,'Bailed',true,'Convicted',NULL,NULL,NULL,'',NULL,NULL,true,NULL,2,NULL,NULL,NULL,NULL,NULL,NULL,NULL,NULL,true,true,'MODTESTBUREAU','2025-08-20 00:00:00.000',false,'2025-08-13 13:26:13.446',false,'Digital'),
	 ('041500073','2025-08-20 13:25:56.865','','fname','Changed','address',NULL,NULL,'Address Line Four',NULL,'CH2 2AA','CLOSED','1990-01-01','01234561234','','e@mail.com',false,'Not resident',true,NULL,'Am detained [MENTAL HEALTH Q2] Lack capacity',true,'Bailed',true,'Convicted',NULL,NULL,NULL,'',NULL,NULL,true,NULL,2,NULL,NULL,NULL,NULL,NULL,NULL,NULL,NULL,true,true,'MODTESTBUREAU','2025-08-20 00:00:00.000',false,'2025-08-14 13:26:13.446',false,'Digital'),
	 ('041500074','2025-08-20 13:25:56.865','','fname','Changed','address',NULL,NULL,'Address Line Four',NULL,'CH2 2AA','CLOSED','1990-01-01','01234561234','','e@mail.com',false,'Not resident',true,NULL,'Am detained [MENTAL HEALTH Q2] Lack capacity',true,'Bailed',true,'Convicted',NULL,NULL,NULL,'',NULL,NULL,true,NULL,2,NULL,NULL,NULL,NULL,NULL,NULL,NULL,NULL,true,true,'MODTESTBUREAU','2025-08-20 00:00:00.000',false,'2025-08-15 13:26:13.446',false,'Digital'),
	 ('041500075','2025-08-20 13:25:56.865','','fname','Changed','address',NULL,NULL,'Address Line Four',NULL,'CH2 2AA','CLOSED','1990-01-01','01234561234','','e@mail.com',false,'Not resident',true,NULL,'Am detained [MENTAL HEALTH Q2] Lack capacity',true,'Bailed',true,'Convicted',NULL,NULL,NULL,'',NULL,NULL,true,NULL,2,NULL,NULL,NULL,NULL,NULL,NULL,NULL,NULL,true,true,'MODTESTBUREAU','2025-08-20 00:00:00.000',false,'2025-08-16 13:26:13.446',false,'Digital'),
	 ('041500076','2025-08-20 13:25:56.865','','fname','Changed','address',NULL,NULL,'Address Line Four',NULL,'CH2 2AA','CLOSED','1990-01-01','01234561234','','e@mail.com',false,'Not resident',true,NULL,'Am detained [MENTAL HEALTH Q2] Lack capacity',true,'Bailed',true,'Convicted',NULL,NULL,NULL,'',NULL,NULL,true,NULL,2,NULL,NULL,NULL,NULL,NULL,NULL,NULL,NULL,true,true,'MODTESTBUREAU','2025-08-20 00:00:00.000',false,'2025-08-17 13:26:13.446',false,'Digital'),
	 ('041500077','2025-08-20 13:25:56.865','','fname','Changed','address',NULL,NULL,'Address Line Four',NULL,'CH2 2AA','CLOSED','1990-01-01','01234561234','','e@mail.com',false,'Not resident',true,NULL,'Am detained [MENTAL HEALTH Q2] Lack capacity',true,'Bailed',true,'Convicted',NULL,NULL,NULL,'',NULL,NULL,true,NULL,2,NULL,NULL,NULL,NULL,NULL,NULL,NULL,NULL,true,true,'MODTESTBUREAU','2025-08-20 00:00:00.000',false,'2025-08-18 13:26:13.446',false,'Digital'),
	 ('041500078','2025-08-20 13:25:56.865','','fname','Changed','address',NULL,NULL,'Address Line Four',NULL,'CH2 2AA','CLOSED','1990-01-01','01234561234','','e@mail.com',false,'Not resident',true,NULL,'Am detained [MENTAL HEALTH Q2] Lack capacity',true,'Bailed',true,'Convicted',NULL,NULL,NULL,'',NULL,NULL,true,NULL,2,NULL,NULL,NULL,NULL,NULL,NULL,NULL,NULL,true,true,'MODTESTBUREAU','2025-08-20 00:00:00.000',false,'2025-08-19 13:26:13.446',false,'Digital'),
	 ('041500079','2025-08-20 13:25:56.865','','fname','Changed','address',NULL,NULL,'Address Line Four',NULL,'CH2 2AA','CLOSED','1990-01-01','01234561234','','e@mail.com',false,'Not resident',true,NULL,'Am detained [MENTAL HEALTH Q2] Lack capacity',true,'Bailed',true,'Convicted',NULL,NULL,NULL,'',NULL,NULL,true,NULL,2,NULL,NULL,NULL,NULL,NULL,NULL,NULL,NULL,true,true,'MODTESTBUREAU','2025-08-20 00:00:00.000',false,'2025-08-20 13:26:13.446',false,'Digital'),
	 ('041500080','2025-08-20 13:25:56.865','','fname','Changed','address',NULL,NULL,'Address Line Four',NULL,'CH2 2AA','CLOSED','1990-01-01','01234561234','','e@mail.com',false,'Not resident',true,NULL,'Am detained [MENTAL HEALTH Q2] Lack capacity',true,'Bailed',true,'Convicted',NULL,NULL,NULL,'',NULL,NULL,true,NULL,2,NULL,NULL,NULL,NULL,NULL,NULL,NULL,NULL,true,true,'MODTESTBUREAU','2025-08-20 00:00:00.000',false,'2025-08-21 13:26:13.446',false,'Digital'),
	 ('041500081','2025-08-20 13:25:56.865','','fname','Changed','address',NULL,NULL,'Address Line Four',NULL,'CH2 2AA','CLOSED','1990-01-01','01234561234','','e@mail.com',false,'Not resident',true,NULL,'Am detained [MENTAL HEALTH Q2] Lack capacity',true,'Bailed',true,'Convicted',NULL,NULL,NULL,'',NULL,NULL,true,NULL,2,NULL,NULL,NULL,NULL,NULL,NULL,NULL,NULL,true,true,'MODTESTBUREAU','2025-08-20 00:00:00.000',false,'2025-08-22 13:26:13.446',false,'Digital'),
	 ('041500062','2025-07-10 13:49:35.907',NULL,'fname','lname','address',NULL,NULL,'Address Line Four',NULL,'CH2 2AA','CLOSED','1970-01-01','0123456789','','test@test.com',true,'',false,NULL,'',false,'',false,'',NULL,'Test Digital Deferral Reason','01/12/2025, 08/12/2025, 15/12/2025','',NULL,NULL,true,NULL,2,NULL,NULL,NULL,NULL,NULL,NULL,NULL,NULL,true,true,'MODTESTBUREAU','2025-08-10 00:00:00.000',false,'2025-08-26 13:50:09.112',false,'Digital'),
	 ('041500168','2025-09-01 13:53:55.928',NULL,'fname','JONES','address',NULL,NULL,'Address Line Four',NULL,'CH2 2AA','TODO','1990-01-01','07111111111','01212222222','test@gmail.com',true,'',false,NULL,'',false,'',false,'',NULL,NULL,NULL,'Special Need is DIABETES',NULL,NULL,false,NULL,0,NULL,NULL,NULL,NULL,NULL,NULL,NULL,NULL,true,true,NULL,NULL,false,NULL,false,'Digital');
