-- create a pool for court location 415
insert into juror_mod.pool (owner, pool_no, return_date, total_no_required, no_requested, pool_type, loc_code,
                            new_request, attend_time)
values ('415', '641500000', current_date - 45, 5, 5, 'CRO', '415', 'N', '2025-10-05 09:30:00.000'),
 ('416', '641600000', current_date - 40, 5, 5, 'CRO', '415', 'N', '2025-10-05 09:30:00.000');


-- create juror records
insert into juror_mod.juror (juror_number, first_name, last_name, responded, address_line_1)
values ('100000000', 'FName 0', 'LName 0', true, 'addressLine1'),
       ('100000001', 'FName 1', 'LName 1', true, 'addressLine1'),
       ('100000002', 'FName 2', 'LName 2', true, 'addressLine1'),
       ('100000003', 'FName 3', 'LName 3', true, 'addressLine1'),
       ('100000004', 'FName 4', 'LName 4', true, 'addressLine1'),
       ('100000005', 'FName 5', 'LName 5', true, 'addressLine1'),
       ('100000006', 'FName 6', 'LName 6', true, 'addressLine1'),
       ('100000007', 'FName 7', 'LName 7', true, 'addressLine1'),
       ('100000008', 'FName 8', 'LName 8', true, 'addressLine1'),
       ('100000009', 'FName 9', 'LName 9', true, 'addressLine1');

INSERT INTO juror_mod.appearance(attendance_date, juror_number, loc_code, attendance_audit_number, time_out, time_in,
                                 trial_number, subsistence_paid)
values (current_date, '100000000', '415', 'J12345678', '17:30', '08:30', null, 10.25),
       (current_date - 1, '100000001', '415', 'J12345678', '17:30', '08:30', null, 10.25),
       (current_date - 2, '100000002', '415', 'J12345678', '17:30', '08:30', null, 10.25),
       (current_date - 3, '100000003', '415', 'J12345678', '17:30', '08:30', null, 10.25),
       (current_date - 4 , '100000004', '415', 'J12345678', '17:30', '08:30', null, 10.25),
       (current_date - 5, '100000005', '415', 'J12345678', '17:30', '08:30', null, 10.25),
       (current_date - 6, '100000006', '415', 'J1234', '17:30', '08:30', null, 10.25),
       (current_date - 7, '100000007', '415', 'J1234', '17:30', '08:30', null, 10.25),
       (current_date - 8, '100000008', '415', 'P12345678', '17:30', '08:30', null, 10.25),
       (current_date - 9, '100000009', '415', 'P12345678', '17:30', '08:30', null, 10.25),
       (current_date - 10, '100000009', '415', 'P12345678', '17:30', '08:30', null, 10.25),
       (current_date - 11, '100000009', '415', 'P12345678', '17:30', '08:30', null, 10.25),
       (current_date - 12, '100000009', '415', 'P12345678', '17:30', '08:30', null, 10.25),
       (current_date - 13, '100000009', '415', 'P12345678', '17:30', '08:30', null, 10.25),
       (current_date - 14, '100000009', '415', 'P12345678', '17:30', '08:30', null, 10.25),
       (current_date - 15, '100000009', '415', 'P12345678', '17:30', '08:30', null, 10.25),
       (current_date - 16, '100000009', '415', 'P12345678', '17:30', '08:30', null, 10.25),
       (current_date - 17, '100000009', '415', 'P12345678', '17:30', '08:30', null, 10.25),
       (current_date - 18, '100000009', '415', 'P12345678', '17:30', '08:30', null, 10.25),
       (current_date - 19, '100000009', '415', 'P12345678', '17:30', '08:30', null, 10.25),
       (current_date - 20, '100000009', '415', 'P12345678', '17:30', '08:30', null, 10.25),
       (current_date - 21, '100000009', '415', 'P12345678', '17:30', '08:30', null, 10.25),
       (current_date - 22, '100000009', '415', 'P12345678', '17:30', '08:30', null, 10.25),
       (current_date - 23, '100000009', '415', 'P12345678', '17:30', '08:30', null, 10.25),
       (current_date - 24, '100000009', '415', 'P12345678', '17:30', '08:30', null, 10.25),
       (current_date - 25, '100000009', '415', 'P12345678', '17:30', '08:30', null, 10.25),
       (current_date - 26, '100000009', '415', 'P12345678', '17:30', '08:30', null, 10.25),
       (current_date - 27, '100000009', '415', 'P12345678', '17:30', '08:30', null, 10.25),
       (current_date - 28, '100000009', '415', 'P12345678', '17:30', '08:30', null, 10.25),
       (current_date - 29, '100000009', '415', 'P12345678', '17:30', '08:30', null, 10.25),
       (current_date - 30, '100000009', '415', 'P12345678', '17:30', '08:30', null, 10.25),
       (current_date, '100000008', '416', 'J12345678', '17:30', '08:30', null, 10.25),
       (current_date - 1, '100000008', '416', 'J12345678', '17:30', '08:30', null, 10.25),
       (current_date - 2, '100000008', '416', 'J12345678', '17:30', '08:30', null, 10.25),
       (current_date - 3, '100000008', '416', 'J12345678', '17:30', '08:30', null, 10.25),
       (current_date - 4 , '100000008', '416', 'J12345678', '17:30', '08:30', null, 10.25),
       (current_date - 5, '100000008', '416', 'J12345678', '17:30', '08:30', null, 10.25),
       (current_date - 6, '100000008', '416', 'J1234', '17:30', '08:30', null, 10.25),
       (current_date - 7, '100000008', '416', 'J1234', '17:30', '08:30', null, 10.25),
       (current_date - 8, '100000008', '416', 'P12345678', '17:30', '08:30', null, 10.25),
       (current_date - 9, '100000008', '416', 'P12345678', '17:30', '08:30', null, 10.25),
       (current_date - 10, '100000008', '416', 'P12345678', '17:30', '08:30', null, 10.25),
       (current_date - 11, '100000008', '416', 'P12345678', '17:30', '08:30', null, 10.25),
       (current_date - 12, '100000008', '416', 'P12345678', '17:30', '08:30', null, 10.25),
       (current_date - 13, '100000008', '416', 'P12345678', '17:30', '08:30', null, 10.25),
       (current_date - 14, '100000008', '416', 'P12345678', '17:30', '08:30', null, 10.25),
       (current_date - 15, '100000008', '416', 'P12345678', '17:30', '08:30', null, 10.25),
       (current_date - 16, '100000008', '416', 'P12345678', '17:30', '08:30', null, 10.25),
       (current_date - 17, '100000008', '416', 'P12345678', '17:30', '08:30', null, 10.25),
       (current_date - 18, '100000008', '416', 'P12345678', '17:30', '08:30', null, 10.25),
       (current_date - 19, '100000008', '416', 'P12345678', '17:30', '08:30', null, 10.25),
       (current_date - 20, '100000008', '416', 'P12345678', '17:30', '08:30', null, 10.25),
       (current_date - 21, '100000008', '416', 'P12345678', '17:30', '08:30', null, 10.25),
       (current_date - 22, '100000008', '416', 'P12345678', '17:30', '08:30', null, 10.25),
       (current_date - 23, '100000008', '416', 'P12345678', '17:30', '08:30', null, 10.25),
       (current_date - 24, '100000008', '416', 'P12345678', '17:30', '08:30', null, 10.25),
       (current_date - 25, '100000008', '416', 'P12345678', '17:30', '08:30', null, 10.25),
       (current_date - 26, '100000008', '416', 'P12345678', '17:30', '08:30', null, 10.25),
       (current_date - 27, '100000008', '416', 'P12345678', '17:30', '08:30', null, 10.25),
       (current_date - 28, '100000008', '416', 'P12345678', '17:30', '08:30', null, 10.25),
       (current_date - 29, '100000008', '416', 'P12345678', '17:30', '08:30', null, 10.25),
       (current_date - 30, '100000008', '416', 'P12345678', '17:30', '08:30', null, 10.25);
