ALTER SEQUENCE juror_mod.judge_id_seq
RESTART WITH 1;
ALTER SEQUENCE juror_mod.courtroom_id_seq
RESTART WITH 1;

insert into juror_mod.judge (owner, code, description) values
('415', '0001', 'judge dredd'),
('415', '0002', 'judge jose');

insert into juror_mod.courtroom (loc_code, room_number, description) values
('415', '1', 'big room'),
('415', '2', 'small room');

INSERT INTO juror_mod.juror (juror_number,poll_number,title,last_name,first_name,dob,address_line_1,address_line_2,address_line_3,address_line_4,address_line_5,postcode,h_phone,w_phone,w_ph_local,responded,date_excused,excusal_code,acc_exc,date_disq,disq_code,user_edtq,notes,no_def_pos,perm_disqual,reasonable_adj_code,reasonable_adj_msg,smart_card_number,completion_date,sort_code,bank_acct_name,bank_acct_no,bldg_soc_roll_no,welsh,police_check,last_update,summons_file,m_phone,h_email,contact_preference,notifications,date_created,optic_reference,pending_title,pending_first_name,pending_last_name,mileage,financial_loss,travel_time,bureau_transfer_date,claiming_subsistence_allowance,service_comp_comms_status,login_attempts,is_locked,police_check_last_update,response_entered,lock_time,living_overseas) VALUES
	 ('641674001','1',NULL,'LNAMEONE','FNAMEONE',NULL,'1 STREET NAME','ANYTOWN',NULL,NULL,NULL,'CH1 2AN',NULL,NULL,NULL,false,NULL,NULL,NULL,NULL,NULL,NULL,NULL,NULL,NULL,NULL,NULL,NULL,NULL,NULL,NULL,NULL,NULL,NULL,'NOT_CHECKED','2025-09-22 16:23:05',NULL,NULL,NULL,NULL,0,'2025-09-22 16:23:05.277324',NULL,NULL,NULL,NULL,NULL,NULL,NULL,'2025-09-21',false,NULL,0,false,NULL,false,NULL,NULL),
	 ('641618001','1',NULL,'LNAMETWO','FNAMETWO',NULL,'1 STREET NAME','ANYTOWN',NULL,NULL,NULL,'CH1 2AN',NULL,NULL,NULL,false,NULL,NULL,NULL,NULL,NULL,NULL,NULL,NULL,NULL,NULL,NULL,NULL,NULL,NULL,NULL,NULL,NULL,NULL,'NOT_CHECKED','2025-09-22 16:23:05',NULL,NULL,NULL,NULL,0,'2025-09-22 16:23:05.280154',NULL,NULL,NULL,NULL,NULL,NULL,NULL,'2025-09-21',false,NULL,0,false,NULL,false,NULL,NULL),
	 ('641684001','1',NULL,'LNAMTHREE','FNAMETHREE',NULL,'1 STREET NAME','ANYTOWN',NULL,NULL,NULL,'CH1 2AN',NULL,NULL,NULL,false,NULL,NULL,NULL,NULL,NULL,NULL,NULL,NULL,NULL,NULL,NULL,NULL,NULL,NULL,NULL,NULL,NULL,NULL,'NOT_CHECKED','2025-09-22 16:23:05',NULL,NULL,NULL,NULL,0,'2025-09-22 16:23:05.282001',NULL,NULL,NULL,NULL,NULL,NULL,NULL,'2025-09-21',false,NULL,0,false,NULL,false,NULL,NULL),
	 ('641716001','1',NULL,'LNAMEFOUR','FNAMEFOUR',NULL,'1 STREET NAME','ANYTOWN',NULL,NULL,NULL,'CH1 2AN',NULL,NULL,NULL,false,NULL,NULL,NULL,NULL,NULL,NULL,NULL,NULL,NULL,NULL,NULL,NULL,NULL,NULL,NULL,NULL,NULL,NULL,'NOT_CHECKED','2025-09-22 16:23:05',NULL,NULL,NULL,NULL,0,'2025-09-22 16:23:05.283607',NULL,NULL,NULL,NULL,NULL,NULL,NULL,'2025-09-21',false,NULL,0,false,NULL,false,NULL,NULL),
	 ('641549001','1',NULL,'LNAMEFIVE','FNAMEFIVE',NULL,'1 STREET NAME','ANYTOWN',NULL,NULL,NULL,'CH1 2AN',NULL,NULL,NULL,false,NULL,NULL,NULL,NULL,NULL,NULL,NULL,NULL,NULL,NULL,NULL,NULL,NULL,NULL,NULL,NULL,NULL,NULL,'NOT_CHECKED','2025-09-22 16:23:05',NULL,NULL,NULL,NULL,0,'2025-09-22 16:23:05.285128',NULL,NULL,NULL,NULL,NULL,NULL,NULL,'2025-09-21',false,NULL,0,false,NULL,false,NULL,NULL),
	 ('641662001','1',NULL,'LNAMESIX','FNAMESIX',NULL,'1 STREET NAME','ANYTOWN',NULL,NULL,NULL,'CH1 2AN',NULL,NULL,NULL,false,NULL,NULL,NULL,NULL,NULL,NULL,NULL,NULL,NULL,NULL,NULL,NULL,NULL,NULL,NULL,NULL,NULL,NULL,'NOT_CHECKED','2025-09-22 16:23:05',NULL,NULL,NULL,NULL,0,'2025-09-22 16:23:05.286404',NULL,NULL,NULL,NULL,NULL,NULL,NULL,'2025-09-21',false,NULL,0,false,NULL,false,NULL,NULL),
	 ('641575001','1',NULL,'LNAMESEVEN','FNAMESEVEN',NULL,'1 STREET NAME','ANYTOWN',NULL,NULL,NULL,'CH1 2AN',NULL,NULL,NULL,false,NULL,NULL,NULL,NULL,NULL,NULL,NULL,NULL,NULL,NULL,NULL,NULL,NULL,NULL,NULL,NULL,NULL,NULL,'NOT_CHECKED','2025-09-22 16:23:05',NULL,NULL,NULL,NULL,0,'2025-09-22 16:23:05.287575',NULL,NULL,NULL,NULL,NULL,NULL,NULL,'2025-09-21',false,NULL,0,false,NULL,false,NULL,NULL),
	 ('641636001','1',NULL,'LNAMEEIGHT','FNAMEEIGHT',NULL,'1 STREET NAME','ANYTOWN',NULL,NULL,NULL,'CH1 2AN',NULL,NULL,NULL,false,NULL,NULL,NULL,NULL,NULL,NULL,NULL,NULL,NULL,NULL,NULL,NULL,NULL,NULL,NULL,NULL,NULL,NULL,'NOT_CHECKED','2025-09-22 16:23:05',NULL,NULL,NULL,NULL,0,'2025-09-22 16:23:05.28926',NULL,NULL,NULL,NULL,NULL,NULL,NULL,'2025-09-21',false,NULL,0,false,NULL,false,NULL,NULL),
	 ('641685001','1',NULL,'LNAMENINE','FNAMENINE',NULL,'1 STREET NAME','ANYTOWN',NULL,NULL,NULL,'CH1 2AN',NULL,NULL,NULL,false,NULL,NULL,NULL,NULL,NULL,NULL,NULL,NULL,NULL,NULL,NULL,NULL,NULL,NULL,NULL,NULL,NULL,NULL,'NOT_CHECKED','2025-09-22 16:23:05',NULL,NULL,NULL,NULL,0,'2025-09-22 16:23:05.290933',NULL,NULL,NULL,NULL,NULL,NULL,NULL,'2025-09-21',false,NULL,0,false,NULL,false,NULL,NULL),
	 ('641712001','1',NULL,'LNAMETEN','FNAMETEN',NULL,'1 STREET NAME','ANYTOWN',NULL,NULL,NULL,'CH1 2AN',NULL,NULL,NULL,false,NULL,NULL,NULL,NULL,NULL,NULL,NULL,NULL,NULL,NULL,NULL,NULL,NULL,NULL,NULL,NULL,NULL,NULL,'NOT_CHECKED','2025-09-22 16:23:05',NULL,NULL,NULL,NULL,0,'2025-09-22 16:23:05.292286',NULL,NULL,NULL,NULL,NULL,NULL,NULL,'2025-09-21',false,NULL,0,false,NULL,false,NULL,NULL);

INSERT INTO juror_mod.pool (pool_no,"owner",return_date,no_requested,pool_type,loc_code,new_request,last_update,additional_summons,attend_time,nil_pool,total_no_required,date_created) VALUES
	 ('415251101','415','2025-09-21',10,'CRO','415','N','2025-09-22 16:23:05',NULL,'2025-11-24 09:00:00',false,10,'2025-09-22 16:22:57.011124');


INSERT INTO juror_mod.juror_pool (juror_number,pool_number,"owner",user_edtq,is_active,status,times_sel,def_date,"location",no_attendances,no_attended,no_fta,no_awol,pool_seq,edit_tag,next_date,on_call,smart_card,was_deferred,deferral_code,id_checked,postpone,paid_cash,scan_code,last_update,reminder_sent,transfer_date,date_created,reassign_date) VALUES
	 ('641662001','415251101','415','MODTESTBUREAU',true,2,NULL,NULL,NULL,NULL,NULL,NULL,NULL,'0006',NULL,'2025-09-22',false,NULL,NULL,NULL,NULL,NULL,NULL,NULL,'2025-09-22 16:23:05.305959',NULL,NULL,'2025-09-22 16:23:05.305959',NULL),
	 ('641575001','415251101','415','MODTESTBUREAU',true,2,NULL,NULL,NULL,NULL,NULL,NULL,NULL,'0007',NULL,'2025-09-22',false,NULL,NULL,NULL,NULL,NULL,NULL,NULL,'2025-09-22 16:23:05.307713',NULL,NULL,'2025-09-22 16:23:05.307713',NULL),
	 ('641636001','415251101','415','MODTESTBUREAU',true,2,NULL,NULL,NULL,NULL,NULL,NULL,NULL,'0008',NULL,'2025-09-22',false,NULL,NULL,NULL,NULL,NULL,NULL,NULL,'2025-09-22 16:23:05.30928',NULL,NULL,'2025-09-22 16:23:05.309278',NULL),
	 ('641549001','415251101','415','MODTESTBUREAU',true,3,1,NULL,'1',NULL,NULL,NULL,NULL,'0005',NULL,'2025-09-23',false,NULL,NULL,NULL,NULL,NULL,NULL,NULL,'2025-09-22 16:27:07.552969',NULL,NULL,'2025-09-22 16:23:05.304823',NULL),
	 ('641618001','415251101','415','MODTESTBUREAU',true,4,1,NULL,'1',NULL,NULL,NULL,NULL,'0002',NULL,'2025-09-23',false,NULL,NULL,NULL,NULL,NULL,NULL,NULL,'2025-09-22 16:27:07.577022',NULL,NULL,'2025-09-22 16:23:05.30129',NULL),
	 ('641674001','415251101','415','MODTESTBUREAU',true,2,1,NULL,'1',NULL,NULL,NULL,NULL,'0001',NULL,'2025-09-23',false,NULL,NULL,NULL,NULL,NULL,NULL,NULL,'2025-09-22 16:27:07.588153',NULL,NULL,'2025-09-22 16:23:05.299147',NULL),
	 ('641684001','415251101','415','MODTESTBUREAU',true,2,1,NULL,'1',NULL,NULL,NULL,NULL,'0003',NULL,'2025-09-23',false,NULL,NULL,NULL,NULL,NULL,NULL,NULL,'2025-09-22 16:27:07.596473',NULL,NULL,'2025-09-22 16:23:05.302525',NULL),
	 ('641716001','415251101','415','MODTESTBUREAU',true,5,1,NULL,'1',NULL,NULL,NULL,NULL,'0004',NULL,'2025-09-23',false,NULL,NULL,NULL,NULL,NULL,NULL,NULL,'2025-09-22 16:27:07.60321',NULL,NULL,'2025-09-22 16:23:05.303581',NULL),
	 ('641685001','415251101','415','MODTESTBUREAU',true,2,NULL,NULL,NULL,NULL,NULL,NULL,NULL,'0009',NULL,'2025-09-22',false,NULL,NULL,NULL,NULL,NULL,NULL,NULL,'2025-09-22 16:23:05.310496',NULL,NULL,'2025-09-22 16:23:05.310496',NULL),
	 ('641712001','415251101','415','MODTESTBUREAU',true,2,NULL,NULL,NULL,NULL,NULL,NULL,NULL,'0010',NULL,'2025-09-22',false,NULL,NULL,NULL,NULL,NULL,NULL,NULL,'2025-09-22 16:23:05.312047',NULL,NULL,'2025-09-22 16:23:05.312046',NULL);

INSERT INTO juror_mod.trial (trial_number,loc_code,description,courtroom,judge,trial_type,trial_start_date,trial_end_date,anonymous,juror_requested,jurors_sent) VALUES
	 ('TRIAL2','415','sfsdf',1,1,'CRI','2025-09-22',NULL,false,NULL,NULL);

INSERT INTO juror_mod.juror_trial (loc_code,juror_number,trial_number,rand_number,date_selected,"result",completed,empanelled_date,return_date) VALUES
	 ('415','641549001','TRIAL2',NULL,'2025-09-22 16:26:30.20504','R',true,'2025-09-22','2025-09-22'),
	 ('415','641618001','TRIAL2',NULL,'2025-09-22 16:26:30.23737','R',true,'2025-09-22','2025-09-22'),
	 ('415','641674001','TRIAL2',NULL,'2025-09-22 16:26:30.256209','R',true,'2025-09-22','2025-09-22'),
	 ('415','641684001','TRIAL2',NULL,'2025-09-22 16:26:30.297384','R',true,'2025-09-22','2025-09-22'),
	 ('415','641716001','TRIAL2',NULL,'2025-09-22 16:26:30.276812','R',true,'2025-09-22','2025-09-22');
